pitcher,pitch_type,n_pitches,tot_xrv,velo,hb,ivb,whiff,zone,cpv_per_100,pitch_cPV_plus,player_name
434378,CH,222,-2.4851321262352832,84.67882882882883,-1.0799999999999998,0.7807657657657658,0.13063063063063063,0.5855855855855856,-1.119428885691569,43.8,Justin Verlander
434378,CU,381,-1.4213082119132958,78.47007874015748,0.628503937007874,-1.0274278215223096,0.09973753280839895,0.6745406824146981,-0.3730467747803926,82.3,Justin Verlander
434378,FF,1182,0.27631731967815204,93.92131979695432,-0.7394500846023688,1.5528680203045686,0.09137055837563451,0.6582064297800339,0.023377099803566163,102.7,Justin Verlander
434378,SI,10,0.021682565658254313,93.27000000000001,-0.993,1.362,0.3,0.7,0.2168256565825431,112.7,Justin Verlander
434378,SL,607,2.3293974672529476,87.12883031301482,0.3377429983525535,0.4599341021416804,0.1828665568369028,0.6803953871499177,0.38375576066770145,121.3,Justin Verlander
434378,ST,206,-0.13604264404681335,80.66796116504854,0.9651456310679611,-0.1266504854368932,0.1262135922330097,0.5970873786407767,-0.06604011846932688,98.1,Justin Verlander
445276,FC,707,5.798096344454697,92.7987270155587,0.19892503536067896,1.5645403111739746,0.14002828854314003,0.71004243281471,0.8200984928507351,143.8,Kenley Jansen
445276,SI,80,-0.9163854610827767,93.20625,-0.65575,1.5707499999999999,0.1625,0.55,-1.145481826353471,42.5,Kenley Jansen
445276,SL,53,0.08208158822227102,83.92641509433963,0.5916981132075472,-0.25849056603773585,0.18867924528301888,0.7924528301886793,0.15487092117409626,109.5,Kenley Jansen
445276,ST,29,0.1647082294186772,82.01724137931035,1.0189655172413794,0.23275862068965517,0.10344827586206896,0.5862068965517241,0.567959411788542,130.8,Kenley Jansen
450203,CH,253,-0.22777326611192006,87.51620553359683,-1.1405138339920948,-0.3063636363636364,0.1422924901185771,0.6126482213438735,-0.0900289589375178,96.9,Charlie Morton
450203,CU,976,-1.4150159206221713,81.44006147540983,1.2800102459016394,-0.7447540983606558,0.1864754098360656,0.6629098360655737,-0.14498113940800936,94.1,Charlie Morton
450203,FC,232,-0.28272586465742816,88.03534482758621,0.0696551724137931,0.4420689655172414,0.10775862068965517,0.6594827586206896,-0.12186459683509833,95.3,Charlie Morton
450203,FF,702,-5.805912389317466,94.21339031339032,-0.9973504273504273,1.036766381766382,0.09259259259259259,0.5740740740740741,-0.82705304691132,58.9,Charlie Morton
450203,SI,385,0.4349469150588798,94.01350649350648,-1.4801298701298702,0.3635584415584416,0.06493506493506493,0.6519480519480519,0.11297322469061813,107.4,Charlie Morton
453286,CH,195,-0.09074056780097371,84.8851282051282,-1.193897435897436,0.3906666666666667,0.08205128205128205,0.49743589743589745,-0.046533624513319854,99.1,Max Scherzer
453286,CU,165,-0.27585199399978416,76.72969696969697,0.9678787878787878,-0.5343636363636364,0.10303030303030303,0.6727272727272727,-0.16718302666653587,92.9,Max Scherzer
453286,FC,24,-0.23654306891255225,88.0125,0.007916666666666667,0.65625,0.041666666666666664,0.5,-0.9855961204689676,50.7,Max Scherzer
453286,FF,674,-0.09533089238881744,93.59807121661721,-0.725593471810089,1.3469584569732937,0.09347181008902077,0.6869436201780416,-0.014144049315848286,100.8,Max Scherzer
453286,SL,332,1.924300099182611,86.36415662650603,0.3095481927710843,0.32545180722891565,0.20180722891566266,0.7259036144578314,0.5796084636092201,131.4,Max Scherzer
455119,FC,230,0.9878782696015382,91.38782608695652,0.23169565217391305,0.6625217391304348,0.12608695652173912,0.7391304347826086,0.42951229113110356,123.7,Chris Martin
455119,FF,189,0.4180188021062722,94.74867724867725,-0.6101587301587301,1.2471957671957672,0.09523809523809523,0.7195767195767195,0.221173969368398,112.9,Chris Martin
455119,FS,115,-0.022435186304936308,88.40086956521739,-0.8671304347826087,0.17617391304347826,0.1565217391304348,0.6086956521739131,-0.019508857656466354,100.5,Chris Martin
455119,SI,92,0.3368269361141883,94.27391304347827,-1.231195652173913,0.9159782608695651,0.13043478260869565,0.7065217391304348,0.3661162349067264,120.4,Chris Martin
455119,ST,12,0.18927999188157704,84.48333333333333,0.945,-0.34833333333333333,0.0,0.75,1.5773332656798085,182.9,Chris Martin
458677,FC,121,-0.12544632632060557,91.36446280991736,-0.2596694214876033,1.0974380165289255,0.08264462809917356,0.6528925619834711,-0.10367464985174014,96.2,Justin Wilson
458677,FF,382,0.9335701374650706,94.46335078534031,0.43602094240837697,1.5759685863874344,0.17015706806282724,0.6596858638743456,0.24439008834164153,114.1,Justin Wilson
458677,FS,41,-0.18104934613768042,85.1390243902439,0.9065853658536586,0.26365853658536587,0.14634146341463414,0.5853658536585366,-0.44158377106751323,78.8,Justin Wilson
458677,SL,272,0.07956903353491054,87.97022058823529,-0.17720588235294119,0.24514705882352944,0.18382352941176472,0.6176470588235294,0.02925332115254064,103.0,Justin Wilson
471911,CH,166,0.3333368193296167,84.87710843373495,-0.6259638554216868,0.10686746987951806,0.1686746987951807,0.5662650602409639,0.20080531284916667,111.9,Carlos Carrasco
471911,CU,78,-0.6183397774983312,77.78717948717949,0.6648717948717948,-0.46589743589743593,0.07692307692307693,0.5,-0.79274330448504,60.7,Carlos Carrasco
471911,FF,162,-1.4282456150162721,91.4753086419753,-0.45080246913580246,0.9994444444444445,0.043209876543209874,0.5925925925925926,-0.8816330956890569,56.1,Carlos Carrasco
471911,SI,177,-0.1486320304498703,90.34293785310734,-1.1458757062146891,0.3951412429378531,0.062146892655367235,0.7005649717514124,-0.08397289855924876,97.2,Carlos Carrasco
471911,SL,194,0.14669251216725493,84.4020618556701,0.20582474226804123,0.3474226804123712,0.14432989690721648,0.6134020618556701,0.07561469699343037,105.4,Carlos Carrasco
471911,ST,2,-0.0552238811754953,77.7,1.125,-0.22499999999999998,0.0,0.0,-2.761194058774765,-40.8,Carlos Carrasco
472610,FF,16,-0.11681889186098927,96.85,-0.536875,1.303125,0.0,0.8125,-0.730118074131183,63.9,Luis García
472610,FS,196,-0.7379374267782721,88.62857142857143,-0.7617857142857143,0.39642857142857146,0.14795918367346939,0.5816326530612245,-0.3764986871317715,82.1,Luis García
472610,SI,369,2.9219552460612896,96.97777777777779,-1.1586720867208673,0.8713550135501356,0.07317073170731707,0.7425474254742548,0.7918577902605121,142.4,Luis García
472610,ST,290,-1.0381522114924389,82.87862068965516,0.9959655172413793,0.26475862068965517,0.15517241379310345,0.5344827586206896,-0.3579835212042893,83.1,Luis García
477132,CS,1,0.0010284823833013497,58.6,-0.76,-1.65,0.0,1.0,0.10284823833013497,106.8,Clayton Kershaw
477132,CU,316,-1.5791047803488143,72.32974683544305,-0.3268354430379747,-1.1964240506329114,0.16772151898734178,0.5506329113924051,-0.49971670264202983,75.8,Clayton Kershaw
477132,FF,612,0.12302180657434737,89.00588235294117,-0.0008660130718954248,1.4616993464052286,0.024509803921568627,0.6111111111111112,0.020101602381429308,102.6,Clayton Kershaw
477132,FS,98,-0.9779211492312304,83.12959183673469,0.7512244897959184,1.0607142857142857,0.17346938775510204,0.45918367346938777,-0.9978787237053371,50.1,Clayton Kershaw
477132,SI,9,0.13524077773800625,89.38888888888889,0.7211111111111111,1.3555555555555554,0.0,0.8888888888888888,1.5026753082000694,179.0,Clayton Kershaw
477132,SL,732,4.414599602439392,85.68893442622951,-0.3717486338797814,0.6644535519125683,0.15027322404371585,0.7008196721311475,0.6030873773824306,132.6,Clayton Kershaw
489446,FF,426,-1.04421422541426,92.74553990610329,-1.1299061032863849,1.1453286384976527,0.18309859154929578,0.7112676056338029,-0.24512071019114082,88.9,Kirby Yates
489446,FS,315,-1.5910382146376736,85.88095238095238,-1.0116507936507937,0.0054603174603174605,0.16507936507936508,0.5174603174603175,-0.5050914967103726,75.5,Kirby Yates
500779,CH,482,-0.9302506481567211,85.59253112033194,1.2243360995850623,0.3136929460580913,0.08713692946058091,0.520746887966805,-0.19299805978355208,91.6,Jose Quintana
500779,CU,298,0.09548326111278446,78.16543624161073,-0.49191275167785237,-0.5207718120805369,0.09060402684563758,0.5771812080536913,0.032041362789524984,103.2,Jose Quintana
500779,FF,255,-1.0961607401630526,90.42588235294117,0.38023529411764706,1.3361176470588234,0.09803921568627451,0.596078431372549,-0.4298669569266873,79.4,Jose Quintana
500779,SI,953,1.051632782166499,90.51689401888773,1.1493074501573977,1.0058551941238196,0.04931794333683106,0.6778593913955928,0.11034971481285404,107.2,Jose Quintana
500779,SV,186,-0.6947091127109595,78.49516129032259,-0.8381720430107528,-0.06801075268817204,0.16666666666666666,0.5806451612903226,-0.3734995229628814,82.3,Jose Quintana
506433,CH,8,-0.21960336162876545,88.0375,-1.145,0.4975,0.125,0.5,-2.745042020359568,-40.0,Yu Darvish
506433,CU,177,-0.4640232914442632,71.08813559322034,0.9767231638418079,-1.1496610169491526,0.15819209039548024,0.6214689265536724,-0.26216005166342554,88.0,Yu Darvish
506433,FC,136,0.49511323351170566,90.72720588235293,-0.12036764705882354,0.8859558823529411,0.08088235294117647,0.6985294117647058,0.36405384817037184,120.3,Yu Darvish
506433,FF,190,0.8243305646583338,93.86999999999999,-0.9017894736842106,1.1937894736842105,0.08947368421052632,0.6631578947368421,0.4338581919254388,123.9,Yu Darvish
506433,FS,121,-1.0737910097970553,86.3396694214876,-0.48760330578512395,0.10785123966942149,0.1487603305785124,0.5371900826446281,-0.8874305866091367,55.8,Yu Darvish
506433,KC,15,-0.05208228435568041,78.61999999999999,0.8426666666666667,-0.9586666666666666,0.0,0.4,-0.3472152290378694,83.6,Yu Darvish
506433,SI,232,-1.1586034409968917,93.3896551724138,-1.3469396551724138,0.5529310344827586,0.06896551724137931,0.6637931034482759,-0.4993980349124533,75.8,Yu Darvish
506433,SL,160,1.8745495538429593,85.845,0.45925000000000005,0.1345,0.09375,0.74375,1.1715934711518496,161.9,Yu Darvish
506433,ST,117,-0.013513160318273355,82.8059829059829,1.1535897435897435,0.23675213675213674,0.1623931623931624,0.6239316239316239,-0.011549709673737911,100.9,Yu Darvish
518585,FF,153,-1.0160185726823492,93.90065359477124,-0.49869281045751634,1.461764705882353,0.0784313725490196,0.6862745098039216,-0.6640644265897707,67.3,Fernando Cruz
518585,FS,479,-3.109344334573837,80.63256784968685,-0.3775365344467641,0.0066179540709812084,0.2860125260960334,0.592901878914405,-0.6491324289298199,68.1,Fernando Cruz
518585,SI,113,-1.9205633584480852,93.04424778761062,-1.1856637168141593,1.1370796460176993,0.035398230088495575,0.5575221238938053,-1.6996135915469783,13.9,Fernando Cruz
518585,SL,47,-0.27762961144873993,82.35106382978724,0.6763829787234042,0.03978723404255319,0.10638297872340426,0.5106382978723404,-0.5907013009547658,71.1,Fernando Cruz
518876,CH,767,0.021513176849240104,88.33911342894395,-1.2624511082138201,0.004406779661016948,0.20208604954367665,0.6401564537157758,0.002804847046837041,101.7,Merrill Kelly
518876,CU,274,0.27040806428251535,81.67299270072994,0.703065693430657,-0.8322627737226277,0.08394160583941605,0.7007299270072993,0.09868907455566253,106.6,Merrill Kelly
518876,FC,571,-1.7753778369823403,90.62416812609457,-0.24127845884413313,0.9903327495621717,0.07705779334500876,0.6795096322241682,-0.31092431470794046,85.5,Merrill Kelly
518876,FF,658,-2.603789847654268,91.85015197568389,-0.7915805471124621,1.2351215805471125,0.10486322188449848,0.6565349544072948,-0.3957127428046,81.1,Merrill Kelly
518876,SI,365,-0.4643455763996043,92.31479452054795,-1.384109589041096,0.5107945205479452,0.03561643835616438,0.6520547945205479,-0.12721796613687789,95.0,Merrill Kelly
518876,SL,198,0.395499944939899,85.79848484848485,0.17232323232323232,0.2833333333333333,0.16161616161616163,0.6060606060606061,0.1997474469393429,111.8,Merrill Kelly
519141,FF,614,3.328624351801099,92.7285016286645,0.09633550488599349,1.421416938110749,0.1254071661237785,0.7133550488599348,0.5421212299350324,129.5,Drew Pomeranz
519141,KC,186,-0.7779531502386696,83.72150537634408,-0.34161290322580645,-0.9082795698924732,0.11290322580645161,0.521505376344086,-0.4182543818487471,80.0,Drew Pomeranz
519151,CH,36,-0.6093769364285452,88.65833333333333,-0.8761111111111111,0.4222222222222222,0.05555555555555555,0.3611111111111111,-1.6927137123015146,14.3,Ryan Pressly
519151,CU,159,0.9429393928796528,81.32515723270441,1.360062893081761,-0.9969182389937107,0.12578616352201258,0.6163522012578616,0.5930436433205364,132.1,Ryan Pressly
519151,FF,239,1.0712669762681908,93.36861924686193,0.015271966527196652,1.3297071129707114,0.04602510460251046,0.7322175732217573,0.4482288603632597,124.6,Ryan Pressly
519151,SI,77,-1.2524648943065275,93.36363636363636,-1.1042857142857143,0.7593506493506493,0.07792207792207792,0.44155844155844154,-1.6265777848136722,17.7,Ryan Pressly
519151,SL,134,0.29204759238079353,88.77537313432836,0.3961194029850746,0.21895522388059702,0.1044776119402985,0.6791044776119403,0.21794596446327877,112.8,Ryan Pressly
519242,CH,154,0.9150935510194611,86.83636363636363,1.3761688311688312,-0.030129870129870128,0.12337662337662338,0.6103896103896104,0.5942165915710786,132.2,Chris Sale
519242,FF,846,1.7665181279768105,94.83463356973996,1.2467375886524823,0.7750709219858156,0.1016548463356974,0.6796690307328606,0.20880828935896106,112.3,Chris Sale
519242,SI,71,0.30024515021591264,93.95070422535211,1.5305633802816903,0.15422535211267605,0.09859154929577464,0.7887323943661971,0.4228804932618488,123.3,Chris Sale
519242,SL,960,3.8113804306873917,79.07375,-0.8791041666666667,-0.24240625000000002,0.19479166666666667,0.6583333333333333,0.3970187948632699,122.0,Chris Sale
527048,CH,260,0.22674737571918624,82.27153846153846,1.2079615384615385,0.7729230769230769,0.15384615384615385,0.573076923076923,0.08721052912276395,106.0,Martín Pérez
527048,CU,75,-0.4354969790013046,76.36266666666667,-0.47159999999999996,-0.27266666666666667,0.04,0.5866666666666667,-0.5806626386684061,71.6,Martín Pérez
527048,FC,255,-1.0386949793925417,85.99254901960784,-0.047254901960784315,0.9227843137254902,0.08627450980392157,0.611764705882353,-0.40733136446766344,80.5,Martín Pérez
527048,FF,32,-0.1856056500915257,89.615625,0.8821875,1.2590625,0.03125,0.59375,-0.5800176565360178,71.6,Martín Pérez
527048,SI,280,-0.5506447799447173,89.5592857142857,1.3199285714285713,0.7985357142857143,0.05,0.65,-0.19665884998025618,91.4,Martín Pérez
542881,CH,795,-7.186025916279562,78.67559748427672,1.0958616352201258,1.0185283018867926,0.20125786163522014,0.6628930817610063,-0.9039026309785613,54.9,Tyler Anderson
542881,CU,6,-0.28971721758448055,69.18333333333334,-0.24833333333333332,-0.79,0.0,0.16666666666666666,-4.8286202930746756,-147.4,Tyler Anderson
542881,FC,480,-3.5388089133482294,84.35270833333334,-0.14175000000000001,1.1132708333333334,0.08541666666666667,0.5645833333333333,-0.7372518569475478,63.5,Tyler Anderson
542881,FF,892,4.306645422378208,89.28778026905829,0.5716367713004484,1.62347533632287,0.07623318385650224,0.67152466367713,0.48280778277782593,126.4,Tyler Anderson
542881,SI,85,0.36211533124440437,88.46117647058823,1.3611764705882354,0.8688235294117647,0.07058823529411765,0.6235294117647059,0.42601803675812283,123.5,Tyler Anderson
542881,SL,81,-0.06662363203810023,80.69506172839506,-0.2514814814814815,0.4944444444444444,0.13580246913580246,0.5432098765432098,-0.08225139757790152,97.3,Tyler Anderson
542888,FC,269,0.6230808718864416,90.83531598513011,0.35520446096654273,0.7984014869888476,0.09665427509293681,0.6914498141263941,0.23162857690945785,113.5,Shawn Armstrong
542888,FF,323,-1.1070993278030088,93.52321981424149,-0.4529411764705883,1.310123839009288,0.17027863777089783,0.6625386996904025,-0.3427552098461328,83.9,Shawn Armstrong
542888,SI,264,-0.3582094776716609,94.10795454545455,-1.2867424242424241,0.906060606060606,0.045454545454545456,0.7083333333333334,-0.13568540820896247,94.5,Shawn Armstrong
542888,ST,261,0.20421780828445396,85.08275862068965,1.0333333333333332,0.825632183908046,0.1417624521072797,0.5900383141762452,0.07824437099021225,105.6,Shawn Armstrong
542888,SV,1,-0.026600641153983265,84.6,0.95,-0.28,0.0,0.0,-2.6600641153983267,-35.6,Shawn Armstrong
543056,CH,1,-0.03158694178725256,79.7,0.83,1.15,0.0,0.0,-3.158694178725256,-61.3,Danny Coulombe
543056,FC,285,0.7092056325920876,85.24631578947368,-0.4389122807017544,0.21403508771929824,0.21754385964912282,0.7403508771929824,0.2488440816112588,114.4,Danny Coulombe
543056,FF,141,-0.513123857471496,90.29290780141844,0.018936170212765956,1.2206382978723405,0.10638297872340426,0.5673758865248227,-0.3639176294124085,82.8,Danny Coulombe
543056,KC,20,-0.12837129154384014,78.5,-0.368,-1.5275,0.1,0.45,-0.6418564577192006,68.5,Danny Coulombe
543056,SI,138,-0.5708113646168906,90.22753623188406,0.8950724637681159,1.1001449275362318,0.036231884057971016,0.5869565217391305,-0.41363142363542804,80.2,Danny Coulombe
543056,ST,134,-0.6480559968379432,80.76716417910447,-0.9805970149253732,-0.40932835820895525,0.12686567164179105,0.6119402985074627,-0.48362387823727104,76.6,Danny Coulombe
543101,FF,114,0.021849070436320662,93.91578947368421,-1.0439473684210527,1.2690350877192982,0.06140350877192982,0.6403508771929824,0.019165851259930405,102.5,Anthony Desclafani
543101,FS,129,-0.938936359604126,83.59922480620155,-0.6986046511627907,0.002403100775193799,0.21705426356589147,0.5503875968992248,-0.7278576431039737,64.0,Anthony Desclafani
543101,KC,136,-0.466411859212503,83.20808823529411,1.2473529411764706,-0.058676470588235295,0.11764705882352941,0.6176470588235294,-0.34294989647978164,83.9,Anthony Desclafani
543101,SI,113,0.2440300095661642,94.05486725663718,-1.3852212389380532,0.8052212389380531,0.05309734513274336,0.7079646017699115,0.2159557606780214,112.7,Anthony Desclafani
543101,SL,140,-0.09051561286570514,88.16642857142857,0.36078571428571427,0.4062857142857143,0.14285714285714285,0.6642857142857143,-0.06465400918978938,98.2,Anthony Desclafani
543101,ST,2,-0.03228369376965422,80.85,2.21,0.12,0.0,0.0,-1.614184688482711,18.3,Anthony Desclafani
543135,CU,379,-1.6299300971485362,75.83482849604222,0.7255408970976254,-0.696490765171504,0.19525065963060687,0.6226912928759895,-0.4300607116486903,79.4,Nathan Eovaldi
543135,FC,385,1.1466625862164979,90.49454545454546,0.03574025974025974,0.9581558441558441,0.0987012987012987,0.7064935064935065,0.2978344379783111,116.9,Nathan Eovaldi
543135,FF,432,1.919486462260719,94.11574074074075,-1.1100462962962963,1.0825925925925926,0.06018518518518518,0.6504629629629629,0.444325569967759,124.4,Nathan Eovaldi
543135,FS,603,1.0513598464223735,87.61094527363184,-1.031558872305141,0.01772802653399668,0.208955223880597,0.6716417910447762,0.17435486673671202,110.5,Nathan Eovaldi
543135,SI,97,0.6491366266325549,93.34226804123712,-1.4680412371134022,0.7956701030927835,0.061855670103092786,0.8144329896907216,0.6692130171469638,136.0,Nathan Eovaldi
543135,SL,23,0.03761905963998598,85.74347826086957,0.4730434782608696,0.3,0.0,0.5217391304347826,0.16356112886950425,110.0,Nathan Eovaldi
543243,CH,229,-1.8005439215695942,86.19475982532751,-1.137467248908297,0.5733187772925764,0.10043668122270742,0.5545851528384279,-0.7862637212094298,61.0,Sonny Gray
543243,CS,2,-0.06855882156685632,74.9,1.1400000000000001,-1.175,0.5,0.5,-3.427941078342816,-75.2,Sonny Gray
543243,CU,498,0.5918669141708738,80.26706827309236,1.059417670682731,-1.1443574297188754,0.13654618473895583,0.6646586345381527,0.11884877794595859,107.7,Sonny Gray
543243,FC,342,1.6359783415476252,87.84649122807018,0.4283625730994152,0.18078947368421053,0.10818713450292397,0.6345029239766082,0.47835624021860385,126.2,Sonny Gray
543243,FF,589,-0.06036210803591889,91.71663837011884,0.12444821731748726,0.8735653650254669,0.0899830220713073,0.6926994906621392,-0.010248235659748538,101.0,Sonny Gray
543243,SI,490,0.6078497147635679,92.35795918367347,-0.8567346938775511,0.7008979591836735,0.0673469387755102,0.7081632653061225,0.12405096219664649,107.9,Sonny Gray
543243,SL,45,0.272504370888339,84.39333333333333,0.418,-0.08222222222222222,0.17777777777777778,0.7111111111111111,0.6055652686407533,132.8,Sonny Gray
543243,ST,523,2.5914627201901443,85.10401529636711,1.2436902485659658,-0.33864244741873806,0.25239005736137665,0.6443594646271511,0.49549956408989376,127.1,Sonny Gray
543294,CH,987,-1.8479204472241182,79.45937183383991,-0.9048429584599798,0.7111752786220871,0.1398176291793313,0.6433637284701115,-0.1872259824948448,91.9,Kyle Hendricks
543294,CU,212,-1.2712548299828679,72.24669811320754,1.3122169811320754,-0.8422169811320755,0.0330188679245283,0.5566037735849056,-0.5996485047089,70.6,Kyle Hendricks
543294,FF,385,-3.6854761543673984,86.50181818181818,-0.48812987012987014,1.1892207792207792,0.08831168831168831,0.6597402597402597,-0.9572665336019217,52.2,Kyle Hendricks
543294,SI,987,-1.2834998436718177,86.1952380952381,-1.1550861195542046,0.6001823708206687,0.047619047619047616,0.7173252279635258,-0.13004051101031588,94.8,Kyle Hendricks
547179,CH,401,-4.418590546185045,83.74413965087282,-1.2765835411471322,0.7360099750623441,0.22194513715710723,0.5960099750623441,-1.1018929042855472,44.7,Michael Lorenzen
547179,CU,261,-2.0683904354842535,82.17088122605364,0.19490421455938697,-1.0186590038314176,0.11877394636015326,0.5747126436781609,-0.7924867568905185,60.7,Michael Lorenzen
547179,FC,251,-0.491500931749402,90.18924302788845,-0.09450199203187251,0.6958565737051793,0.09561752988047809,0.6414342629482072,-0.19581710428263027,91.4,Michael Lorenzen
547179,FF,511,-0.5253171638184437,93.93131115459883,-0.9565362035225049,1.2446183953033267,0.07436399217221135,0.6379647749510763,-0.10280179331085004,96.2,Michael Lorenzen
547179,SI,418,2.104369386189432,92.94688995215311,-1.3838516746411484,0.674401913875598,0.04784688995215311,0.6770334928229665,0.5034376521984287,127.5,Michael Lorenzen
547179,SL,277,0.8495067020850593,85.19097472924189,0.23050541516245487,-0.0043682310469314095,0.1371841155234657,0.6787003610108303,0.306681119886303,117.4,Michael Lorenzen
547179,ST,199,-0.4573403443041066,82.28040201005025,1.0258291457286433,-0.05874371859296482,0.10552763819095477,0.6482412060301508,-0.2298192684945259,89.7,Michael Lorenzen
547184,CH,10,-0.11168111239700633,89.16,-0.9650000000000001,0.449,0.4,0.6,-1.1168111239700633,44.0,Michael Kelly
547184,FF,192,-1.3978401979862167,95.82187499999999,-0.4735416666666667,1.2288541666666666,0.078125,0.5677083333333334,-0.7280417697844879,64.0,Michael Kelly
547184,SI,30,-0.2660290246903836,95.01,-1.2353333333333334,0.7829999999999999,0.03333333333333333,0.5,-0.8867634156346119,55.8,Michael Kelly
547184,SL,94,-0.07963506468446212,90.26595744680851,0.35776595744680856,0.470531914893617,0.10638297872340426,0.5957446808510638,-0.08471815391964055,97.2,Michael Kelly
547184,ST,332,-0.2668346868220842,82.92740963855422,1.3965060240963856,-0.19503012048192772,0.0963855421686747,0.6807228915662651,-0.0803718936211097,97.4,Michael Kelly
547973,FF,365,3.2876097354775036,98.35452054794521,0.28643835616438357,1.5390684931506848,0.1589041095890411,0.7342465753424657,0.900714996021234,148.0,Aroldis Chapman
547973,FS,102,-0.4497202557144397,91.21666666666667,0.427843137254902,0.3323529411764706,0.2549019607843137,0.6274509803921569,-0.4409022114847448,78.8,Aroldis Chapman
547973,SI,311,1.5987599476860082,99.40610932475884,0.9119935691318328,1.4194855305466236,0.21221864951768488,0.6720257234726688,0.51407072272862,128.0,Aroldis Chapman
547973,SL,139,0.5440043818939495,86.66330935251798,-0.8579856115107914,0.3925179856115108,0.2733812949640288,0.7338129496402878,0.39137005891651044,121.7,Aroldis Chapman
552640,FF,81,0.5490861967866637,94.73703703703704,-0.22555555555555554,1.3541975308641976,0.09876543209876543,0.7283950617283951,0.6778841935637823,136.5,Andrew Kittredge
552640,FS,7,-0.05913207733549193,88.47142857142856,-1.1842857142857144,0.5071428571428571,0.14285714285714285,0.2857142857142857,-0.844743961935599,58.0,Andrew Kittredge
552640,SI,274,0.35330680999468844,95.21788321167884,-1.2946350364963504,0.782992700729927,0.05474452554744526,0.6532846715328468,0.12894409123893738,108.2,Andrew Kittredge
552640,SL,406,4.271726454601393,89.20443349753694,0.501551724137931,0.11199507389162561,0.2413793103448276,0.7364532019704434,1.0521493730545304,155.8,Andrew Kittredge
554430,CU,232,-1.5513433842622653,81.14439655172414,1.0431465517241378,-0.8766810344827586,0.22413793103448276,0.49137931034482757,-0.6686824932164936,67.1,Zack Wheeler
554430,FC,206,-0.37981591444047086,91.8480582524272,0.06786407766990292,0.7802427184466019,0.10679611650485436,0.6699029126213593,-0.1843766574953742,92.0,Zack Wheeler
554430,FF,979,5.634348825795503,96.07436159346273,-0.8440040858018386,1.2252400408580184,0.16241062308478038,0.693564862104188,0.5755208197952505,131.2,Zack Wheeler
554430,FS,212,1.087107517752679,87.10235849056605,-1.0985377358490567,0.36009433962264153,0.21226415094339623,0.589622641509434,0.5127865649776787,128.0,Zack Wheeler
554430,SI,409,1.2268481408308312,95.43618581907091,-1.4618581907090464,0.6266259168704157,0.07579462102689487,0.6552567237163814,0.2999628706187851,117.0,Zack Wheeler
554430,ST,356,1.4761369512326978,83.71292134831461,1.1310112359550561,0.22370786516853933,0.19662921348314608,0.6320224719101124,0.4146452110204207,122.9,Zack Wheeler
570632,CH,230,-1.0401481144777462,88.78826086956522,-1.316391304347826,0.714608695652174,0.12608695652173912,0.591304347826087,-0.45223831064249836,78.2,José Ureña
570632,FF,94,-0.920764789131662,96.32659574468086,-1.1573404255319149,0.9975531914893616,0.06382978723404255,0.5957446808510638,-0.9795370097145342,51.0,José Ureña
570632,FS,32,0.061619922548681275,85.0,-0.8975,0.7359375,0.28125,0.53125,0.19256225796462897,111.5,José Ureña
570632,SI,339,0.8096492995111301,96.10737463126844,-1.3385250737463126,0.8174631268436579,0.05604719764011799,0.6843657817109144,0.23883460162570208,113.9,José Ureña
570632,SL,239,-1.1311565023998469,87.56066945606695,-0.05355648535564854,0.657489539748954,0.1087866108786611,0.5815899581589958,-0.4732872394978439,77.1,José Ureña
571510,CH,650,4.1015174499392515,78.69646153846153,1.3112461538461537,0.47392307692307695,0.18,0.6907692307692308,0.6310026846060387,134.1,Matt Boyd
571510,CU,311,-0.21774436419174817,73.52733118971061,-0.9139549839228296,-0.7107395498392283,0.0707395498392283,0.6045016077170418,-0.07001426501342385,97.9,Matt Boyd
571510,FF,1294,3.235165528878701,93.29497681607418,1.1015919629057187,1.0747063369397218,0.08732612055641421,0.7032457496136012,0.2500127920308115,114.4,Matt Boyd
571510,SI,83,0.21600540728878906,91.51807228915662,1.4309638554216868,0.7573493975903615,0.08433734939759036,0.6987951807228916,0.26024747866119163,115.0,Matt Boyd
571510,SL,408,-0.331437886550381,81.95049019607843,-0.20259803921568625,0.022401960784313727,0.1642156862745098,0.5833333333333334,-0.08123477611528945,97.4,Matt Boyd
571578,CH,240,-1.5210648021596698,81.55666666666666,1.03975,0.7361666666666667,0.17083333333333334,0.49166666666666664,-0.6337770008998624,68.9,Patrick Corbin
571578,CU,15,-0.1500929892952039,68.71333333333334,-0.22333333333333333,-0.21,0.13333333333333333,0.6666666666666666,-1.0006199286346928,50.0,Patrick Corbin
571578,FC,648,1.0029744077180198,87.52762345679012,-0.07101851851851852,0.547608024691358,0.12345679012345678,0.7114197530864198,0.15478000119105245,109.5,Patrick Corbin
571578,FF,69,-0.299952597797372,91.15797101449274,0.6915942028985507,1.2715942028985507,0.057971014492753624,0.5507246376811594,-0.43471390985126374,79.1,Patrick Corbin
571578,SI,748,0.40190206557859737,91.56644385026738,1.2634491978609625,0.9214171122994653,0.05481283422459893,0.660427807486631,0.053730222670935475,104.3,Patrick Corbin
571578,SL,868,0.6634304474663403,80.37154377880184,-0.19778801843317972,0.040645161290322585,0.17857142857142858,0.5679723502304147,0.07643207920119127,105.5,Patrick Corbin
571760,CH,361,0.14321093590940673,82.0005540166205,1.417534626038781,0.40828254847645434,0.09695290858725762,0.6011080332409973,0.039670619365486624,103.6,Andrew Heaney
571760,CS,112,-0.5269281123848693,73.46428571428571,-0.8172321428571429,-0.5806250000000001,0.08928571428571429,0.5267857142857143,-0.47047152891506183,77.3,Andrew Heaney
571760,CU,120,0.5686443810571329,76.825,-0.8390833333333333,-0.29591666666666666,0.09166666666666666,0.6583333333333333,0.4738703175476107,126.0,Andrew Heaney
571760,FF,909,2.1811735798713796,90.1020902090209,1.3287788778877887,1.0566336633663367,0.0858085808580858,0.6677667766776678,0.23995308909476126,113.9,Andrew Heaney
571760,SI,234,2.1187934285154904,89.22393162393163,1.545982905982906,0.257051282051282,0.05128205128205128,0.688034188034188,0.9054672771433718,148.2,Andrew Heaney
571760,SL,346,-0.22090086448828136,80.53468208092485,-0.26361271676300574,-0.04367052023121388,0.14739884393063585,0.5924855491329479,-0.06384418048794259,98.2,Andrew Heaney
571927,CH,211,1.059194712118318,83.83791469194313,1.2888151658767772,-0.02933649289099526,0.10900473933649289,0.6398104265402843,0.5019880152219517,127.4,Steven Matz
571927,CU,253,0.3968650886255935,79.49288537549407,-0.9192885375494072,-0.8758498023715415,0.10276679841897234,0.6126482213438735,0.1568636713935152,109.6,Steven Matz
571927,SI,677,5.721096362310451,94.49409158050221,1.2653323485967503,0.93096011816839,0.08124076809453472,0.7267355982274741,0.8450659323944537,145.1,Steven Matz
571927,SL,18,-0.4684971832996791,88.58333333333333,0.028888888888888884,0.48000000000000004,0.1111111111111111,0.5,-2.6027621294426617,-32.6,Steven Matz
571945,CH,285,0.6937494606936241,85.91333333333333,-1.2204912280701754,0.5660000000000001,0.06315789473684211,0.5964912280701754,0.24342086340127161,114.1,Miles Mikolas
571945,CS,6,-0.11665562699963297,69.23333333333333,0.5583333333333333,-1.0766666666666667,0.0,0.3333333333333333,-1.944260449993883,1.3,Miles Mikolas
571945,CU,430,-0.6254475913598616,76.14116279069768,0.7284883720930233,-1.2529767441860464,0.07906976744186046,0.5488372093023256,-0.14545292822322362,94.0,Miles Mikolas
571945,FF,687,0.7761765486087636,92.97481804949054,-0.6967248908296942,1.2441484716157205,0.09606986899563319,0.727802037845706,0.11298057476110096,107.4,Miles Mikolas
571945,SI,421,1.6430038708434251,92.35938242280285,-1.2706175771971495,0.7673159144893112,0.052256532066508314,0.7624703087885986,0.39026220210057605,121.7,Miles Mikolas
571945,SL,580,-0.40474364541548147,87.775,0.21051724137931033,0.589948275862069,0.08793103448275862,0.6413793103448275,-0.06978338714060026,97.9,Miles Mikolas
571945,ST,71,0.2509151980239738,80.71267605633804,1.012394366197183,-0.14309859154929577,0.07042253521126761,0.5492957746478874,0.35340168735770955,119.8,Miles Mikolas
571946,FC,1,0.015936820434533937,91.0,-0.47,1.37,0.0,1.0,1.5936820434533938,183.7,Shelby Miller
571946,FF,435,3.347985464156954,95.16689655172414,-0.9041609195402299,1.487494252873563,0.13333333333333333,0.7103448275862069,0.7696518308406791,141.2,Shelby Miller
571946,FS,203,-1.0205514486515561,86.89113300492612,-1.2449261083743843,0.38600985221674877,0.23645320197044334,0.6009852216748769,-0.5027347037692395,75.6,Shelby Miller
571946,SL,6,0.07960602988921006,91.10000000000001,0.09333333333333334,0.965,0.0,1.0,1.3267671648201675,169.9,Shelby Miller
571946,ST,59,0.01831703924399083,83.45932203389832,1.1803389830508475,0.18491525423728813,0.1016949152542373,0.5932203389830508,0.031045829227103104,103.1,Shelby Miller
571948,CH,201,1.2410490444218363,81.10099502487562,1.3295024875621893,-0.34542288557213935,0.09950248756218906,0.572139303482587,0.6174373355332519,133.4,Hoby Milner
571948,FF,164,-1.2294687985316914,87.92621951219512,1.2660365853658537,0.5475,0.11585365853658537,0.6158536585365854,-0.7496760966656655,62.9,Hoby Milner
571948,SI,386,3.271118743864291,87.5220207253886,1.519274611398964,-0.0499740932642487,0.04404145077720207,0.7409326424870466,0.8474400890840132,145.2,Hoby Milner
571948,ST,406,2.352623558838324,78.1832512315271,-1.2496551724137932,0.010985221674876847,0.054187192118226604,0.6231527093596059,0.5794639307483557,131.4,Hoby Milner
572955,CU,698,3.137715164240182,85.83166189111748,0.614570200573066,-0.3600429799426934,0.12893982808022922,0.6776504297994269,0.4495293931576192,124.7,Pierce Johnson
572955,FC,47,-0.4336793832011688,92.3936170212766,-0.13489361702127659,0.8793617021276595,0.06382978723404255,0.5319148936170213,-0.9227220919173804,54.0,Pierce Johnson
572955,FF,223,-0.6726241489310756,95.25291479820629,-0.9211659192825111,1.300358744394619,0.08520179372197309,0.6053811659192825,-0.301625178892859,86.0,Pierce Johnson
573124,SI,439,-0.6298966442123626,92.7371298405467,1.4218678815489751,0.6710250569476082,0.04100227790432802,0.6332574031890661,-0.14348442920554957,94.1,Taylor Rogers
573124,ST,455,0.20809005686262455,78.19384615384615,-1.3574285714285714,0.03731868131868132,0.16263736263736264,0.6637362637362637,0.045734078431346054,103.9,Taylor Rogers
573186,CU,34,-0.20645444728793166,77.84411764705882,1.231470588235294,-0.5785294117647058,0.14705882352941177,0.6176470588235294,-0.6072189626115637,70.2,Marcus Stroman
573186,FC,118,-0.5581283381100866,88.7957627118644,0.08576271186440679,0.6364406779661016,0.05084745762711865,0.6779661016949152,-0.47299011704244626,77.2,Marcus Stroman
573186,FF,29,-0.40742444427268143,89.50344827586207,-0.3689655172413793,1.1820689655172414,0.10344827586206896,0.4827586206896552,-1.4049118768023499,29.1,Marcus Stroman
573186,FS,75,-0.3704425812232976,82.31866666666666,-1.2101333333333335,0.2902666666666667,0.21333333333333335,0.5866666666666667,-0.49392344163106344,76.1,Marcus Stroman
573186,SI,266,-0.37681758697971685,89.73195488721805,-0.8738721804511278,0.30951127819548874,0.08270676691729323,0.6578947368421053,-0.14166074698485598,94.2,Marcus Stroman
573186,SL,43,0.14974596982564084,84.52790697674418,0.43999999999999995,-0.30302325581395345,0.023255813953488372,0.4418604651162791,0.3482464414549787,119.5,Marcus Stroman
573186,SV,139,-0.15287838536554027,82.10791366906474,1.3795683453237408,-0.10848920863309353,0.07913669064748201,0.5899280575539568,-0.10998444990326638,95.9,Marcus Stroman
573204,CU,231,0.6941393290601763,76.0112554112554,-0.5993506493506493,-1.2524675324675325,0.1341991341991342,0.5930735930735931,0.3004932160433663,117.0,Caleb Thielbar
573204,FF,349,3.5460378864061943,92.85014326647564,0.29212034383954155,1.589083094555874,0.12893982808022922,0.7335243553008596,1.0160567009759869,153.9,Caleb Thielbar
573204,SL,120,0.10551707111720326,88.65,-0.33666666666666667,0.48200000000000004,0.18333333333333332,0.6833333333333333,0.08793089259766938,106.1,Caleb Thielbar
573204,ST,126,0.4894163453158896,80.92301587301587,-1.166825396825397,-0.034126984126984124,0.09523809523809523,0.6190476190476191,0.3884256708856267,121.6,Caleb Thielbar
579328,CH,376,-2.176359886545881,85.58404255319148,1.132473404255319,0.5568351063829787,0.12234042553191489,0.5611702127659575,-0.5788191187622024,71.7,Yusei Kikuchi
579328,CU,476,1.020381146224293,79.91764705882353,-0.5773319327731092,-0.485546218487395,0.11764705882352941,0.6554621848739496,0.2143657870219103,112.6,Yusei Kikuchi
579328,FF,1081,-1.522463408700611,94.82580943570767,0.7872895467160036,1.2825531914893618,0.1026827012025902,0.6281221091581869,-0.14083842818692055,94.3,Yusei Kikuchi
579328,SI,34,-0.20230874566538798,92.89117647058823,1.2394117647058824,0.7638235294117647,0.058823529411764705,0.5,-0.5950257225452588,70.9,Yusei Kikuchi
579328,SL,1121,5.340195870837814,86.99455842997324,-0.23821587867975025,0.3160838537020517,0.12042818911685994,0.6699375557537912,0.4763778653735784,126.1,Yusei Kikuchi
579328,ST,6,0.04959409034533321,80.83333333333333,-1.16,0.22833333333333336,0.3333333333333333,0.6666666666666666,0.8265681724222201,144.2,Yusei Kikuchi
592094,CH,363,-2.5707471274728935,88.16418732782368,-1.3444628099173555,0.2977410468319559,0.1763085399449036,0.6115702479338843,-0.7081948009567199,65.0,Jason Adam
592094,FC,3,0.05101474178385612,85.93333333333334,0.14666666666666667,0.4466666666666666,0.3333333333333333,1.0,1.7004913927952041,189.2,Jason Adam
592094,FF,247,0.3165203025984198,94.59311740890688,-0.6738866396761133,1.5587449392712551,0.10121457489878542,0.6032388663967612,0.12814587149733594,108.1,Jason Adam
592094,SL,382,-0.022694204260060594,83.94842931937173,0.11958115183246074,-0.1543455497382199,0.19633507853403143,0.7068062827225131,-0.00594089116755513,101.2,Jason Adam
592094,ST,92,-1.671639703704894,77.5163043478261,1.2747826086956522,-0.2980434782608696,0.11956521739130435,0.5434782608695652,-1.816999677940102,7.9,Jason Adam
592155,CH,15,-0.058916820875066,87.52666666666667,1.2533333333333334,0.3526666666666667,0.26666666666666666,0.4,-0.3927788058337734,81.3,Cam Booser
592155,FC,112,-0.7197598914390649,87.26964285714287,-0.27598214285714284,0.0667857142857143,0.125,0.6160714285714286,-0.6426427602134508,68.4,Cam Booser
592155,FF,262,-0.22974206205253478,95.51717557251908,0.6083206106870229,1.3429007633587786,0.11450381679389313,0.6450381679389313,-0.08768780994371557,97.0,Cam Booser
592155,ST,182,1.268822364779067,81.11098901098902,-1.0906043956043956,-0.3424175824175824,0.1813186813186813,0.6318681318681318,0.6971551454830038,137.5,Cam Booser
592332,FF,1627,8.671704269960292,94.45832821143209,-0.924898586355255,1.401339889366933,0.09035033804548248,0.762138905961893,0.5329873552526301,129.0,Kevin Gausman
592332,FS,1134,0.6157654349619798,84.86966490299824,-1.2940652557319223,0.3724074074074074,0.2037037037037037,0.5881834215167548,0.054300302906700154,104.3,Kevin Gausman
592332,SI,2,-0.004271665351381286,93.65,-1.545,1.5099999999999998,0.0,0.5,-0.21358326756906432,90.5,Kevin Gausman
592332,SL,267,-1.5604021481070105,83.21123595505618,0.14265917602996256,0.16157303370786516,0.13108614232209737,0.50187265917603,-0.5844202801898916,71.4,Kevin Gausman
592426,CH,1,0.018713414065351586,86.7,-1.13,0.19,0.0,0.0,1.8713414065351586,198.0,Luke Jackson
592426,CU,126,0.537892780746822,84.05634920634921,0.3418253968253968,-1.0204761904761905,0.1111111111111111,0.6031746031746031,0.4268990323387476,123.5,Luke Jackson
592426,FC,6,-0.05577610328065331,90.48333333333333,0.09999999999999999,0.85,0.16666666666666666,0.6666666666666666,-0.9296017213442217,53.6,Luke Jackson
592426,FF,264,-1.1263592150981683,94.15795454545454,-0.510530303030303,1.5337500000000002,0.06060606060606061,0.6098484848484849,-0.42665121784021526,79.5,Luke Jackson
592426,SI,3,0.07447244066446654,93.86666666666667,-0.9233333333333333,1.06,0.3333333333333333,1.0,2.482414688815551,229.5,Luke Jackson
592426,SL,382,0.7713219838034543,87.22408376963351,-0.011649214659685865,-0.44044502617801046,0.13350785340314136,0.6413612565445026,0.20191674968676812,112.0,Luke Jackson
592454,CH,886,-1.307953207515724,86.68273137697517,-0.9804176072234763,0.09193002257336344,0.11851015801354402,0.6252821670428894,-0.1476245155209621,93.9,Tommy Kahnle
592454,FF,145,-2.0724729086028932,93.51379310344828,-0.5427586206896552,1.3858620689655172,0.06206896551724138,0.5379310344827586,-1.4292916611054436,27.9,Tommy Kahnle
592454,SL,4,-0.11056341197572146,86.35,0.3775,0.4075,0.0,0.0,-2.7640852993930367,-41.0,Tommy Kahnle
592662,CH,399,-3.6504971804956994,84.84786967418547,0.9539348370927319,0.9768421052631578,0.17293233082706766,0.5463659147869674,-0.9149115740590725,54.4,Robbie Ray
592662,FF,1593,6.419624592360537,93.58141870684244,0.6874639045825487,1.5136660389202763,0.12178279974890144,0.6842435655994978,0.4029896165951373,122.3,Robbie Ray
592662,KC,370,-2.898545148404139,81.1981081081081,-0.132,-0.44829729729729734,0.13243243243243244,0.5567567567567567,-0.7833905806497673,61.2,Robbie Ray
592662,SI,2,-0.0981993608268419,94.0,0.7150000000000001,1.4100000000000001,0.0,0.0,-4.909968041342095,-151.6,Robbie Ray
592662,SL,693,-4.520705057482497,87.9093795093795,0.040562770562770564,0.7649494949494949,0.15584415584415584,0.6291486291486291,-0.6523383921331165,67.9,Robbie Ray
592662,ST,12,-0.14802558638623578,80.0,-0.8450000000000001,-0.37833333333333335,0.08333333333333333,0.4166666666666667,-1.2335465532186314,37.9,Robbie Ray
592773,FF,607,2.0905775836752576,98.5500823723229,-0.7202800658978583,1.5279242174629326,0.14332784184514002,0.700164744645799,0.3444114635379337,119.3,Ryne Stanek
592773,FS,127,-1.4875210504419238,89.3251968503937,-0.8914173228346456,0.45566929133858264,0.11023622047244094,0.4645669291338583,-1.1712764176708061,41.2,Ryne Stanek
592773,SL,231,-1.836735998638062,88.77099567099566,0.2545021645021645,0.025714285714285714,0.19913419913419914,0.5800865800865801,-0.7951238089342261,60.6,Ryne Stanek
592773,ST,98,-0.1766087092621793,84.44285714285714,0.8541836734693877,0.06724489795918367,0.08163265306122448,0.6428571428571429,-0.18021296863487685,92.3,Ryne Stanek
592779,CH,66,-0.12179848134687693,90.63181818181818,-1.1915151515151514,0.17636363636363636,0.13636363636363635,0.45454545454545453,-0.18454315355587414,92.0,Brock Stewart
592779,FC,58,-0.28177338976563215,93.17241379310344,0.2220689655172414,0.6553448275862068,0.05172413793103448,0.5862068965517241,-0.48581618925108994,76.5,Brock Stewart
592779,FF,332,2.4022160485708057,96.18614457831325,-0.46566265060240963,1.1878915662650602,0.1927710843373494,0.7469879518072289,0.7235590507743391,138.8,Brock Stewart
592779,SI,67,-0.46701580737508486,96.2358208955224,-1.1828358208955223,0.4122388059701493,0.11940298507462686,0.6865671641791045,-0.6970385184702759,65.6,Brock Stewart
592779,ST,87,-0.4560142395057686,84.73333333333333,1.3089655172413792,0.22344827586206897,0.14942528735632185,0.47126436781609193,-0.5241542982824926,74.5,Brock Stewart
592791,CH,221,-0.8653838035399511,84.03212669683258,-1.2934841628959277,0.6512669683257919,0.20361990950226244,0.669683257918552,-0.3915763816922856,81.4,Jameson Taillon
592791,CU,263,-0.061085467151950935,79.65437262357413,0.7703041825095057,-0.7890494296577947,0.060836501901140684,0.6273764258555133,-0.023226413365760812,100.3,Jameson Taillon
592791,FC,289,2.733280782187781,85.76608996539792,0.5365051903114187,0.6781314878892734,0.06920415224913495,0.7058823529411765,0.9457718969507892,150.3,Jameson Taillon
592791,FF,753,4.825638817276217,92.25683930942894,-0.6141301460823373,1.5207702523240374,0.08366533864541832,0.6826029216467463,0.6408550886156995,134.6,Jameson Taillon
592791,SI,145,-0.4396056582376793,92.3103448275862,-1.0713103448275862,1.1917931034482758,0.034482758620689655,0.7034482758620689,-0.3031763160259857,85.9,Jameson Taillon
592791,ST,308,0.9062784698335847,80.18571428571428,1.3175000000000001,-0.07016233766233766,0.16233766233766234,0.6525974025974026,0.29424625643947555,116.7,Jameson Taillon
592836,CU,133,-0.8382727403523862,74.92330827067669,0.5641353383458647,-0.8613533834586466,0.08270676691729323,0.5864661654135338,-0.6302802559040498,69.0,Taijuan Walker
592836,FC,621,0.2512249673353217,87.10917874396135,0.25357487922705313,1.058196457326892,0.08856682769726248,0.679549114331723,0.040454906173159694,103.6,Taijuan Walker
592836,FF,196,-0.605943331619234,92.21632653061225,-0.7598979591836734,1.4307142857142858,0.07142857142857142,0.6377551020408163,-0.30915476103022144,85.6,Taijuan Walker
592836,FS,463,-2.3910615732261613,87.35140388768897,-1.0363714902807777,0.325658747300216,0.09935205183585313,0.5485961123110151,-0.5164279855780046,74.9,Taijuan Walker
592836,SI,416,-1.5669022890129927,92.01057692307693,-1.2254807692307692,1.0414663461538463,0.04567307692307692,0.65625,-0.3766592040896617,82.1,Taijuan Walker
592836,SL,232,-0.7335971580117996,83.57370689655171,0.5646982758620689,0.45068965517241383,0.11637931034482758,0.5862068965517241,-0.3162056715568102,85.2,Taijuan Walker
592866,CH,186,-0.13188722915984324,81.31559139784946,-1.1374731182795699,0.030645161290322583,0.13440860215053763,0.3709677419354839,-0.07090711245152863,97.9,Trevor Williams
592866,FF,613,1.3272808728159056,87.74306688417619,-0.18414355628058726,0.8435889070146819,0.08482871125611746,0.765089722675367,0.21652216522282308,112.7,Trevor Williams
592866,SI,124,-0.2260510324164152,86.66290322580646,-1.1367741935483873,0.38725806451612904,0.06451612903225806,0.5887096774193549,-0.18229921969065743,92.1,Trevor Williams
592866,SL,127,0.22924661255986375,80.73149606299212,0.49275590551181103,0.33228346456692914,0.0,0.5748031496062992,0.18050914374792423,110.8,Trevor Williams
592866,ST,398,1.5025390762625261,76.80904522613065,0.8701758793969849,0.609824120603015,0.12311557788944724,0.5979899497487438,0.37752238097048396,121.0,Trevor Williams
593423,FC,72,-0.37632579521231047,91.40138888888889,0.0961111111111111,0.6679166666666667,0.125,0.6805555555555556,-0.5226747155726534,74.6,Frankie Montas
593423,FF,178,-0.13426915957548377,95.61573033707865,-0.4111797752808989,1.317865168539326,0.15730337078651685,0.7191011235955056,-0.0754321121210583,97.7,Frankie Montas
593423,FS,146,-1.1728982615710895,86.25890410958904,-0.9991095890410959,0.2682191780821918,0.1643835616438356,0.5273972602739726,-0.8033549736788284,60.1,Frankie Montas
593423,SI,124,-0.23268463182697097,95.1008064516129,-1.2393548387096776,0.8354838709677419,0.04838709677419355,0.7096774193548387,-0.187648896634654,91.9,Frankie Montas
593423,SL,99,-0.1888951011592251,86.93333333333332,0.45595959595959595,0.15,0.10101010101010101,0.5252525252525253,-0.19080313248406575,91.7,Frankie Montas
593423,ST,89,0.1732305367213155,84.70786516853933,0.8614606741573034,0.6967415730337079,0.056179775280898875,0.651685393258427,0.1946410524958601,111.6,Frankie Montas
593576,CH,31,-0.30235271423699583,88.65806451612903,-1.2029032258064516,0.12838709677419355,0.0967741935483871,0.3225806451612903,-0.9753313362483738,51.3,Héctor Neris
593576,FF,221,-0.05278147788732436,92.36515837104072,-0.6923529411764705,1.4794117647058822,0.09954751131221719,0.5972850678733032,-0.02388302166847256,100.3,Héctor Neris
593576,FS,236,-0.9847441357614214,83.0478813559322,-0.8486016949152543,-0.0886864406779661,0.18220338983050846,0.614406779661017,-0.41726446430568703,80.0,Héctor Neris
593576,SI,44,-0.24133560154466138,92.64772727272727,-1.2213636363636364,0.9706818181818182,0.09090909090909091,0.75,-0.5484900035105941,73.3,Héctor Neris
593576,SL,16,0.05884054207759465,86.3125,0.131875,0.440625,0.0625,0.6875,0.36775338798496654,120.5,Héctor Neris
593958,CH,531,-0.4316818089099806,85.93578154425613,1.327532956685499,0.5075894538606402,0.14500941619585686,0.5668549905838042,-0.08129600921091913,97.4,Eduardo Rodríguez
593958,CU,121,0.5070764921458923,79.42231404958677,-0.44314049586776855,-0.5568595041322314,0.09917355371900827,0.6363636363636364,0.41907148111230774,123.1,Eduardo Rodríguez
593958,FC,403,-0.22531216014949226,89.23523573200993,-0.08687344913151364,0.7869478908188585,0.10669975186104218,0.6650124069478908,-0.05590872460285168,98.7,Eduardo Rodríguez
593958,FF,1207,-1.8836201050997559,92.02642916321457,0.4629743164871583,1.2433057166528585,0.10273405136702568,0.6578293289146645,-0.15605800373651665,93.5,Eduardo Rodríguez
593958,SI,227,-1.7224461747140505,91.46255506607929,1.006079295154185,1.0231277533039647,0.06607929515418502,0.5947136563876652,-0.7587868611075113,62.4,Eduardo Rodríguez
593958,SL,99,-0.06234874872553754,84.62323232323233,-0.33434343434343433,0.2822222222222222,0.10101010101010101,0.494949494949495,-0.06297853406619953,98.3,Eduardo Rodríguez
593974,CH,393,-0.28173958004211436,88.9117048346056,1.3421374045801528,0.4208396946564885,0.20865139949109415,0.628498727735369,-0.07168946057051256,97.8,Wandy Peralta
593974,FF,38,-0.05407269310210798,95.32631578947368,0.7736842105263158,1.1797368421052632,0.10526315789473684,0.6052631578947368,-0.14229656079502098,94.2,Wandy Peralta
593974,SI,518,-1.9369515943600226,95.36196911196912,1.3126061776061775,0.777027027027027,0.07528957528957529,0.638996138996139,-0.37392887922008156,82.3,Wandy Peralta
593974,SL,189,0.4310232865742758,87.92380952380951,-0.12317460317460319,0.4345502645502645,0.18518518518518517,0.6190476190476191,0.2280546489810983,113.3,Wandy Peralta
594798,CH,295,-2.982347181312989,89.83457627118645,-1.1576949152542373,0.17227118644067796,0.1864406779661017,0.5050847457627119,-1.0109651462077929,49.4,Jacob Degrom
594798,CU,133,0.3995829252189225,80.89172932330827,0.8741353383458647,-0.4390225563909774,0.14285714285714285,0.6992481203007519,0.3004382896382876,117.0,Jacob Degrom
594798,FF,1203,11.277477226817552,97.49991687448046,-0.7420532003325021,1.3746051537822113,0.12219451371571072,0.7315045719035744,0.9374461535176685,149.9,Jacob Degrom
594798,SL,983,5.403545207020809,90.37202441505595,0.3973346897253306,0.19760935910478128,0.19023397761953204,0.6225839267548321,0.5496994106837039,129.9,Jacob Degrom
594902,CH,56,-0.1635523969788602,84.77499999999999,-1.2426785714285715,0.73375,0.03571428571428571,0.48214285714285715,-0.29205785174796467,86.5,Ben Lively
594902,CU,51,-0.17301754388892265,77.27450980392157,0.614313725490196,-0.36941176470588233,0.0784313725490196,0.6274509803921569,-0.3392500860567111,84.1,Ben Lively
594902,FC,58,-0.5524359661049861,84.38448275862069,-0.19758620689655174,1.061551724137931,0.06896551724137931,0.5517241379310345,-0.9524758036292864,52.4,Ben Lively
594902,FF,238,-0.5193000802333033,89.83823529411765,-0.7710504201680672,1.3807563025210083,0.09243697478991597,0.6722689075630253,-0.21819331102239636,90.3,Ben Lively
594902,SI,175,-1.082594295440006,90.4497142857143,-1.1949142857142858,1.0773714285714284,0.06857142857142857,0.6971428571428572,-0.6186253116800035,69.6,Ben Lively
594902,SL,63,-0.09753646256302978,82.73809523809524,0.40904761904761905,0.38555555555555554,0.07936507936507936,0.6031746031746031,-0.154819781846079,93.6,Ben Lively
594902,ST,78,-0.2917268316517636,78.50641025641026,0.8407692307692307,0.2182051282051282,0.07692307692307693,0.6282051282051282,-0.37400875852790205,82.3,Ben Lively
595014,FC,57,-0.4371821638761263,91.6,0.11964912280701755,0.7064912280701755,0.12280701754385964,0.6666666666666666,-0.7669862524142567,62.0,Blake Treinen
595014,FF,58,-0.9135732991888836,95.21551724137932,-0.7817241379310346,1.1620689655172414,0.13793103448275862,0.5,-1.5751263779118685,20.3,Blake Treinen
595014,SI,147,0.685577407227337,95.86938775510204,-1.4354421768707482,0.446530612244898,0.027210884353741496,0.6802721088435374,0.46637918859002514,125.6,Blake Treinen
595014,ST,233,0.13368393514518584,84.38454935622318,1.202403433476395,-0.10133047210300429,0.16738197424892703,0.6523605150214592,0.057375079461453156,104.5,Blake Treinen
595345,CH,1,-0.03660711103167333,85.9,0.22,0.81,0.0,0.0,-3.660711103167333,-87.2,Steven Okert
595345,FC,7,-0.11459543148134158,91.22857142857143,0.11714285714285713,1.1385714285714286,0.0,0.2857142857142857,-1.637077592590594,17.1,Steven Okert
595345,FF,435,-0.7284594144487118,91.98919540229886,0.6748735632183908,1.368,0.10114942528735632,0.6482758620689655,-0.1674619343560257,92.9,Steven Okert
595345,SL,608,0.9414517681112655,80.86348684210526,-0.6821546052631579,0.5977631578947369,0.21875,0.6776315789473685,0.15484404080777392,109.5,Steven Okert
595928,CH,37,-0.4640933123489449,87.66486486486487,-0.9083783783783783,0.49540540540540534,0.10810810810810811,0.2702702702702703,-1.254306249591743,36.9,John Curtiss
595928,FC,168,0.45351630669330373,90.49404761904762,0.2125595238095238,0.6717261904761904,0.09523809523809523,0.6607142857142857,0.26995018255553793,115.5,John Curtiss
595928,FF,291,1.4198645853534728,94.32886597938145,-0.6174914089347079,1.4569759450171822,0.12371134020618557,0.7044673539518901,0.48792597434827245,126.7,John Curtiss
595928,SL,49,0.34769896207634693,85.43469387755103,0.34183673469387754,0.08530612244897959,0.04081632653061224,0.5918367346938775,0.709589718523157,138.1,John Curtiss
596001,CH,205,0.501895426784391,86.3458536585366,-0.980439024390244,0.17482926829268294,0.12682926829268293,0.6341463414634146,0.2448270374558005,114.2,Jakob Junis
596001,FF,91,-0.5537341326987908,91.16813186813187,-0.4107692307692308,1.0885714285714285,0.054945054945054944,0.6263736263736264,-0.608499046921748,70.2,Jakob Junis
596001,SI,277,0.7345607887457457,91.0624548736462,-1.23985559566787,0.48281588447653434,0.04693140794223827,0.703971119133574,0.2651844002692223,115.2,Jakob Junis
596001,ST,459,1.4413841787078545,83.0050108932462,1.0295642701525054,0.2286492374727669,0.13071895424836602,0.6296296296296297,0.31402705418471777,117.7,Jakob Junis
596133,CH,313,-1.7891758108676636,88.1185303514377,-1.1977635782747602,0.6172843450479234,0.23961661341853036,0.6166134185303515,-0.57162166481395,72.1,Luke Weaver
596133,FC,99,-0.1200681029109825,91.54949494949494,0.06252525252525253,1.125050505050505,0.13131313131313133,0.5757575757575758,-0.12128091203129546,95.3,Luke Weaver
596133,FF,621,2.0605427806143126,95.11449275362318,-0.5689210950080515,1.5821578099838969,0.13043478260869565,0.6892109500805152,0.3318104316609199,118.6,Luke Weaver
596133,SL,16,-0.1704563489833318,86.93125,0.280625,1.008125,0.125,0.625,-1.0653521811458238,46.6,Luke Weaver
596295,CH,164,1.0381501197711507,80.96463414634147,0.7754878048780487,0.9003658536585366,0.13414634146341464,0.725609756097561,0.6330183657141162,134.2,Austin Gomber
596295,FC,46,-0.45212684858292745,85.9695652173913,-0.3243478260869565,0.7169565217391304,0.13043478260869565,0.6521739130434783,-0.9828844534411466,50.9,Austin Gomber
596295,FF,340,0.06807172389390212,89.44617647058824,0.5641176470588236,1.3621176470588234,0.03823529411764706,0.6705882352941176,0.020021095262912385,102.6,Austin Gomber
596295,FS,45,-0.14203682513234742,81.00444444444445,0.11155555555555556,0.16955555555555554,0.15555555555555556,0.6666666666666666,-0.3156373891829942,85.3,Austin Gomber
596295,KC,248,0.6210160429229368,76.03064516129032,-0.5486290322580645,-0.8671370967741936,0.07258064516129033,0.6895161290322581,0.25040969472699065,114.5,Austin Gomber
596295,SI,3,-0.022930282298399975,89.93333333333334,0.5666666666666667,1.17,0.0,0.3333333333333333,-0.7643427432799992,62.1,Austin Gomber
596295,SL,153,-0.49315469627112046,82.42614379084968,-0.3862745098039216,0.2762091503267974,0.0784313725490196,0.5294117647058824,-0.32232333089615717,84.9,Austin Gomber
601713,CU,638,1.0863174476698545,78.97758620689655,0.5874764890282131,-1.3935109717868337,0.06739811912225706,0.6489028213166145,0.1702691924247421,110.3,Nick Pivetta
601713,FC,250,0.9886947497702065,90.3396,0.35772000000000004,0.92988,0.056,0.64,0.3954778999080826,121.9,Nick Pivetta
601713,FF,1350,7.75195893726919,93.79637037037037,-0.22978518518518518,1.649451851851852,0.12666666666666668,0.6837037037037037,0.5742191805384586,131.1,Nick Pivetta
601713,FS,5,-0.06307440616585969,87.32000000000001,-1.024,1.092,0.0,0.2,-1.2614881233171937,36.5,Nick Pivetta
601713,SI,65,-0.5931548536964883,93.32307692307693,-0.8381538461538461,1.4026153846153846,0.03076923076923077,0.5692307692307692,-0.9125459287638282,54.5,Nick Pivetta
601713,SL,14,-0.07399328485168376,86.93571428571428,0.4478571428571429,0.27928571428571425,0.07142857142857142,0.5,-0.5285234632263125,74.3,Nick Pivetta
601713,ST,529,0.8860977240390866,81.91266540642722,1.0976370510396976,0.2624574669187146,0.19281663516068054,0.6313799621928167,0.16750429565956268,110.2,Nick Pivetta
605130,CH,1,-0.2014447051272294,86.1,-0.88,0.67,0.0,0.0,-20.14447051272294,-936.9,Scott Barlow
605130,CU,209,-1.5233288864711079,78.42057416267943,1.3873684210526316,-0.6828708133971292,0.13875598086124402,0.5311004784688995,-0.7288654959191904,64.0,Scott Barlow
605130,FF,271,-1.8996815423681515,92.27453874538746,-0.29822878228782285,1.028450184501845,0.09225092250922509,0.6346863468634686,-0.7009894990288381,65.4,Scott Barlow
605130,SI,187,-0.7290012139641875,92.51069518716578,-1.0731550802139038,0.767379679144385,0.058823529411764705,0.6363636363636364,-0.38984022137122326,81.4,Scott Barlow
605130,SL,242,0.020152552792544617,84.25661157024793,0.6314462809917355,0.0984297520661157,0.1487603305785124,0.5826446280991735,0.008327501153944056,102.0,Scott Barlow
605130,ST,362,-1.9770335829052499,81.53011049723757,1.1037845303867404,0.5538674033149171,0.1685082872928177,0.6215469613259669,-0.546141873730732,73.4,Scott Barlow
605135,CH,104,-0.5998810673364644,84.4701923076923,-1.2968269230769232,0.21298076923076922,0.07692307692307693,0.5480769230769231,-0.5768087185927542,71.8,Chris Bassitt
605135,CU,458,-0.9804242693419946,71.28733624454148,1.3993013100436682,-0.9574017467248909,0.14192139737991266,0.6091703056768559,-0.21406643435414727,90.5,Chris Bassitt
605135,FC,476,-5.083951840395419,88.54747899159663,0.06762605042016806,0.7067857142857144,0.14285714285714285,0.5798319327731093,-1.0680571093267688,46.5,Chris Bassitt
605135,FF,264,-3.0730782842175484,91.47348484848484,-0.4368181818181818,0.9325757575757575,0.10984848484848485,0.5795454545454546,-1.164044804627859,41.5,Chris Bassitt
605135,FS,101,-0.7507784313491217,83.38910891089108,-1.2224752475247525,-0.0706930693069307,0.07920792079207921,0.4752475247524752,-0.7433449815337839,63.2,Chris Bassitt
605135,SI,1179,1.6006915651090512,91.5657336726039,-1.3493469041560646,0.3843935538592027,0.06785411365564037,0.7107718405428329,0.13576688423316804,108.5,Chris Bassitt
605135,SL,83,-0.41752311243061785,83.60843373493977,0.48939759036144576,0.035060240963855425,0.060240963855421686,0.4939759036144578,-0.5030398944947203,75.6,Chris Bassitt
605135,ST,164,0.40121690408434973,72.56524390243902,1.6021951219512194,-0.06554878048780488,0.27439024390243905,0.6890243902439024,0.24464445370996935,114.2,Chris Bassitt
605154,CH,31,-0.13968632322645552,86.40322580645162,-1.3790322580645162,0.6529032258064515,0.0,0.3548387096774194,-0.45060104266598555,78.3,John Brebbia
605154,CU,4,-0.020061193043199723,73.875,0.6925,-0.6225,0.0,0.5,-0.5015298260799931,75.7,John Brebbia
605154,FF,225,0.06335841373888718,92.55688888888889,-0.8988444444444444,1.4402222222222223,0.08,0.6844444444444444,0.028159294995060966,103.0,John Brebbia
605154,SL,199,0.29526789197009684,83.98291457286432,0.5691959798994974,0.35185929648241204,0.12562814070351758,0.6582914572864321,0.1483758251106014,109.2,John Brebbia
605177,CH,4,-0.0035451255528764353,84.35,0.89,1.1525,0.25,0.5,-0.08862813882191088,97.0,Andrew Chafin
605177,FF,123,0.2627118606535644,89.54715447154472,0.6931707317073171,1.3754471544715448,0.04878048780487805,0.6991869918699187,0.21358687858013364,112.6,Andrew Chafin
605177,SI,250,-1.294846288680563,89.718,1.21728,1.04268,0.084,0.636,-0.5179385154722251,74.8,Andrew Chafin
605177,SL,237,-1.3718445045978995,80.49240506329114,-0.07215189873417722,-0.17088607594936708,0.2109704641350211,0.5654008438818565,-0.5788373437121939,71.7,Andrew Chafin
605280,CH,434,-0.0540704104478387,88.10622119815667,-1.010299539170507,0.02783410138248848,0.16129032258064516,0.5668202764976958,-0.012458619918856844,100.9,Clay Holmes
605280,FC,231,-3.596574746104183,89.79480519480519,0.08623376623376625,0.4274025974025974,0.06060606060606061,0.5411255411255411,-1.5569587645472651,21.3,Clay Holmes
605280,FF,149,-0.9521976598935721,93.2234899328859,-0.5563758389261745,1.141744966442953,0.09395973154362416,0.610738255033557,-0.6390588321433369,68.6,Clay Holmes
605280,SI,1129,-0.3837882602570254,93.73817537643932,-1.2460053144375554,0.24279007971656336,0.07351638618246235,0.6811337466784765,-0.03399364572692873,99.8,Clay Holmes
605280,SL,295,0.19313699057112474,85.32474576271186,0.1643728813559322,-0.3459322033898305,0.14915254237288136,0.6677966101694915,0.06547016629529652,104.9,Clay Holmes
605280,ST,526,-1.2726471672460837,81.93802281368822,1.394619771863118,-0.508916349809886,0.09315589353612168,0.5855513307984791,-0.24194813065514903,89.1,Clay Holmes
605288,CH,289,-1.3467626591005832,85.84602076124567,-1.310311418685121,0.3805882352941176,0.18339100346020762,0.5709342560553633,-0.46600784051923294,77.5,Adrian Houser
605288,CU,221,-2.1807426469387745,81.69411764705883,0.6018099547511312,-1.0050226244343892,0.09954751131221719,0.5520361990950227,-0.9867613787053278,50.7,Adrian Houser
605288,FF,222,-0.5834191585134717,95.2518018018018,-0.8903603603603604,1.2486936936936937,0.08108108108108109,0.6306306306306306,-0.26280142275381607,88.0,Adrian Houser
605288,SI,868,6.153592167736298,94.42050691244239,-1.4253225806451613,0.5842857142857143,0.05414746543778802,0.7188940092165899,0.7089391898313707,138.1,Adrian Houser
605288,SL,292,0.43932707164830326,88.11746575342465,0.2116095890410959,0.37417808219178084,0.10273972602739725,0.6301369863013698,0.15045447659188468,109.3,Adrian Houser
605400,CH,242,0.8883966749435673,84.88305785123967,-1.2650826446280992,0.25702479338842976,0.15702479338842976,0.5909090909090909,0.3671060640262675,120.5,Aaron Nola
605400,FC,115,-0.729878446087858,86.22782608695653,-0.060695652173913046,0.7130434782608696,0.14782608695652175,0.6521739130434783,-0.6346769096416157,68.8,Aaron Nola
605400,FF,475,0.9812919170253461,91.85263157894737,-1.0702526315789473,1.2333894736842106,0.05894736842105263,0.6505263157894737,0.206587772005336,112.2,Aaron Nola
605400,KC,457,1.4085062828815345,78.19912472647702,1.232582056892779,-0.8592341356673961,0.19693654266958424,0.6652078774617067,0.30820706408786314,117.4,Aaron Nola
605400,SI,279,1.389985496390515,90.73333333333333,-1.4715412186379928,0.7525448028673836,0.043010752688172046,0.6810035842293907,0.49820268687832076,127.2,Aaron Nola
605447,FF,258,-0.9729038589171093,95.47945736434109,-0.607906976744186,1.4922093023255814,0.09689922480620156,0.5813953488372093,-0.37709451896011986,82.1,Jordan Romano
605447,SL,443,-1.1298461396677235,85.82889390519186,0.1895033860045147,-0.026162528216704287,0.15575620767494355,0.6839729119638827,-0.2550442753200279,88.4,Jordan Romano
605452,CH,72,0.03684019602678346,90.02777777777777,-1.4068055555555556,0.46361111111111114,0.06944444444444445,0.625,0.05116693892608814,104.2,Joe Ross
605452,CU,47,-0.06030961156465288,83.5468085106383,0.2631914893617021,-0.4031914893617021,0.1276595744680851,0.7021276595744681,-0.12831832247798483,94.9,Joe Ross
605452,FF,307,-1.5147343348975315,94.24495114006515,-0.24019543973941365,0.9352768729641694,0.14006514657980457,0.6416938110749185,-0.4933988061555477,76.1,Joe Ross
605452,SI,246,-0.2951936121355167,94.6150406504065,-1.083170731707317,0.8012195121951219,0.052845528455284556,0.6504065040650406,-0.11999740330712061,95.4,Joe Ross
605452,SL,190,0.22026145250754406,87.2221052631579,0.23978947368421052,0.252,0.1631578947368421,0.6263157894736842,0.11592708026712845,107.5,Joe Ross
605463,FF,256,-2.340349108450762,91.95859375,-1.20859375,0.8619921875,0.10546875,0.58984375,-0.9141988704885788,54.4,Tayler Scott
605463,FS,155,0.32818555554339496,83.91032258064516,-0.714258064516129,-0.36877419354838714,0.17419354838709677,0.6129032258064516,0.21173261647960967,112.5,Tayler Scott
605463,SI,15,-0.2482483035980173,91.70666666666666,-1.6246666666666667,0.272,0.06666666666666667,0.6,-1.6549886906534486,16.2,Tayler Scott
605463,SL,35,-0.1912666705525746,86.31428571428572,0.3542857142857143,0.04485714285714286,0.11428571428571428,0.5714285714285714,-0.5464762015787845,73.4,Tayler Scott
605463,ST,75,-0.8495894950044679,82.708,1.0316,-0.0944,0.06666666666666667,0.5866666666666667,-1.1327859933392905,43.1,Tayler Scott
605483,CH,243,0.3659551564564484,85.47037037037036,1.085679012345679,0.8287654320987655,0.2345679012345679,0.6625514403292181,0.15059882981746847,109.3,Blake Snell
605483,CU,223,0.3609623592920562,80.56905829596413,-1.029237668161435,-0.5588789237668161,0.18834080717488788,0.5650224215246636,0.1618665288305185,109.9,Blake Snell
605483,FF,448,2.0995305084502744,95.12075892857142,0.37341517857142853,1.485580357142857,0.10267857142857142,0.640625,0.4686452027790791,125.7,Blake Snell
605483,SL,114,-0.38803458731351054,88.22894736842106,-0.23543859649122806,0.7041228070175438,0.23684210526315788,0.5701754385964912,-0.34038121694167595,84.0,Blake Snell
605488,CH,720,0.6270577573160846,79.14986111111111,1.0450694444444446,0.5632638888888889,0.24305555555555555,0.6513888888888889,0.08709135518278953,106.0,Jeffrey Springs
605488,FC,167,-2.044056524811984,86.8880239520958,0.022694610778443113,0.7116167664670658,0.10179640718562874,0.49700598802395207,-1.2239859430011881,38.4,Jeffrey Springs
605488,FF,1211,-3.520077792715463,90.70495458298926,0.9465483071841453,1.333294797687861,0.06523534269199009,0.6168455821635013,-0.2906752925446295,86.6,Jeffrey Springs
605488,SL,575,0.7603725706423752,83.48730434782608,-0.33429565217391305,0.20725217391304349,0.09217391304347826,0.6695652173913044,0.13223870793780437,108.4,Jeffrey Springs
605488,ST,174,0.9703482444758214,76.2287356321839,-1.2437931034482759,-0.024540229885057475,0.10919540229885058,0.6264367816091954,0.5576714048711617,130.3,Jeffrey Springs
605540,CH,170,-0.5583524417161743,83.6,-1.2210588235294118,0.6931176470588235,0.20588235294117646,0.6647058823529411,-0.32844261277422016,84.6,Brandon Woodruff
605540,CU,36,-0.26860520481897077,78.61111111111111,0.2436111111111111,-0.7705555555555557,0.08333333333333333,0.5555555555555556,-0.7461255689415854,63.1,Brandon Woodruff
605540,FC,151,0.7551165807969847,89.47549668874171,0.19973509933774836,1.0824503311258278,0.11920529801324503,0.6887417218543046,0.5000772058258177,127.3,Brandon Woodruff
605540,FF,296,1.6356385511219287,93.06486486486487,-0.28513513513513516,1.4645945945945946,0.17905405405405406,0.7263513513513513,0.5525805915952462,130.0,Brandon Woodruff
605540,SI,299,0.2555937533757517,92.85217391304347,-1.0752508361204014,1.1505685618729096,0.08361204013377926,0.6889632107023411,0.08548286066078652,105.9,Brandon Woodruff
605540,ST,12,-0.04256988905517492,80.66666666666667,0.975,0.25416666666666665,0.16666666666666666,0.5,-0.354749075459791,83.3,Brandon Woodruff
606160,FF,442,-0.22165233009559723,95.14615384615384,-0.8181447963800905,1.2328280542986425,0.11085972850678733,0.6244343891402715,-0.05014758599447901,99.0,Rafael Montero
606160,FS,511,0.16842711104205174,87.88121330724071,-1.0086497064579256,0.07489236790606654,0.18003913894324852,0.5968688845401174,0.03296029570294555,103.2,Rafael Montero
606160,SI,53,0.3596299288435007,95.03396226415094,-1.3647169811320754,0.6983018867924528,0.03773584905660377,0.7169811320754716,0.6785470355537749,136.5,Rafael Montero
606160,SL,82,0.18276469632206432,85.07926829268293,0.6197560975609756,0.10585365853658536,0.08536585365853659,0.5121951219512195,0.22288377600251746,113.0,Rafael Montero
606303,CH,4,-0.07378788898017481,89.325,-1.475,0.23249999999999998,0.25,0.25,-1.8446972245043702,6.4,Joel Payamps
606303,FC,2,-0.04798083980648443,89.65,0.145,0.5800000000000001,0.5,0.5,-2.3990419903242217,-22.1,Joel Payamps
606303,FF,162,0.0726131134265289,94.69876543209877,-0.5587037037037037,1.3017283950617284,0.08641975308641975,0.6481481481481481,0.04482290952254871,103.9,Joel Payamps
606303,SI,70,0.024528640700722606,94.86,-1.2347142857142859,0.7337142857142857,0.02857142857142857,0.6857142857142857,0.03504091528674658,103.3,Joel Payamps
606303,ST,211,1.0847247601505234,83.5867298578199,1.213649289099526,-0.13587677725118485,0.14218009478672985,0.6018957345971564,0.5140875640523808,128.0,Joel Payamps
606996,CH,95,-0.32508072970062424,83.1642105263158,1.4237894736842105,0.5188421052631579,0.14736842105263157,0.5578947368421052,-0.3421902417901308,83.9,Kyle Hart
606996,FF,111,-1.2465422775192032,91.49549549549549,0.6927927927927928,1.2103603603603603,0.036036036036036036,0.6486486486486487,-1.123011060828111,43.6,Kyle Hart
606996,FS,33,-0.009803809951075694,85.06969696969698,0.9715151515151516,-0.0496969696969697,0.21212121212121213,0.5454545454545454,-0.02970851500325968,100.0,Kyle Hart
606996,SI,149,-0.5327304090248882,91.42550335570469,1.3920805369127516,0.7348993288590604,0.03355704697986577,0.6308724832214765,-0.35753718726502565,83.1,Kyle Hart
606996,SL,73,0.5427710922508325,87.33698630136986,-0.18657534246575344,0.6687671232876712,0.0684931506849315,0.684931506849315,0.7435220441792226,139.9,Kyle Hart
606996,ST,230,2.204189956047897,81.33347826086957,-1.1780434782608695,0.3679565217391304,0.11304347826086956,0.6782608695652174,0.9583434591512594,150.9,Kyle Hart
607067,CH,306,-1.5943493131005957,87.35228758169934,-1.105359477124183,-0.017254901960784316,0.16666666666666666,0.5588235294117647,-0.5210291872877764,74.7,Colin Rea
607067,CU,234,0.9544577526177608,80.33846153846154,0.844957264957265,-0.6288461538461538,0.08547008547008547,0.6239316239316239,0.40788792846912847,122.6,Colin Rea
607067,FC,185,-1.6704604323621208,88.20432432432432,0.13794594594594595,0.6511351351351351,0.07027027027027027,0.6162162162162163,-0.9029515850606058,55.0,Colin Rea
607067,FF,1051,-0.9413205777463721,93.85803996194102,-0.7095528068506185,1.1682397716460513,0.0818268315889629,0.698382492863939,-0.08956427951916004,96.9,Colin Rea
607067,SI,268,-1.695082436905778,92.97985074626865,-1.2151492537313433,0.7023507462686567,0.06343283582089553,0.6492537313432836,-0.6324934466066335,68.9,Colin Rea
607067,SL,254,0.08535598016012294,85.21456692913385,0.3291338582677165,-0.14385826771653543,0.18110236220472442,0.6062992125984252,0.033604716598473604,103.3,Colin Rea
607067,ST,235,1.3811644745555285,82.78595744680851,1.1490212765957446,0.16553191489361702,0.13617021276595745,0.6553191489361702,0.5877295636406504,131.8,Colin Rea
607074,CH,519,-1.5170282554050196,84.99942196531791,1.0565895953757225,0.31032755298651254,0.18497109826589594,0.5780346820809249,-0.2922983151069402,86.5,Carlos Rodón
607074,CU,123,-1.1618591305393287,80.33414634146342,-0.6083739837398374,-1.085691056910569,0.08130081300813008,0.44715447154471544,-0.9446009191376656,52.8,Carlos Rodón
607074,FC,5,0.013492147550561306,92.38,0.296,0.622,0.0,0.8,0.26984295101122613,115.5,Carlos Rodón
607074,FF,1343,3.739139579551851,94.12643335815339,0.8972598659717052,1.4689798957557707,0.09158600148920328,0.6604616530156366,0.2784169456107112,115.9,Carlos Rodón
607074,SI,310,-1.1266699685430337,91.9441935483871,1.2136129032258065,0.5269677419354839,0.14193548387096774,0.6096774193548387,-0.36344192533646247,82.8,Carlos Rodón
607074,SL,912,1.5190209596205337,85.89572368421052,-0.46186403508771934,-0.0625548245614035,0.18640350877192982,0.6304824561403509,0.16655931574786556,110.1,Carlos Rodón
607192,CU,324,-1.9184570016297253,81.96388888888889,0.4001851851851852,-1.335246913580247,0.17901234567901234,0.5308641975308642,-0.5921163585276931,71.0,Tyler Glasnow
607192,FF,537,2.4813330321291764,95.70633147113594,-0.11314711359404096,1.366052141527002,0.0856610800744879,0.6778398510242085,0.46207319034062877,125.4,Tyler Glasnow
607192,SI,292,0.15335334789034286,95.99143835616438,-0.9013356164383561,1.158390410958904,0.06164383561643835,0.6027397260273972,0.05251826982545988,104.2,Tyler Glasnow
607192,SL,327,-0.19476728728613596,89.31498470948013,0.2565137614678899,-0.009908256880733945,0.16819571865443425,0.5535168195718655,-0.05956186155539326,98.5,Tyler Glasnow
607200,CH,281,-1.5176220993656064,87.63416370106762,-1.0176868327402135,0.211067615658363,0.05693950177935943,0.48398576512455516,-0.5400790389201446,73.7,Erick Fedde
607200,FC,664,-1.023413855484687,90.29427710843373,0.10328313253012048,0.7614909638554217,0.10391566265060241,0.6385542168674698,-0.15412859269347695,93.6,Erick Fedde
607200,FF,21,-0.1576684914420371,92.75714285714287,-0.5404761904761904,1.0742857142857143,0.09523809523809523,0.5238095238095238,-0.7508023402001766,62.8,Erick Fedde
607200,SI,788,-1.5981172712587053,93.23299492385787,-0.9883502538071066,0.7782106598984772,0.03934010152284264,0.6421319796954315,-0.20280676031201847,91.1,Erick Fedde
607200,ST,615,-0.697863821995714,82.6,1.0684552845528457,0.35665040650406504,0.11707317073170732,0.5951219512195122,-0.11347379219442504,95.7,Erick Fedde
607259,CH,510,-2.81252821130664,78.52941176470588,-0.9331568627450981,0.41674509803921567,0.14705882352941177,0.6196078431372549,-0.551476119864047,73.1,Nick Martínez
607259,CU,283,-0.5496500289867048,79.79717314487633,0.16925795053003534,-1.3727208480565372,0.04240282685512368,0.5300353356890459,-0.19422262508364127,91.5,Nick Martínez
607259,FC,541,1.869736336297412,89.09593345656192,0.15515711645101662,0.953290203327172,0.09981515711645102,0.6894639556377079,0.3456074558775253,119.4,Nick Martínez
607259,FF,540,1.963677214705836,92.63296296296296,-0.4547777777777778,1.4807777777777777,0.05740740740740741,0.7037037037037037,0.36364392864922884,120.3,Nick Martínez
607259,SI,435,-0.9430706885027406,92.49011494252873,-1.0894252873563217,1.1774252873563218,0.06436781609195402,0.6735632183908046,-0.21679785942591737,90.4,Nick Martínez
607259,SL,268,0.04496609499071867,84.95037313432836,0.05552238805970149,0.15417910447761193,0.15671641791044777,0.5895522388059702,0.016778393653253235,102.4,Nick Martínez
607455,CH,40,-0.24353786124783117,89.9225,1.3005,0.46525,0.075,0.5,-0.6088446531195779,70.2,Anthony Banda
607455,FF,240,-0.3308793973488959,95.93333333333334,0.839375,1.2085416666666666,0.1125,0.6666666666666666,-0.13786641556203996,94.4,Anthony Banda
607455,SI,252,0.6838413286816619,95.80833333333334,1.2914285714285714,0.8140873015873016,0.06349206349206349,0.6825396825396826,0.27136560661970716,115.5,Anthony Banda
607455,SL,522,-4.215451486839566,85.86302681992338,-0.556168582375479,-0.13990421455938698,0.1743295019157088,0.5651340996168582,-0.8075577560995337,59.9,Anthony Banda
607481,CU,327,0.7646820101461725,81.00581039755352,-1.063822629969419,-0.6981957186544343,0.15902140672782875,0.6574923547400612,0.2338477095248234,113.6,Aaron Bummer
607481,FC,1,-0.0439600130084552,88.1,0.23,0.44,0.0,0.0,-4.39600130084552,-125.1,Aaron Bummer
607481,FF,116,-0.2466369310743789,91.5801724137931,0.7062931034482759,0.9206034482758622,0.09482758620689655,0.7155172413793104,-0.21261804402963697,90.6,Aaron Bummer
607481,SI,324,0.5827443648082099,90.82283950617284,1.2069753086419752,0.10194444444444445,0.037037037037037035,0.6697530864197531,0.17985937185438577,110.8,Aaron Bummer
607481,ST,164,-0.49110171061783725,81.2329268292683,-1.234451219512195,-0.03969512195121951,0.10365853658536585,0.5121951219512195,-0.299452262571852,86.1,Aaron Bummer
607536,CH,147,0.39822602515725897,86.3952380952381,1.0250340136054423,0.5582312925170069,0.05442176870748299,0.48299319727891155,0.27090205793010813,115.5,Kyle Freeland
607536,FC,388,0.7712986642341779,87.29381443298969,0.04005154639175258,0.5118814432989691,0.10309278350515463,0.729381443298969,0.19878831552427265,111.8,Kyle Freeland
607536,FF,828,4.859062352299017,91.57681159420291,0.6582608695652173,1.2543236714975845,0.06159420289855073,0.7572463768115942,0.5868432792631664,131.8,Kyle Freeland
607536,KC,648,-2.500875185575853,82.57453703703705,-0.17055555555555554,-0.5450154320987655,0.18055555555555555,0.5910493827160493,-0.38593752863824893,81.6,Kyle Freeland
607536,SI,152,1.3002576491257878,91.34736842105262,1.1693421052631578,0.6775657894736842,0.05263157894736842,0.7171052631578947,0.8554326638985446,145.6,Kyle Freeland
607536,ST,319,-0.30526558207728177,83.60595611285267,-0.8011598746081504,-0.2639498432601881,0.13793103448275862,0.677115987460815,-0.09569453983613849,96.6,Kyle Freeland
607625,CH,229,-0.7676008698395614,86.22139737991267,-1.228471615720524,0.37314410480349347,0.10043668122270742,0.6157205240174672,-0.3351968863928216,84.3,Seth Lugo
607625,CS,114,-0.6128470976499432,71.13245614035088,1.3460526315789472,-0.3103508771929825,0.12280701754385964,0.6228070175438597,-0.5375851733771431,73.8,Seth Lugo
607625,CU,433,-0.05640856330957627,78.86812933025405,1.2010854503464203,-1.1475288683602771,0.11547344110854503,0.6535796766743649,-0.01302738182669198,100.9,Seth Lugo
607625,FC,336,-2.4230122906186695,89.24940476190476,0.11163690476190476,0.9067559523809524,0.11607142857142858,0.6220238095238095,-0.7211346103031755,64.4,Seth Lugo
607625,FF,501,-3.670855440379699,91.72634730538923,-0.6152095808383234,1.2787624750499,0.05389221556886228,0.6107784431137725,-0.7327056767224948,63.8,Seth Lugo
607625,FS,13,-0.2696487353654126,84.36923076923077,-0.7907692307692307,0.32923076923076927,0.23076923076923078,0.46153846153846156,-2.0742210412724047,-5.4,Seth Lugo
607625,SI,348,0.24932401082440384,91.27672413793103,-1.2864942528735632,0.7448563218390803,0.0603448275862069,0.6637931034482759,0.07164483069666777,105.2,Seth Lugo
607625,SL,134,-0.597175861617194,83.10820895522389,0.4926119402985075,0.3469402985074627,0.12686567164179105,0.5746268656716418,-0.4456536280725329,78.6,Seth Lugo
607625,ST,48,-0.6263206068282261,80.61666666666666,1.125,0.21520833333333333,0.0625,0.4791666666666667,-1.3048345975588043,34.3,Seth Lugo
607625,SV,224,-0.6451301685983567,79.02723214285713,1.3811607142857143,-0.34285714285714286,0.08035714285714286,0.6517857142857143,-0.28800453955283783,86.7,Seth Lugo
608032,CH,163,-0.8549530510801394,87.86625766871165,-0.9440490797546012,0.8161349693251534,0.09815950920245399,0.6380368098159509,-0.5245110742822942,74.5,Carlos Estévez
608032,FF,558,0.880193565544749,95.86953405017921,-0.6223297491039427,1.436810035842294,0.0967741935483871,0.6559139784946236,0.15774078235568978,109.7,Carlos Estévez
608032,SL,322,-0.4341793854410005,87.34099378881987,0.44944099378881985,0.2495962732919255,0.08695652173913043,0.6583850931677019,-0.13483831845993804,94.6,Carlos Estévez
608331,CH,340,-0.13957220284570332,85.22852941176471,1.1145588235294117,0.2999705882352941,0.13823529411764707,0.5764705882352941,-0.041050647895795093,99.4,Max Fried
608331,CU,537,1.8022551504595063,75.24916201117318,-0.8780446927374301,-1.4105772811918065,0.1601489757914339,0.5847299813780261,0.3356154842568913,118.8,Max Fried
608331,FC,890,-0.027967287594830702,93.5508988764045,-0.124,0.7455842696629214,0.1,0.6786516853932584,-0.0031423918645877196,101.4,Max Fried
608331,FF,380,0.9565684776172378,95.89763157894737,0.2613421052631579,1.2534473684210525,0.12894736842105264,0.6421052631578947,0.25172854674137835,114.5,Max Fried
608331,SI,549,1.0781632021580523,94.03624772313297,0.8302367941712204,0.35752276867030963,0.12386156648451731,0.692167577413479,0.1963867399194995,111.7,Max Fried
608331,SL,52,0.14963889423868695,85.46538461538461,-0.38576923076923075,-0.04942307692307692,0.11538461538461539,0.5576923076923077,0.2877671043051672,116.4,Max Fried
608331,ST,361,0.37225534629193163,81.49584487534626,-1.4444875346260388,-0.30584487534626037,0.11911357340720222,0.5734072022160664,0.10311782445759879,106.9,Max Fried
608334,CH,130,0.45040770754416765,86.95230769230768,-1.1595384615384616,0.1966153846153846,0.2230769230769231,0.7,0.3464674673416674,119.4,Carson Fulmer
608334,CU,28,0.010738185314205949,81.22500000000001,0.6239285714285714,-0.6660714285714285,0.03571428571428571,0.42857142857142855,0.03835066183644981,103.5,Carson Fulmer
608334,FF,114,-0.3751173202193817,92.74122807017544,-0.74,1.3394736842105261,0.08771929824561403,0.6754385964912281,-0.32905028089419447,84.6,Carson Fulmer
608334,SI,106,0.14486198576996978,92.3,-1.200188679245283,0.7967924528301886,0.08490566037735849,0.7358490566037735,0.1366622507263866,108.6,Carson Fulmer
608334,SL,82,-0.47619292712570555,86.59146341463415,0.3796341463414634,0.3429268292682927,0.06097560975609756,0.3780487804878049,-0.5807230818606166,71.6,Carson Fulmer
608337,CH,534,-2.5974569168605877,81.66142322097377,-1.101067415730337,1.04623595505618,0.14794007490636704,0.6629213483146067,-0.48641515297014754,76.5,Lucas Giolito
608337,CU,82,-0.9879980657123019,78.63780487804878,0.4953658536585366,-1.2830487804878048,0.06097560975609756,0.3902439024390244,-1.204875689893051,39.4,Lucas Giolito
608337,FF,1145,-0.08989808686858361,93.25886462882096,-0.5632489082969432,1.511117903930131,0.07248908296943231,0.662882096069869,-0.007851361298566254,101.1,Lucas Giolito
608337,SL,606,-4.31942024923547,85.97838283828384,0.19790429042904292,0.3944884488448845,0.14686468646864687,0.5973597359735974,-0.7127756186857211,64.8,Lucas Giolito
608372,CU,249,-0.0935619252028913,78.17831325301205,0.7585140562248996,-1.0116465863453816,0.060240963855421686,0.5903614457831325,-0.037575070362606953,99.6,Tomoyuki Sugano
608372,FC,308,0.21235360863539607,88.16233766233766,0.13058441558441558,0.48103896103896104,0.05194805194805195,0.6428571428571429,0.06894597682967404,105.1,Tomoyuki Sugano
608372,FF,485,0.140218482640004,92.74680412371133,-0.48002061855670103,1.4004948453608248,0.06597938144329897,0.6391752577319587,0.028911027348454434,103.0,Tomoyuki Sugano
608372,FS,602,-1.4462372351146566,87.34152823920266,-0.9858139534883722,0.464468438538206,0.1362126245847176,0.5647840531561462,-0.2402387433745277,89.2,Tomoyuki Sugano
608372,SI,412,0.9453335105048657,92.90873786407768,-1.1754611650485438,1.0000970873786408,0.04611650485436893,0.7014563106796117,0.2294498811905014,113.4,Tomoyuki Sugano
608372,ST,509,3.7691733791288367,83.64145383104126,0.9370923379174853,0.20675834970530452,0.11591355599214145,0.6601178781925344,0.740505575467355,139.7,Tomoyuki Sugano
608379,CH,677,2.51181089539113,79.8426883308715,-1.0795864106351551,0.6277991137370753,0.15805022156573117,0.6957163958641064,0.3710208117269025,120.7,Michael Wacha
608379,CU,206,-2.119567837560828,75.12621359223301,0.9599514563106796,-0.9794660194174758,0.09223300970873786,0.46601941747572817,-1.0289164260004018,48.5,Michael Wacha
608379,FC,401,-0.13309082414199305,88.16059850374066,0.15688279301745636,0.7944638403990024,0.08977556109725686,0.6907730673316709,-0.033189731706232684,99.8,Michael Wacha
608379,FF,719,0.696005967616747,93.05646731571628,-0.5382475660639777,1.5068428372739917,0.07927677329624479,0.655076495132128,0.09680194264488833,106.5,Michael Wacha
608379,SI,338,-0.1312604146264602,93.15414201183431,-1.0220118343195266,1.2780473372781065,0.05621301775147929,0.6715976331360947,-0.03883444219717758,99.5,Michael Wacha
608379,SL,324,0.381062203406662,84.87561728395062,0.33879629629629626,0.34867283950617284,0.14814814814814814,0.6296296296296297,0.11761179117489569,107.6,Michael Wacha
608566,CH,49,-0.8446645685167018,88.54897959183673,-1.0177551020408162,0.7108163265306122,0.04081632653061224,0.3673469387755102,-1.72380524187082,12.7,Germán Márquez
608566,FF,737,-4.604765179774291,94.81723202170964,-0.8518588873812755,1.178955223880597,0.04341926729986431,0.6485753052917232,-0.624798531855399,69.3,Germán Márquez
608566,KC,666,-5.266864156418045,85.49429429429429,0.136981981981982,-0.06474474474474474,0.1831831831831832,0.6156156156156156,-0.7908204439066133,60.8,Germán Márquez
608566,SI,413,-0.3769453057387535,94.21598062953994,-1.1955690072639225,0.8432929782082323,0.021791767554479417,0.639225181598063,-0.09127004981567882,96.8,Germán Márquez
608566,SL,220,-0.7246824168517031,88.81545454545456,-0.04968181818181818,0.5015,0.09545454545454546,0.6136363636363636,-0.32940109856895594,84.6,Germán Márquez
608650,CH,219,-0.061929051878963096,84.58812785388128,0.9569863013698631,0.36611872146118724,0.1552511415525114,0.6986301369863014,-0.02827810588080507,100.1,Dietrich Enns
608650,CU,36,-0.38058008785632597,77.18333333333334,-0.125,-0.8561111111111112,0.1111111111111111,0.4722222222222222,-1.0571669107120165,47.0,Dietrich Enns
608650,FC,123,-0.24990781854307437,85.23821138211382,-0.2065040650406504,0.08260162601626016,0.07317073170731707,0.5528455284552846,-0.20317708824640193,91.1,Dietrich Enns
608650,FF,340,1.9296534632302058,93.99117647058823,0.4838235294117647,1.4696176470588236,0.17647058823529413,0.7470588235294118,0.5675451362441782,130.8,Dietrich Enns
608650,SI,23,0.11124713653482013,93.10000000000001,0.9869565217391304,1.2608695652173914,0.08695652173913043,0.6956521739130435,0.4836832023253049,126.5,Dietrich Enns
608717,CH,75,-0.4487137499269485,84.71866666666666,-1.29,0.33013333333333333,0.24,0.5733333333333334,-0.598284999902598,70.7,Chris Stratton
608717,CU,86,0.1715970984857937,80.36511627906977,1.0998837209302326,-0.6476744186046512,0.09302325581395349,0.6162790697674418,0.19953150986720194,111.8,Chris Stratton
608717,FF,166,-1.3496555766216662,91.22590361445783,-0.4399397590361446,1.334698795180723,0.10843373493975904,0.6325301204819277,-0.8130455280853411,59.6,Chris Stratton
608717,SI,11,0.09049994548401986,91.38181818181819,-1.1681818181818182,0.6436363636363637,0.09090909090909091,0.5454545454545454,0.8227267771274533,144.0,Chris Stratton
608717,SL,68,0.1667084959992875,85.78529411764706,0.46588235294117647,-0.058529411764705885,0.07352941176470588,0.6470588235294118,0.24515955294012867,114.2,Chris Stratton
608717,ST,5,-0.07894135829554924,83.92,1.188,-0.066,0.2,0.2,-1.578827165910985,20.1,Chris Stratton
608718,CH,251,-1.7507633670671294,76.70836653386453,0.9092430278884462,0.9482071713147411,0.1553784860557769,0.5298804780876494,-0.6975152856841152,65.6,Brent Suter
608718,FF,471,0.5915124982322183,87.26751592356688,-0.22766454352441615,1.1756900212314225,0.10191082802547771,0.7197452229299363,0.12558651767138393,108.0,Brent Suter
608718,SI,258,-0.3729556728180878,89.10077519379846,0.9591860465116279,1.0521317829457364,0.05426356589147287,0.6589147286821705,-0.14455646233259214,94.1,Brent Suter
608718,SL,136,0.3993538051407799,78.62352941176471,-0.5202941176470589,-0.31595588235294114,0.11764705882352941,0.5514705882352942,0.2936425037799852,116.7,Brent Suter
615698,CH,6,-0.09506708111666652,87.83333333333333,-1.1966666666666665,0.8883333333333333,0.0,0.3333333333333333,-1.5844513519444419,19.9,Cal Quantrill
615698,CS,3,-0.16617760110385127,72.36666666666667,0.4633333333333333,-0.54,0.0,0.6666666666666666,-5.5392533701283755,-184.0,Cal Quantrill
615698,CU,233,-1.2256359542998778,80.03347639484979,0.33433476394849787,-0.5732188841201716,0.11158798283261803,0.592274678111588,-0.5260240147209776,74.4,Cal Quantrill
615698,FC,432,-0.08352810903959937,88.91319444444444,0.18261574074074075,0.7078935185185186,0.1087962962962963,0.7175925925925926,-0.019335210425833187,100.5,Cal Quantrill
615698,FF,301,-1.846943040940659,93.65548172757475,-0.7820265780730896,1.4071760797342192,0.08970099667774087,0.5714285714285714,-0.6136023391829433,69.9,Cal Quantrill
615698,FS,419,-3.150517758049754,86.3417661097852,-0.9730310262529832,0.49952267303102627,0.11694510739856802,0.5346062052505967,-0.7519135460739269,62.8,Cal Quantrill
615698,SI,442,0.07536593058029895,93.65067873303167,-1.2250452488687784,1.0965610859728507,0.06334841628959276,0.6968325791855203,0.017051115515904738,102.4,Cal Quantrill
615698,SL,168,-0.18199565990643687,85.00654761904762,0.28595238095238096,-0.033690476190476194,0.07142857142857142,0.5952380952380952,-0.10833074994430766,96.0,Cal Quantrill
620454,CH,14,-0.04227248603554512,86.99285714285715,0.9157142857142857,0.5121428571428571,0.2857142857142857,0.7857142857142857,-0.3019463288253223,86.0,José Castillo
620454,FF,81,-0.3553195386408451,93.34444444444443,0.5354320987654321,1.1037037037037039,0.09876543209876543,0.6049382716049383,-0.438666097087463,78.9,José Castillo
620454,SI,211,-0.09817648128865016,93.00094786729858,1.2940284360189573,0.4606635071090048,0.04739336492890995,0.6445497630331753,-0.04652913805149296,99.1,José Castillo
620454,SL,237,1.5631514373165443,84.1620253164557,-0.4362447257383966,-0.09586497890295358,0.14767932489451477,0.6835443037974683,0.6595575684879933,135.5,José Castillo
621051,CH,71,-0.7599877359218772,84.93943661971831,-1.0708450704225352,0.5291549295774648,0.14084507042253522,0.5211267605633803,-1.070405261861799,46.4,Steven Wilson
621051,FC,10,0.004145221001455649,90.72,0.45499999999999996,1.085,0.1,0.7,0.04145221001455649,103.7,Steven Wilson
621051,FF,325,1.3837390179816094,93.85076923076923,-0.5159692307692307,1.5742461538461539,0.09538461538461539,0.6307692307692307,0.42576585168664904,123.5,Steven Wilson
621051,ST,568,3.2726319178913803,82.09647887323945,1.2629577464788733,-0.028169014084507043,0.12852112676056338,0.6355633802816901,0.5761675911780599,131.2,Steven Wilson
621053,CH,40,-0.45468583576767757,86.3225,-1.3287499999999999,0.15575,0.15,0.275,-1.136714589419194,42.9,Tyler Ferguson
621053,FC,111,-0.3806400782168707,89.809009009009,0.13414414414414416,0.5166666666666667,0.09009009009009009,0.5855855855855856,-0.3429189893845682,83.9,Tyler Ferguson
621053,FF,380,-3.6013441974610334,94.75236842105264,-0.7120263157894736,1.2043947368421053,0.13157894736842105,0.7157894736842105,-0.9477221572265878,52.7,Tyler Ferguson
621053,SI,147,-1.759337449959231,94.18367346938776,-1.3539455782312926,0.4504081632653061,0.10884353741496598,0.5850340136054422,-1.1968281972511774,39.8,Tyler Ferguson
621053,ST,312,-1.2763308709112013,83.65801282051282,0.9255448717948718,0.10124999999999999,0.12179487179487179,0.5865384615384616,-0.40908040734333373,80.5,Tyler Ferguson
621107,CH,187,0.27248761471346833,86.5951871657754,-1.2996791443850266,0.0941711229946524,0.0855614973262032,0.6737967914438503,0.14571530198581192,109.1,Zach Eflin
621107,CU,181,0.5862716980642886,78.0243093922652,1.049668508287293,-0.5815469613259668,0.15469613259668508,0.5911602209944752,0.32390701550513185,118.2,Zach Eflin
621107,FC,245,-0.10140315342183204,88.46571428571428,0.08061224489795918,0.6967346938775509,0.061224489795918366,0.6979591836734694,-0.04138904221299267,99.4,Zach Eflin
621107,FF,149,-1.560692785318778,91.96845637583893,-0.8136241610738255,0.9511409395973154,0.08053691275167785,0.5570469798657718,-1.047444822361596,47.5,Zach Eflin
621107,SI,205,0.3979588432850293,91.71707317073171,-1.3476097560975608,0.19760975609756096,0.06829268292682927,0.7170731707317073,0.19412626501708746,111.5,Zach Eflin
621107,ST,160,-0.11171080504290164,79.2325,1.0865624999999999,0.1750625,0.19375,0.66875,-0.06981925315181352,97.9,Zach Eflin
621111,CH,150,-1.3451501452529526,89.68733333333334,-1.3217333333333332,0.43360000000000004,0.08666666666666667,0.5,-0.8967667635019685,55.3,Walker Buehler
621111,FC,370,-0.47832289713767107,90.5945945945946,0.364027027027027,0.9063513513513514,0.10810810810810811,0.7162162162162162,-0.12927645868585705,94.9,Walker Buehler
621111,FF,554,-3.571574029661769,93.98772563176895,-0.4777797833935018,1.408249097472924,0.05054151624548736,0.5956678700361011,-0.6446884530075396,68.3,Walker Buehler
621111,KC,282,-1.1348222263531949,77.43262411347517,0.9437943262411347,-1.2290070921985814,0.1099290780141844,0.5673758865248227,-0.40241922920326056,80.8,Walker Buehler
621111,SI,359,-2.3329564506008933,93.7715877437326,-1.2709192200557102,0.904317548746518,0.03064066852367688,0.649025069637883,-0.649848593482143,68.0,Walker Buehler
621111,SL,323,0.9894224819840086,87.50278637770899,0.6914860681114551,0.299969040247678,0.10835913312693499,0.6130030959752322,0.3063227498402503,117.3,Walker Buehler
621111,ST,151,0.031643287074989784,80.87880794701987,1.3586092715231788,0.13066225165562914,0.1986754966887417,0.5827814569536424,0.020955819254960123,102.6,Walker Buehler
621112,CH,66,0.1293777881230579,86.54848484848485,-0.9157575757575758,0.2924242424242424,0.16666666666666666,0.6818181818181818,0.19602695170160286,111.6,Paul Blackburn
621112,CU,83,-0.5853692748977631,80.5132530120482,0.6736144578313252,-1.3234939759036144,0.18072289156626506,0.5662650602409639,-0.705264186623811,65.2,Paul Blackburn
621112,FC,180,0.1574521488400594,90.02166666666666,0.3546666666666667,0.5154444444444445,0.09444444444444444,0.6388888888888888,0.08747341602225522,106.1,Paul Blackburn
621112,FF,26,-0.3544165604249949,92.47692307692309,-0.42,1.2569230769230768,0.19230769230769232,0.46153846153846156,-1.3631406170192113,31.3,Paul Blackburn
621112,SI,203,0.2156722758443189,92.64876847290641,-1.0751724137931034,0.5942857142857143,0.03940886699507389,0.6699507389162561,0.10624250041592062,107.0,Paul Blackburn
621112,ST,108,0.39940812326070096,81.64351851851852,1.4180555555555556,-0.4263888888888889,0.1388888888888889,0.6296296296296297,0.3698223363525009,120.6,Paul Blackburn
621121,CH,195,-1.0304679878877245,86.71076923076923,-1.3914871794871793,-0.2167692307692308,0.08205128205128205,0.5641025641025641,-0.5284451219937049,74.3,Lance Mccullers
621121,FC,52,-0.3367693890732755,89.26923076923077,0.16346153846153846,0.5661538461538462,0.07692307692307693,0.5384615384615384,-0.6476334405255298,68.2,Lance Mccullers
621121,FF,62,-0.9902008561843642,91.8258064516129,-0.6474193548387097,1.0119354838709678,0.14516129032258066,0.532258064516129,-1.5970981551360712,19.2,Lance Mccullers
621121,KC,188,-0.9204994782436888,82.28510638297873,1.2530851063829789,-0.8098936170212766,0.13829787234042554,0.5531914893617021,-0.48962738204451534,76.3,Lance Mccullers
621121,SI,283,-1.7768468896218539,91.45759717314488,-1.0584098939929327,0.35848056537102474,0.0812720848056537,0.6219081272084805,-0.627861091739171,69.2,Lance Mccullers
621121,ST,367,-0.12229313075274613,82.84277929155313,1.3731607629427793,0.4447956403269755,0.1008174386920981,0.6049046321525886,-0.03332237895170194,99.8,Lance Mccullers
621199,FC,115,-0.07609070777929725,88.49478260869564,0.16808695652173913,0.6079130434782608,0.0782608695652174,0.6173913043478261,-0.06616583285156281,98.1,Matthew Bowman
621199,FF,13,-0.3701031232286464,90.4076923076923,-0.5315384615384615,0.9146153846153846,0.23076923076923078,0.6153846153846154,-2.8469471017588184,-45.2,Matthew Bowman
621199,FS,38,0.10851645964054854,84.05263157894737,-0.7357894736842105,0.014473684210526317,0.07894736842105263,0.5263157894736842,0.2855696306330225,116.3,Matthew Bowman
621199,SI,194,-0.14006817025827883,91.11649484536082,-1.5172164948453606,0.30355670103092786,0.061855670103092786,0.7010309278350515,-0.0722000877619994,97.8,Matthew Bowman
621199,ST,87,-0.37484637407588284,82.74712643678161,1.048735632183908,0.41344827586206895,0.10344827586206896,0.5632183908045977,-0.43085790123664697,79.3,Matthew Bowman
621237,CU,22,-0.23036099326602383,84.83636363636364,0.1368181818181818,-0.6404545454545455,0.13636363636363635,0.2727272727272727,-1.047095423936472,47.6,José Alvarado
621237,FC,139,-2.5588850096969455,93.17913669064748,-0.08093525179856115,0.5435971223021583,0.26618705035971224,0.5827338129496403,-1.8409244674078746,6.6,José Alvarado
621237,FF,9,0.09679333727146806,99.36666666666666,0.65,1.228888888888889,0.0,0.5555555555555556,1.0754815252385341,157.0,José Alvarado
621237,SI,287,2.455249258427461,99.06411149825784,1.2485017421602786,1.0796515679442509,0.04529616724738676,0.6968641114982579,0.8554875464904046,145.6,José Alvarado
621242,CH,1,0.00792495213642775,94.5,-0.84,0.63,0.0,1.0,0.792495213642775,142.4,Edwin Díaz
621242,FF,561,-1.0672008880190502,97.22798573975045,-1.0896613190730837,1.0744206773618539,0.18181818181818182,0.6203208556149733,-0.1902318873474243,91.7,Edwin Díaz
621242,SL,505,-4.05940259166536,89.12316831683168,0.13944554455445546,0.3185742574257426,0.21584158415841584,0.6455445544554456,-0.8038420973594772,60.1,Edwin Díaz
621244,CH,434,0.7613814813445516,85.18917050691243,-1.2016589861751152,0.3632258064516129,0.19815668202764977,0.6474654377880185,0.17543352104713172,110.6,José Berríos
621244,FC,149,-1.3605763164339821,89.54295302013422,0.0048322147651006725,0.8332885906040268,0.10067114093959731,0.6778523489932886,-0.9131384674053571,54.5,José Berríos
621244,FF,463,-3.1430428748985957,92.99114470842333,-0.8172786177105831,1.2684665226781857,0.06695464362850972,0.6285097192224622,-0.6788429535418133,66.5,José Berríos
621244,SI,867,-1.5016108411600124,92.16539792387543,-1.3381891580161476,0.8991003460207613,0.0392156862745098,0.6516724336793541,-0.17319617545098184,92.6,José Berríos
621244,SV,670,-0.10339334773226705,82.5555223880597,1.240820895522388,-0.37598507462686565,0.14328358208955225,0.5970149253731343,-0.015431842945114486,100.7,José Berríos
621366,FS,103,0.16899674667264414,83.81262135922331,1.0997087378640775,0.02145631067961165,0.22330097087378642,0.5728155339805825,0.1640745113326642,110.0,Ryan Borucki
621366,SI,156,0.5242111081873798,93.925,1.5074999999999998,0.7087179487179487,0.03205128205128205,0.6602564102564102,0.33603276165857676,118.9,Ryan Borucki
621366,SL,244,-1.5063458591397607,85.85614754098361,-0.12295081967213115,0.20135245901639345,0.1885245901639344,0.6762295081967213,-0.6173548603031807,69.7,Ryan Borucki
621366,ST,91,-0.1392490977178651,81.11978021978021,-1.1678021978021977,-0.07747252747252747,0.08791208791208792,0.4945054945054945,-0.15302098650314844,93.7,Ryan Borucki
621381,CH,6,-0.12624477990451158,83.10000000000001,0.7766666666666667,-0.07833333333333332,0.0,0.6666666666666666,-2.1040796650751927,-6.9,Matt Strahm
621381,FC,144,-0.7798492956861865,87.69999999999999,0.21861111111111112,0.8489583333333334,0.10416666666666667,0.7013888888888888,-0.5415620108931851,73.6,Matt Strahm
621381,FF,373,0.0034397037824757323,92.29276139410187,1.1328686327077748,1.393243967828418,0.12064343163538874,0.6568364611260054,0.0009221725958379978,101.6,Matt Strahm
621381,SI,152,0.6017169799569008,92.38092105263158,1.4146710526315789,0.9693421052631579,0.08552631578947369,0.743421052631579,0.39586643418217154,121.9,Matt Strahm
621381,SL,318,-0.0003675221754561378,82.56509433962265,-0.5320754716981132,0.36194968553459117,0.16037735849056603,0.6729559748427673,-0.00011557301114972887,101.5,Matt Strahm
621383,CH,71,-0.5087717371947562,82.8718309859155,0.9076056338028169,0.2650704225352113,0.09859154929577464,0.39436619718309857,-0.7165799115419101,64.6,Tanner Banks
621383,FF,231,-0.20842583667667752,92.65844155844155,0.19212121212121214,1.2077489177489178,0.11255411255411256,0.7445887445887446,-0.09022763492496863,96.9,Tanner Banks
621383,SI,133,0.021183679818489218,92.20902255639098,1.1498496240601503,0.7430827067669172,0.05263157894736842,0.6541353383458647,0.015927578810894148,102.4,Tanner Banks
621383,SL,386,0.8841050486712225,87.26865284974093,-0.40246113989637305,0.38430051813471505,0.12176165803108809,0.6813471502590673,0.22904275872311464,113.3,Tanner Banks
621383,ST,263,1.0623626820398502,82.0703422053232,-1.0542205323193916,0.245893536121673,0.12167300380228137,0.6159695817490495,0.4039401832851141,122.4,Tanner Banks
622491,CH,340,-0.3969172568709523,87.16882352941177,-1.4717647058823529,-0.04441176470588235,0.10882352941176471,0.538235294117647,-0.11674036966792715,95.5,Luis Castillo
622491,FF,1383,-1.160403217481999,94.97252349963847,-1.0806724511930585,1.0309038322487347,0.15112075198843095,0.6840202458423716,-0.08390478795965285,97.2,Luis Castillo
622491,SI,656,4.312786245304728,94.8202743902439,-1.5433231707317072,0.3073780487804878,0.054878048780487805,0.6905487804878049,0.6574369276379158,135.4,Luis Castillo
622491,SL,609,-1.5213116206149877,84.48292282430214,0.08045977011494253,-0.03376026272577996,0.1592775041050903,0.6009852216748769,-0.24980486381198483,88.7,Luis Castillo
622503,CH,203,0.46042348973221875,81.3985221674877,-0.9316256157635469,0.17482758620689656,0.20689655172413793,0.7093596059113301,0.22680960085330973,113.2,Nabil Crismatt
622503,CU,83,-0.14991812258292586,73.80722891566265,1.0563855421686748,-1.0055421686746988,0.10843373493975904,0.6867469879518072,-0.1806242440758143,92.2,Nabil Crismatt
622503,FF,83,-1.114759004971846,89.05180722891566,-0.6985542168674699,1.2243373493975904,0.03614457831325301,0.5180722891566265,-1.3430831385202966,32.3,Nabil Crismatt
622503,SI,135,0.7053225743787874,89.16148148148147,-1.1875555555555555,0.851925925925926,0.02962962962962963,0.725925925925926,0.5224611662065092,128.5,Nabil Crismatt
622503,SL,30,-0.012346874378363584,81.83666666666666,0.22233333333333333,0.324,0.06666666666666667,0.6,-0.041156247927878614,99.4,Nabil Crismatt
622554,CU,54,-0.40841776194179946,83.65,0.602037037037037,-0.9364814814814815,0.037037037037037035,0.5185185185185185,-0.7563291887811101,62.6,Seranthony Domínguez
622554,FF,476,-1.4894313064827862,97.65042016806723,-0.4237394957983193,1.2940336134453783,0.11764705882352941,0.634453781512605,-0.31290573665604754,85.4,Seranthony Domínguez
622554,FS,183,-1.6287585246205003,87.16994535519126,-0.7050819672131148,0.2653005464480874,0.25136612021857924,0.5355191256830601,-0.89003198066694,55.7,Seranthony Domínguez
622554,SI,148,-0.2619890761578852,97.83445945945945,-1.2242567567567568,0.8327702702702703,0.05405405405405406,0.6351351351351351,-0.17701964605262513,92.4,Seranthony Domínguez
622554,ST,240,-1.5114945505904338,86.43,0.842625,0.38075,0.21666666666666667,0.5666666666666667,-0.6297893960793474,69.1,Seranthony Domínguez
622608,CH,180,-1.6348408447807388,87.61111111111111,-0.7956111111111112,0.5672222222222222,0.08888888888888889,0.5277777777777778,-0.9082449137670772,54.7,Antonio Senzatela
622608,CU,339,-2.57689969063238,80.39351032448378,0.46398230088495573,-0.4575516224188791,0.12094395280235988,0.5339233038348082,-0.7601474013664837,62.4,Antonio Senzatela
622608,FC,42,0.4816816587721349,91.20238095238095,0.2016666666666667,0.6026190476190477,0.07142857142857142,0.7142857142857143,1.146861092314607,160.7,Antonio Senzatela
622608,FF,1299,-2.4129334292684805,95.01747498075443,-0.4134642032332564,0.98094688221709,0.06235565819861432,0.6543494996150885,-0.18575315082898233,92.0,Antonio Senzatela
622608,SI,12,-0.13546254388546253,92.20833333333333,-0.7983333333333333,0.9958333333333332,0.08333333333333333,0.5833333333333334,-1.1288545323788544,43.3,Antonio Senzatela
622608,SL,412,-0.5691965126456301,86.77354368932038,0.3921359223300971,0.2734223300970874,0.12378640776699029,0.5849514563106796,-0.13815449336058983,94.4,Antonio Senzatela
622663,CH,147,-1.066893345206285,86.18707482993197,-1.1423129251700679,0.6135374149659863,0.08843537414965986,0.54421768707483,-0.7257777858546156,64.1,Luis Severino
622663,FC,481,-2.73355785862818,93.23721413721414,0.056133056133056136,0.7741164241164241,0.07484407484407485,0.6153846153846154,-0.5683072471160457,72.2,Luis Severino
622663,FF,766,0.9705505508547067,96.10365535248042,-0.5959530026109661,1.359686684073107,0.10966057441253264,0.6684073107049608,0.1267037272656275,108.1,Luis Severino
622663,SI,551,0.049565320500434676,95.62649727767695,-1.1721597096188747,1.0115789473684211,0.05263157894736842,0.6860254083484574,0.008995520961966366,102.0,Luis Severino
622663,SL,109,0.2386103327869717,87.0302752293578,0.5644036697247706,0.25256880733944953,0.06422018348623854,0.5045871559633027,0.21890856218988228,112.8,Luis Severino
622663,ST,677,1.8429878167437577,84.54076809453471,1.3116691285081241,0.1996307237813885,0.09896602658788774,0.6011816838995568,0.27222862876569537,115.6,Luis Severino
623167,CH,14,-0.2480736814473597,81.13571428571429,-1.0007142857142857,0.6771428571428572,0.07142857142857142,0.21428571428571427,-1.7719548674811407,10.2,Chris Flexen
623167,CU,115,-0.9549800576329047,72.84260869565217,0.7630434782608696,-1.252608695652174,0.14782608695652175,0.7043478260869566,-0.830417441419917,58.7,Chris Flexen
623167,FC,190,0.5519272490211731,89.06210526315789,0.6192631578947368,0.6814210526315789,0.05789473684210526,0.6631578947368421,0.2904880258006174,116.5,Chris Flexen
623167,FF,277,0.5447342412081807,92.4259927797834,-0.18018050541516248,1.4779422382671479,0.07220216606498195,0.6678700361010831,0.196654960724975,111.7,Chris Flexen
623167,SL,60,-0.6966250990878287,80.98833333333333,0.10283333333333333,-0.9333333333333333,0.11666666666666667,0.5666666666666667,-1.1610418318130478,41.7,Chris Flexen
623167,SV,17,-0.20807622782584995,77.61764705882354,0.38176470588235295,-1.4064705882352941,0.0,0.35294117647058826,-1.2239778107402939,38.4,Chris Flexen
623211,CH,385,-2.521622926332571,90.76181818181819,-1.372961038961039,0.1557922077922078,0.16363636363636364,0.6103896103896104,-0.6549669938526158,67.8,Huascar Brazobán
623211,FC,92,-1.1242615308081103,91.01195652173914,-0.18304347826086956,0.7108695652173914,0.13043478260869565,0.5434782608695652,-1.2220234030522938,38.5,Huascar Brazobán
623211,FF,121,-0.5357566128112385,96.46363636363637,-0.9239669421487603,1.2061157024793387,0.09917355371900827,0.6363636363636364,-0.4427740601745773,78.7,Huascar Brazobán
623211,SI,378,1.3589972189389987,96.43809523809523,-1.4890211640211641,0.6783862433862434,0.06349206349206349,0.708994708994709,0.3595230737933859,120.1,Huascar Brazobán
623211,SL,35,-0.15435356732389469,87.66,-0.33199999999999996,0.43314285714285716,0.17142857142857143,0.6,-0.44101019235398486,78.8,Huascar Brazobán
623352,CH,37,-0.35042714332941977,88.71621621621621,1.1221621621621622,0.5235135135135135,0.16216216216216217,0.43243243243243246,-0.9471003873768101,52.7,Josh Hader
623352,SI,459,3.4430127652359386,95.50915032679738,0.7812200435729847,1.540479302832244,0.18082788671023964,0.7037037037037037,0.7501117135590281,140.2,Josh Hader
623352,SL,351,-0.7314994245152251,83.32877492877493,-0.27102564102564103,0.015014245014245014,0.2849002849002849,0.6752136752136753,-0.20840439444878206,90.8,Josh Hader
623437,CH,147,-0.8543218238030343,87.13673469387756,-1.090748299319728,-0.44972789115646256,0.10204081632653061,0.5510204081632653,-0.5811713087095471,71.6,Justin Topa
623437,FC,196,-1.086990487053751,91.16377551020408,-0.13418367346938775,0.53,0.10204081632653061,0.7142857142857143,-0.5545869831906892,73.0,Justin Topa
623437,SI,349,2.160220338661535,94.15845272206305,-1.4764183381088825,0.01968481375358166,0.03151862464183381,0.6962750716332379,0.6189743090720731,133.5,Justin Topa
623437,ST,287,-1.0925241834884802,82.85574912891985,1.1270034843205574,0.32372822299651566,0.13240418118466898,0.6411149825783972,-0.38067044720852966,81.9,Justin Topa
623474,CH,71,-0.6574365774446391,86.64084507042253,-0.9725352112676056,-0.13056338028169012,0.056338028169014086,0.5352112676056338,-0.9259670104854073,53.8,Jimmy Herget
623474,CU,1,-0.025328807980643703,81.2,0.38,-0.26,0.0,0.0,-2.53288079806437,-29.0,Jimmy Herget
623474,FF,96,-2.8464414186929647,92.99270833333333,-1.0907291666666667,0.6815625000000001,0.19791666666666666,0.46875,-2.965043144471838,-51.3,Jimmy Herget
623474,SI,356,-1.7483516314477605,91.95337078651686,-1.284859550561798,0.015224719101123593,0.03651685393258427,0.598314606741573,-0.4911100088336406,76.2,Jimmy Herget
623474,SL,362,-0.8842305151579072,85.46022099447514,0.03919889502762431,0.3238674033149171,0.13812154696132597,0.7154696132596685,-0.24426257324804065,88.9,Jimmy Herget
623474,ST,395,-2.2924351243827505,77.79696202531646,1.2952151898734177,0.1630632911392405,0.189873417721519,0.6987341772151898,-0.5803633226285444,71.6,Jimmy Herget
624133,CH,464,0.07109201218757466,79.51185344827586,0.9104741379310345,0.27262931034482757,0.1875,0.603448275862069,0.015321554350770402,102.3,Ranger Suarez
624133,CU,391,3.113419365849032,73.92480818414322,-0.95,-0.7225063938618926,0.12276214833759591,0.6828644501278772,0.7962709375572972,142.6,Ranger Suarez
624133,FC,427,1.0436258497779256,86.39320843091335,-0.21918032786885247,0.5101405152224825,0.11241217798594848,0.7213114754098361,0.2444088641166102,114.1,Ranger Suarez
624133,FF,352,-0.8278744354447107,91.33551136363636,0.5113636363636364,0.9586363636363636,0.08806818181818182,0.6448863636363636,-0.23519160097861103,89.4,Ranger Suarez
624133,SI,696,3.7971853865202467,90.11149425287356,1.305287356321839,0.41011494252873565,0.028735632183908046,0.6594827586206896,0.5455726130057825,129.7,Ranger Suarez
624133,SL,100,0.5561424435553751,79.569,-0.6901999999999999,0.4522,0.24,0.54,0.5561424435553751,130.2,Ranger Suarez
628452,CH,267,0.31069635941727697,88.75430711610487,-1.3210486891385769,0.3700749063670412,0.26591760299625467,0.700374531835206,0.11636567768437339,107.5,Raisel Iglesias
628452,FF,387,0.09744620968824663,94.86795865633076,-0.7472351421188631,1.2455813953488373,0.14987080103359174,0.7131782945736435,0.025179899144249777,102.8,Raisel Iglesias
628452,SI,215,0.578530297649494,94.66093023255813,-1.3771627906976742,0.763720930232558,0.037209302325581395,0.6976744186046512,0.2690838593718577,115.4,Raisel Iglesias
628452,SL,95,-0.16679918896669618,83.74526315789474,0.836,0.3629473684210526,0.17894736842105263,0.5894736842105263,-0.1755780936491539,92.5,Raisel Iglesias
640448,FF,493,2.2996681249841275,96.28052738336714,-0.8644827586206897,1.4210344827586208,0.07707910750507099,0.6977687626774848,0.4664641227148332,125.6,Kyle Finnegan
640448,FS,314,1.010208562264249,87.36146496815287,-0.7507324840764331,0.3017515923566879,0.19745222929936307,0.6464968152866242,0.32172247205867804,118.1,Kyle Finnegan
640448,SL,39,-0.4053251485108792,84.26153846153845,0.15794871794871795,-0.11333333333333333,0.10256410256410256,0.46153846153846156,-1.039295252591998,48.0,Kyle Finnegan
640455,CH,61,-0.10946226073324924,84.68360655737705,1.2393442622950819,0.21721311475409835,0.11475409836065574,0.5409836065573771,-0.1794463290709004,92.3,Sean Manaea
640455,FF,663,-0.2431634924477698,91.71990950226245,1.176923076923077,0.9093061840120664,0.13122171945701358,0.7285067873303167,-0.03667624320479183,99.7,Sean Manaea
640455,ST,371,-0.27637961181902393,77.68571428571428,-1.0828840970350404,0.32768194070080864,0.16172506738544473,0.628032345013477,-0.07449585224232451,97.7,Sean Manaea
641154,CH,267,0.00697940571920284,87.35093632958802,-1.2442696629213483,0.22101123595505617,0.1348314606741573,0.5730337078651685,0.0026140096326602398,101.7,Pablo López
641154,CU,124,-0.11113126217982586,82.65483870967742,0.5921774193548388,-0.9762096774193548,0.12903225806451613,0.47580645161290325,-0.08962198562889181,96.9,Pablo López
641154,FF,518,1.1619691783344621,94.47644787644788,-0.5390347490347491,1.1863320463320464,0.11776061776061776,0.7335907335907336,0.2243183741958421,113.1,Pablo López
641154,SI,82,-0.24453145246719799,93.67317073170732,-1.2441463414634146,0.6053658536585366,0.0975609756097561,0.6585365853658537,-0.29820908837463167,86.2,Pablo López
641154,ST,267,0.39069473032081126,84.8632958801498,1.0367790262172285,0.0021348314606741566,0.13857677902621723,0.6254681647940075,0.14632761435236377,109.1,Pablo López
641302,CH,254,0.8009432694653101,83.33897637795275,1.206771653543307,0.2060236220472441,0.1377952755905512,0.5826771653543307,0.31533199585248434,117.8,Tyler Alexander
641302,FC,271,-0.6941483457242317,86.93505535055351,-0.10734317343173432,0.7805535055350553,0.0959409594095941,0.6236162361623616,-0.2561433010052515,88.3,Tyler Alexander
641302,FF,414,-0.14993032261663286,90.81207729468598,0.7719082125603864,1.328550724637681,0.10386473429951691,0.6908212560386473,-0.03621505377213354,99.7,Tyler Alexander
641302,SI,291,1.9830349323941423,90.49690721649485,1.3432989690721648,0.7776632302405498,0.06529209621993128,0.7457044673539519,0.6814553032282276,136.7,Tyler Alexander
641302,ST,355,1.4944617250793677,80.24929577464789,-1.0265070422535212,0.3988732394366197,0.12112676056338029,0.6338028169014085,0.42097513382517404,123.2,Tyler Alexander
641329,CH,307,-1.5242196646515638,85.0628664495114,-1.2037785016286644,0.6646254071661237,0.1758957654723127,0.6254071661237784,-0.49648849011451585,75.9,Bryan Baker
641329,FF,520,1.6690616434540617,96.74192307692309,-0.34957692307692306,1.5068076923076923,0.1576923076923077,0.7057692307692308,0.32097339297193495,118.1,Bryan Baker
641329,SL,275,0.9302921651740895,88.524,0.5751636363636363,0.41363636363636364,0.10181818181818182,0.6509090909090909,0.3382880600633053,119.0,Bryan Baker
641401,CH,352,0.04469927753306889,84.01136363636364,-1.3986647727272727,0.5897159090909091,0.18181818181818182,0.6363636363636364,0.01269865839007639,102.2,Connor Brogdon
641401,FC,136,0.1662173235653816,86.81470588235294,0.33095588235294116,0.5230147058823529,0.08823529411764706,0.625,0.12221862026866295,107.8,Connor Brogdon
641401,FF,352,-0.5588686873804452,95.46392045454546,-0.9134659090909092,1.289431818181818,0.1278409090909091,0.6448863636363636,-0.15876951346035373,93.4,Connor Brogdon
641482,CH,83,-1.093994511154525,82.2421686746988,1.0453012048192771,0.5492771084337349,0.20481927710843373,0.42168674698795183,-1.3180656760897893,33.6,Néstor Cortés
641482,FC,207,-0.871455256207027,86.6512077294686,-0.3979227053140097,0.9353140096618359,0.09178743961352658,0.6328502415458938,-0.42099287739469904,79.8,Néstor Cortés
641482,FF,228,1.6012950021343224,90.12675438596492,0.3731578947368421,1.6094298245614034,0.08333333333333333,0.6622807017543859,0.702322369357159,137.7,Néstor Cortés
641482,SI,1,-0.03659494202847618,90.7,0.99,1.32,0.0,0.0,-3.659494202847618,-87.1,Néstor Cortés
641482,ST,80,-0.01478633668951685,78.08375,-1.119875,0.23525000000000001,0.1125,0.6125,-0.018482920861896065,100.6,Néstor Cortés
641656,FF,83,-0.2953864526683464,95.42530120481928,-0.8473493975903614,1.256867469879518,0.07228915662650602,0.6144578313253012,-0.3558872923715017,83.2,Ian Hamilton
641656,SI,314,-0.43712269320983377,94.79235668789809,-1.3935031847133759,0.7103503184713376,0.05732484076433121,0.6624203821656051,-0.1392110487929407,94.4,Ian Hamilton
641656,SL,244,-2.6210674342609,87.85204918032788,0.024098360655737703,0.42311475409836063,0.26229508196721313,0.6188524590163934,-1.0742079648610248,46.2,Ian Hamilton
641672,CH,102,-0.5953754838881287,88.60000000000001,-1.1633333333333333,0.6144117647058823,0.06862745098039216,0.47058823529411764,-0.583701454792283,71.5,Thomas Hatch
641672,FC,160,-0.3224977823822528,90.09812500000001,0.16975,0.9271874999999999,0.1125,0.66875,-0.201561113988908,91.2,Thomas Hatch
641672,FF,70,-0.7003004958271751,93.27857142857142,-0.46014285714285713,1.374142857142857,0.12857142857142856,0.6714285714285714,-1.0004292797531074,50.0,Thomas Hatch
641672,SI,103,-0.007380442891711754,93.32621359223302,-1.167864077669903,0.7950485436893204,0.038834951456310676,0.6407766990291263,-0.0071654785356424795,101.2,Thomas Hatch
641672,SL,108,-0.2559391637066657,85.45648148148148,0.4012962962962963,0.2310185185185185,0.12962962962962962,0.5648148148148148,-0.23698070713580158,89.3,Thomas Hatch
641672,ST,43,-0.8385193971560939,82.21860465116279,0.8411627906976744,0.5172093023255814,0.06976744186046512,0.4883720930232558,-1.9500451096653346,1.0,Thomas Hatch
641745,CH,130,-0.8787731398806361,92.69615384615385,-0.9610000000000001,0.5297692307692308,0.2076923076923077,0.6,-0.6759793383697201,66.7,Brad Keller
641745,FF,470,-0.31663452898933353,97.18382978723405,-0.11672340425531914,1.2592978723404256,0.07659574468085106,0.6787234042553192,-0.0673690487211348,98.1,Brad Keller
641745,SI,160,-1.1262370235212982,96.65875,-1.1233125,0.8684375,0.1125,0.64375,-0.7038981397008114,65.3,Brad Keller
641745,SL,192,1.184077603011233,87.23229166666665,0.4678645833333333,-0.25526041666666666,0.109375,0.6197916666666666,0.6167070849016839,133.3,Brad Keller
641745,ST,161,0.03962892931359036,86.19192546583851,1.1436024844720498,0.23577639751552795,0.20496894409937888,0.5217391304347826,0.024614241809683454,102.8,Brad Keller
641755,CH,11,-0.07771107823038345,87.11818181818181,-0.8318181818181819,0.8345454545454545,0.18181818181818182,0.36363636363636365,-0.7064643475489405,65.1,Tyler Kinley
641755,CU,151,-0.7337374653324168,83.58807947019866,0.2680132450331126,-0.6429139072847682,0.2052980132450331,0.543046357615894,-0.4859188512135211,76.5,Tyler Kinley
641755,FF,280,-2.7939296464915455,95.10678571428572,-0.19867857142857143,1.211142857142857,0.05714285714285714,0.5678571428571428,-0.9978320166041234,50.1,Tyler Kinley
641755,SL,783,1.7445818374901019,87.39157088122606,0.18224776500638568,0.22648786717752237,0.17752234993614305,0.6934865900383141,0.22280738665263114,113.0,Tyler Kinley
641778,CH,134,-1.0109838715279102,85.0,0.713134328358209,0.4441044776119403,0.05970149253731343,0.3805970149253731,-0.7544655757670972,62.6,Eric Lauer
641778,CU,242,0.1879951038925266,75.04545454545455,-0.7420247933884297,-0.7990495867768596,0.11983471074380166,0.6528925619834711,0.07768392722831678,105.5,Eric Lauer
641778,FC,352,0.7280212581167201,86.35113636363636,-0.28457386363636367,0.535,0.12215909090909091,0.6875,0.20682422105588638,112.2,Eric Lauer
641778,FF,783,-0.7687366057133113,91.68045977011495,0.7253639846743295,1.3208173690932312,0.1111111111111111,0.7100893997445722,-0.09817836599148291,96.5,Eric Lauer
641778,SI,1,-0.027319692871507997,91.9,1.31,1.19,0.0,0.0,-2.7319692871508,-39.3,Eric Lauer
641778,SL,170,-0.3156687833791737,83.16588235294118,-0.28641176470588237,0.1507058823529412,0.1588235294117647,0.6529411764705882,-0.18568751963480806,92.0,Eric Lauer
641793,FF,667,-1.0391986863556915,92.11634182908546,-0.6086806596701649,1.3382758620689654,0.11094452773613193,0.6731634182908546,-0.15580190200235255,93.5,Zack Littell
641793,FS,762,0.517364953133181,83.43188976377952,-0.9708398950131233,-0.07674540682414698,0.13648293963254593,0.636482939632546,0.0678956631408374,105.0,Zack Littell
641793,SI,441,-0.7119699630509152,91.47619047619048,-1.1826530612244897,1.0324036281179139,0.06349206349206349,0.7074829931972789,-0.16144443606596717,93.2,Zack Littell
641793,SL,768,-0.8202088891561138,87.28619791666667,0.11471354166666665,0.6027994791666667,0.10026041666666667,0.7005208333333334,-0.10679803244220232,96.0,Zack Littell
641793,ST,150,-0.5051924479073446,79.468,0.9569333333333333,-0.31193333333333334,0.08,0.5533333333333333,-0.3367949652715631,84.2,Zack Littell
641816,FC,172,1.340855798641338,85.4046511627907,0.27011627906976743,0.639593023255814,0.10465116279069768,0.7093023255813954,0.7795673247914756,141.7,Tyler Mahle
641816,FF,684,3.3001851504577115,91.96608187134504,-0.9134502923976607,1.527456140350877,0.1067251461988304,0.6140350877192983,0.4824832091312444,126.4,Tyler Mahle
641816,FS,383,2.005212164744496,84.06736292428198,-1.155117493472585,0.5667362924281985,0.14360313315926893,0.7154046997389034,0.5235540900116177,128.5,Tyler Mahle
641816,SL,142,0.4225811190639295,83.45704225352112,0.2619014084507042,0.2723239436619718,0.09859154929577464,0.5985915492957746,0.2975923373689644,116.9,Tyler Mahle
641927,CH,681,1.294915069667099,83.29221732745962,-1.4952569750367106,0.486064610866373,0.1644640234948605,0.6505139500734214,0.19014905575140956,111.3,Bailey Ober
641927,CU,83,-0.3508599534081243,75.11204819277108,0.6096385542168675,-0.6630120481927712,0.08433734939759036,0.6024096385542169,-0.42272283543147504,79.7,Bailey Ober
641927,FF,846,2.2244529036564993,90.2514184397163,-0.6820567375886525,1.4031796690307328,0.09219858156028368,0.6891252955082743,0.2629376954676713,115.1,Bailey Ober
641927,SI,75,-0.038043237009827556,90.328,-1.1642666666666666,0.8998666666666666,0.013333333333333334,0.72,-0.050724316013103406,98.9,Bailey Ober
641927,SL,418,-2.1289254198859173,83.67918660287081,0.33464114832535885,0.524066985645933,0.11961722488038277,0.69377990430622,-0.5093123014081142,75.3,Bailey Ober
641927,ST,253,-1.0719381095517462,78.41581027667985,0.9344664031620553,0.07027667984189724,0.18181818181818182,0.6086956521739131,-0.4236909523919945,79.7,Bailey Ober
641941,FC,199,0.1522957068444149,86.91557788944723,0.41542713567839196,0.3901507537688442,0.1507537688442211,0.6130653266331658,0.0765305059519673,105.5,Emilio Pagán
641941,FF,654,3.0767618239096626,95.76330275229357,-0.57,1.5414067278287462,0.13149847094801223,0.6681957186544343,0.47045287827364873,125.8,Emilio Pagán
641941,FS,215,0.9399771018799808,83.93348837209302,-0.6166511627906978,0.21483720930232558,0.23255813953488372,0.6511627906976745,0.4371986520372004,124.1,Emilio Pagán
642100,FF,412,1.2841953678665599,95.02184466019418,0.8148058252427184,1.2620631067961166,0.1966019417475728,0.7378640776699029,0.31169790482198056,117.6,Gabe Speier
642100,SI,272,1.9907773730056455,94.35514705882352,1.4570588235294117,0.6124264705882353,0.04044117647058824,0.7352941176470589,0.7319034459579579,139.3,Gabe Speier
642100,SL,237,0.005163433917193814,83.19493670886077,-0.36995780590717303,-0.1548523206751055,0.23628691983122363,0.569620253164557,0.0021786641000817782,101.7,Gabe Speier
642152,CH,140,-0.7433421432888354,87.26214285714286,-1.2960714285714285,0.25871428571428573,0.17142857142857143,0.5571428571428572,-0.5309586737777395,74.2,Lou Trivino
642152,CU,10,-0.24700202986956124,78.74,1.09,-0.695,0.0,0.5,-2.4700202986956126,-25.8,Lou Trivino
642152,FC,203,-1.1412640372513656,91.76403940886699,0.13842364532019705,0.8141379310344828,0.11330049261083744,0.645320197044335,-0.5621990331287515,72.6,Lou Trivino
642152,FF,132,-0.6658134709951563,94.8189393939394,-0.7025,1.1943939393939393,0.09848484848484848,0.6590909090909091,-0.5044041446933003,75.5,Lou Trivino
642152,SI,186,-0.26411654513194344,95.15806451612904,-1.3302150537634407,0.7958064516129033,0.0913978494623656,0.6666666666666666,-0.1419981425440556,94.2,Lou Trivino
642152,ST,170,-0.09156921256998816,80.45882352941176,1.4319411764705883,-0.045294117647058825,0.12352941176470589,0.5529411764705883,-0.05386424268822833,98.8,Lou Trivino
642207,CH,584,5.097971168721278,83.69315068493151,-1.5963698630136987,-0.39592465753424655,0.20376712328767124,0.678082191780822,0.8729402686166572,146.5,Devin Williams
642207,FC,2,0.032213947525715395,92.1,0.0,1.08,0.5,1.0,1.6106973762857697,184.6,Devin Williams
642207,FF,529,-2.3960657031512387,94.09168241965973,-1.0633648393194706,1.30945179584121,0.17013232514177692,0.5992438563327032,-0.4529424769662077,78.2,Devin Williams
642232,CH,209,0.07591063838910521,77.93301435406698,1.4526794258373206,-0.16253588516746412,0.19138755980861244,0.5358851674641149,0.036320879612012066,103.4,Ryan Yarbrough
642232,FC,263,-1.8954347192263847,83.19961977186311,-0.030342205323193917,0.6578326996197719,0.07604562737642585,0.6539923954372624,-0.7206976118731501,64.4,Ryan Yarbrough
642232,FF,141,0.2827413239425299,88.26950354609929,1.241063829787234,0.8887943262411349,0.09929078014184398,0.624113475177305,0.2005257616613687,111.9,Ryan Yarbrough
642232,SI,207,0.6652990715865938,86.92608695652174,1.4740096618357488,0.41294685990338165,0.04830917874396135,0.714975845410628,0.32140051767468303,118.1,Ryan Yarbrough
642232,ST,197,0.37987130112416845,71.79390862944162,-1.0341116751269035,0.6245177664974619,0.19289340101522842,0.6294416243654822,0.19282807163663374,111.5,Ryan Yarbrough
642397,FF,72,0.09046784734352216,97.16388888888889,0.9131944444444444,1.1130555555555555,0.09722222222222222,0.6944444444444444,0.1256497879771141,108.0,Gregory Soto
642397,FS,4,-0.05842773816138566,89.125,1.1825,0.6975,0.0,0.25,-1.4606934540346415,26.2,Gregory Soto
642397,SI,542,2.065132486347484,96.84372693726938,1.4709963099630996,0.7279889298892989,0.06826568265682657,0.6531365313653137,0.38102075393865015,121.2,Gregory Soto
642397,SL,335,-1.4800685651941785,86.2065671641791,-0.2225671641791045,0.3238208955223881,0.23283582089552238,0.6238805970149254,-0.44181151199826224,78.8,Gregory Soto
642397,ST,78,-0.3054440758816321,84.26153846153845,-1.0084615384615385,0.1455128205128205,0.2948717948717949,0.6923076923076923,-0.39159496907901553,81.4,Gregory Soto
642528,CH,88,-0.14346357051884914,90.25795454545454,-1.4130681818181818,0.5393181818181818,0.2159090909090909,0.6704545454545454,-0.16302678468051038,93.1,Jonathan Loáisiga
642528,CU,77,0.006679751333379062,85.94935064935065,0.7476623376623377,0.027142857142857142,0.1038961038961039,0.6363636363636364,0.008675001731661119,102.0,Jonathan Loáisiga
642528,FC,18,-0.22751429334310452,92.99444444444445,0.09111111111111111,0.43277777777777776,0.1111111111111111,0.5,-1.2639682963505807,36.4,Jonathan Loáisiga
642528,FF,14,0.15557345565239128,96.83571428571429,-0.6807142857142857,1.227857142857143,0.0,0.7142857142857143,1.1112389689456519,158.8,Jonathan Loáisiga
642528,SI,270,0.01033951868768733,96.82555555555557,-1.4445555555555554,0.5717037037037037,0.13703703703703704,0.6925925925925925,0.003829451365810122,101.7,Jonathan Loáisiga
642547,CH,655,-2.388562575282991,88.90152671755725,-1.3961832061068702,0.3069160305343511,0.1648854961832061,0.5847328244274809,-0.36466604202793756,82.7,Freddy Peralta
642547,CS,73,-0.3399164505701321,74.67397260273972,0.6632876712328767,-0.7164383561643836,0.2465753424657534,0.6027397260273972,-0.4656389733837426,77.5,Freddy Peralta
642547,CU,392,-0.8932249069722243,79.51352040816326,0.4013775510204082,-0.46724489795918367,0.14285714285714285,0.5892857142857143,-0.22786349667658787,89.8,Freddy Peralta
642547,FF,1651,1.0746163822902641,94.77910357359175,-0.3842943670502726,1.3962689279224711,0.10781344639612356,0.6450635978195033,0.06508881782497057,104.9,Freddy Peralta
642547,SL,282,-0.16957092370697535,83.84751773049645,0.4247517730496454,0.47882978723404257,0.2375886524822695,0.5780141843971631,-0.060131533229423884,98.4,Freddy Peralta
642547,ST,33,0.06667029591838944,80.16060606060607,0.8893939393939394,-0.005757575757575757,0.24242424242424243,0.48484848484848486,0.2020311997526953,112.0,Freddy Peralta
642585,FC,3,0.029204686404595344,91.83333333333333,0.31666666666666665,0.9966666666666667,0.0,0.3333333333333333,0.9734895468198448,151.7,Félix Bautista
642585,FS,179,-1.4397127471874474,88.90614525139665,-0.733463687150838,0.8762011173184358,0.25139664804469275,0.547486033519553,-0.804308797311423,60.1,Félix Bautista
642585,SI,387,-0.6236391802842809,97.22377260981912,-0.39759689922480623,1.72,0.12403100775193798,0.6175710594315246,-0.1611470750088581,93.2,Félix Bautista
642585,SL,57,-0.2326519217797538,85.39298245614034,0.48596491228070177,0.06192982456140351,0.14035087719298245,0.5789473684210527,-0.40816126628026983,80.5,Félix Bautista
642701,CH,61,-0.530422810338481,88.4688524590164,-1.3399999999999999,0.5724590163934427,0.13114754098360656,0.5409836065573771,-0.8695455907188214,56.7,Dennis Santana
642701,FC,103,0.18534760336456438,90.64854368932038,0.07757281553398059,0.8605825242718447,0.0970873786407767,0.6699029126213593,0.1799491294801596,110.8,Dennis Santana
642701,FF,287,0.19899535431601162,94.68188153310105,-0.9085017421602788,1.203205574912892,0.07665505226480836,0.7177700348432056,0.06933636038885423,105.1,Dennis Santana
642701,SI,85,0.5761709516424242,94.55882352941177,-1.379764705882353,0.6843529411764706,0.058823529411764705,0.6941176470588235,0.6778481784028519,136.5,Dennis Santana
642701,SL,466,0.6928239421574908,86.95922746781116,0.24023605150214594,0.23680257510729613,0.20600858369098712,0.7145922746781116,0.14867466569903237,109.2,Dennis Santana
643338,FF,356,2.781440784067477,95.19550561797752,-0.5680337078651685,1.5335393258426968,0.12359550561797752,0.6938202247191011,0.7813035910301903,141.8,Chad Green
643338,SI,16,0.016355646752558347,94.375,-1.088125,0.97125,0.0,0.5625,0.10222279220348966,106.8,Chad Green
643338,SL,337,-0.3598096267676182,88.05103857566766,0.2759347181008902,0.2867062314540059,0.11275964391691394,0.5934718100890207,-0.10676843524261667,96.0,Chad Green
643377,CH,244,-0.15776544455249744,92.31188524590164,-1.1827049180327869,0.19938524590163934,0.27049180327868855,0.6434426229508197,-0.0646579690788924,98.2,Griffin Jax
643377,CU,2,-0.03382110479916248,86.65,0.3,-1.08,0.0,1.0,-1.6910552399581238,14.4,Griffin Jax
643377,FC,44,-0.05622440811442987,93.4,0.18522727272727274,0.6002272727272727,0.13636363636363635,0.6590909090909091,-0.12778274571461334,95.0,Griffin Jax
643377,FF,194,1.1295338268654729,97.01597938144329,-0.4802061855670103,1.3668041237113404,0.09278350515463918,0.7061855670103093,0.5822339313739551,131.6,Griffin Jax
643377,SI,128,0.6251208828229377,96.4578125,-1.18796875,0.873046875,0.0859375,0.703125,0.48837568970542006,126.7,Griffin Jax
643377,ST,481,3.782021706522658,87.77567567567567,1.167151767151767,-0.24365904365904367,0.2182952182952183,0.6756756756756757,0.7862830990691596,142.1,Griffin Jax
643410,CU,212,-1.3525678893254967,74.05707547169811,0.6840094339622641,-1.461132075471698,0.1650943396226415,0.5566037735849056,-0.6380037213799513,68.7,Mark Leiter
643410,FC,25,-0.05246809762363988,91.16799999999999,0.1344,0.7051999999999999,0.08,0.76,-0.20987239049455952,90.7,Mark Leiter
643410,FF,4,-0.1177267029097995,93.45,-0.5775,1.4,0.25,0.25,-2.9431675727449877,-50.2,Mark Leiter
643410,FS,254,-1.5270115794770174,85.80433070866141,-0.6129921259842519,0.3432677165354331,0.23228346456692914,0.562992125984252,-0.6011856612114241,70.5,Mark Leiter
643410,SI,321,0.22937359496939286,93.74641744548286,-1.1512772585669782,1.1210591900311526,0.040498442367601244,0.7165109034267912,0.07145594858859591,105.2,Mark Leiter
643410,SL,16,-0.05038816710531043,83.35625,0.354375,-0.300625,0.0,0.625,-0.3149260444081902,85.3,Mark Leiter
643511,SI,729,1.100486286381872,83.48710562414266,-0.12358024691358026,-1.0843484224965707,0.06995884773662552,0.7722908093278463,0.15095833832398795,109.3,Tyler Rogers
643511,SL,249,-0.21014266453295494,74.05662650602409,0.9096787148594377,1.1539357429718875,0.13654618473895583,0.6626506024096386,-0.08439464439074496,97.2,Tyler Rogers
645261,CH,672,-2.051361654781289,90.42261904761905,-1.4568005952380954,0.40049107142857143,0.15178571428571427,0.6086309523809523,-0.3052621510091204,85.8,Sandy Alcántara
645261,FC,482,-1.9838165878760945,89.26846473029046,0.08180497925311203,0.39531120331950204,0.12448132780082988,0.6348547717842323,-0.4115802049535466,80.3,Sandy Alcántara
645261,FF,495,1.1501805138978662,97.73616161616162,-1.1771919191919193,1.0936969696969696,0.08888888888888889,0.6606060606060606,0.2323596997773467,113.5,Sandy Alcántara
645261,SI,747,8.266093384931464,97.14364123159304,-1.4454350736278447,0.706532797858099,0.06291834002677377,0.7550200803212851,1.1065720729493258,158.6,Sandy Alcántara
645261,SL,495,-2.0016351992139114,85.26303030303029,0.2301010101010101,-0.14496969696969697,0.09292929292929293,0.6080808080808081,-0.4043707473159417,80.7,Sandy Alcántara
647336,CH,154,-1.648974818488116,84.33571428571429,-1.4461688311688312,0.6971428571428572,0.08441558441558442,0.5064935064935064,-1.0707628691481272,46.3,Michael Soroka
647336,FF,694,0.6381091937198037,93.64279538904898,-0.7809221902017291,1.2759798270893372,0.09654178674351585,0.670028818443804,0.0919465697002599,106.3,Michael Soroka
647336,SI,148,-0.07949841371440207,93.2472972972973,-1.3900675675675676,0.7300000000000001,0.033783783783783786,0.7027027027027027,-0.05371514440162302,98.8,Michael Soroka
647336,SV,531,-3.922636959616468,80.42222222222222,0.9955367231638418,-0.6923352165725047,0.15065913370998116,0.6045197740112994,-0.7387263577432143,63.5,Michael Soroka
650556,CH,5,-0.20270084768054739,91.22,-1.334,0.43200000000000005,0.0,0.0,-4.054016953610947,-107.5,Bryan Abreu
650556,FF,594,-1.3528258675840348,97.29629629629629,-0.546010101010101,1.3833333333333333,0.16666666666666666,0.5909090909090909,-0.22774846255623482,89.8,Bryan Abreu
650556,SI,14,-0.09134499558534297,95.95,-1.3642857142857143,0.9621428571428572,0.14285714285714285,0.5,-0.6524642541810212,67.9,Bryan Abreu
650556,SL,576,3.418795760639657,86.49583333333334,0.7030902777777778,-0.5072395833333334,0.2170138888888889,0.6614583333333334,0.5935409306666071,132.1,Bryan Abreu
650633,CH,261,-0.8393325244715557,86.76590038314177,-1.6073946360153255,0.40206896551724136,0.16475095785440613,0.6628352490421456,-0.3215833427094083,85.0,Mike King
650633,FF,297,-0.8972458958093082,93.7013468013468,-0.623905723905724,1.3943434343434344,0.13131313131313133,0.5824915824915825,-0.3021029952219893,86.0,Mike King
650633,SI,360,1.0946956095753801,92.66361111111111,-1.559,0.36108333333333337,0.058333333333333334,0.675,0.30408211377093897,117.2,Mike King
650633,SL,69,-0.39718490734496803,83.7536231884058,0.3682608695652174,-0.09231884057971014,0.10144927536231885,0.5362318840579711,-0.5756303004999537,71.9,Mike King
650633,ST,232,-1.1138995630828434,82.2521551724138,1.2385344827586207,0.2583189655172414,0.125,0.5517241379310345,-0.480129122018467,76.8,Mike King
650644,CU,330,1.006851147952716,77.72181818181818,1.0308181818181819,-1.250030303030303,0.11515151515151516,0.6666666666666666,0.30510640847052,117.3,Aaron Civale
650644,FC,611,1.016724277857371,89.23846153846154,0.38595744680851063,0.9272176759410802,0.12111292962356793,0.6415711947626841,0.1664033187982604,110.1,Aaron Civale
650644,FF,271,-1.6008830849244653,92.05830258302582,-0.6185977859778597,1.4881549815498156,0.08118081180811808,0.5830258302583026,-0.5907317656547842,71.1,Aaron Civale
650644,FS,101,-0.37548311574597676,85.68118811881187,-1.1278217821782177,0.5024752475247525,0.07920792079207921,0.5445544554455446,-0.3717654611346305,82.4,Aaron Civale
650644,SI,293,-1.9968595088595567,92.27952218430035,-1.1999317406143344,0.9790784982935153,0.06825938566552901,0.6279863481228669,-0.6815220166756166,66.4,Aaron Civale
650644,SL,135,0.5836738138248325,83.32962962962964,0.7605925925925926,-0.4223703703703704,0.08148148148148149,0.6370370370370371,0.4323509732035796,123.8,Aaron Civale
650644,ST,6,0.1105661063650807,80.64999999999999,1.1983333333333333,0.5066666666666667,0.0,0.8333333333333334,1.8427684394180115,196.5,Aaron Civale
650893,CU,139,0.6192510150008876,80.13309352517986,-0.640863309352518,-0.6951079136690648,0.09352517985611511,0.6258992805755396,0.4455043273387681,124.5,Génesis Cabrera
650893,FC,146,-0.04346243590851366,89.93698630136986,-0.018493150684931507,0.5957534246575342,0.1780821917808219,0.6575342465753424,-0.02976879171816004,100.0,Génesis Cabrera
650893,FF,163,0.6810139596324007,95.68957055214723,0.6993251533742331,1.3908588957055215,0.12269938650306748,0.656441717791411,0.4177999752346017,123.1,Génesis Cabrera
650893,FS,93,-0.9623884708001307,85.03225806451613,0.6389247311827957,0.6870967741935484,0.26881720430107525,0.5591397849462365,-1.0348263126883126,48.2,Génesis Cabrera
650893,SI,174,-1.2912026341643894,95.41149425287355,1.2791954022988505,1.0037931034482759,0.05172413793103448,0.6436781609195402,-0.7420704794048215,63.3,Génesis Cabrera
650911,CH,1084,4.182184512100959,86.27453874538746,1.409409594095941,-0.09076568265682657,0.2481549815498155,0.6365313653136532,0.3858103793451069,121.4,Cristopher Sánchez
650911,SI,1331,10.216478707979306,95.38489857250188,1.5267843726521413,0.3722689706987228,0.06536438767843726,0.6979714500375658,0.7675791666400681,141.1,Cristopher Sánchez
650911,SL,480,0.5935450169920053,85.67895833333334,-0.132,-0.04558333333333333,0.16666666666666666,0.6666666666666666,0.12365521187333445,107.9,Cristopher Sánchez
655889,FF,70,-0.3842848300660523,96.88000000000001,-0.303,1.3312857142857142,0.1,0.5285714285714286,-0.548978328665789,73.2,Manuel Rodríguez
655889,SI,147,0.14622476412305283,97.22925170068028,-1.183605442176871,0.798843537414966,0.10204081632653061,0.673469387755102,0.09947262865513797,106.7,Manuel Rodríguez
655889,SL,214,-0.09477228077790456,89.41635514018691,0.3131775700934579,0.00032710280373831805,0.1588785046728972,0.677570093457944,-0.044286112513039516,99.3,Manuel Rodríguez
656186,CH,107,-0.4819045660048612,91.78691588785047,-1.3283177570093458,0.09962616822429907,0.18691588785046728,0.6261682242990654,-0.45037809906996373,78.3,Dan Altavilla
656186,FF,121,-1.9069924304507657,96.00991735537191,-0.9282644628099174,1.1636363636363638,0.06611570247933884,0.5537190082644629,-1.576026802025426,20.3,Dan Altavilla
656186,SI,114,-0.05125434678286986,96.58245614035087,-1.3612280701754387,0.7193859649122808,0.11403508771929824,0.6140350877192983,-0.04495995331830689,99.2,Dan Altavilla
656186,SL,114,0.2207552697255012,90.67894736842105,0.23210526315789473,0.4345614035087719,0.05263157894736842,0.631578947368421,0.1936449734434221,111.5,Dan Altavilla
656222,CH,345,-3.0916262656410987,88.82695652173913,1.3236521739130436,0.8175652173913044,0.1681159420289855,0.5507246376811594,-0.8961235552582894,55.3,Jalen Beeks
656222,FC,91,-0.3888722979827158,84.18461538461538,-0.2068131868131868,0.07197802197802197,0.14285714285714285,0.5274725274725275,-0.4273321955854019,79.5,Jalen Beeks
656222,FF,480,-0.8020306873681817,94.37854166666666,0.5549375,1.3073333333333332,0.1125,0.6604166666666667,-0.16708972653503787,92.9,Jalen Beeks
656234,CU,217,-0.6133164736401452,80.56129032258065,1.3389861751152075,-0.7286635944700461,0.17511520737327188,0.6359447004608295,-0.2826343196498365,87.0,Jake Bird
656234,FC,24,-0.4103251037413735,92.57916666666667,-0.0425,0.7324999999999999,0.08333333333333333,0.4583333333333333,-1.709687932255723,13.4,Jake Bird
656234,SI,328,-2.2736945848300865,94.4,-0.9348170731707317,0.03225609756097561,0.07621951219512195,0.6310975609756098,-0.693199568545758,65.8,Jake Bird
656234,ST,388,1.9026186845314954,83.98943298969073,1.1937371134020618,0.5025,0.13659793814432988,0.7319587628865979,0.49036564034316893,126.8,Jake Bird
656240,FF,256,-1.6503331131014094,93.387890625,-0.44460937500000003,1.2255859375,0.0703125,0.59375,-0.644661372305238,68.3,Scott Blewett
656240,FS,135,0.4310037761848062,84.99925925925926,-0.5383703703703704,0.19370370370370368,0.14814814814814814,0.6370370370370371,0.3192620564331898,118.0,Scott Blewett
656240,SI,6,-0.03031497165265587,93.2,-1.0483333333333333,0.9716666666666667,0.0,0.3333333333333333,-0.5052495275442646,75.5,Scott Blewett
656240,SL,314,-0.14469167250300735,84.01178343949044,0.18777070063694268,-0.051433121019108276,0.18152866242038215,0.6496815286624203,-0.04608015047866476,99.2,Scott Blewett
656271,CH,223,0.29707655343911077,88.75515695067266,1.27,0.4266816143497758,0.14798206278026907,0.6591928251121076,0.1332181853987044,108.4,Brock Burke
656271,FF,430,0.6189414905424607,96.11627906976744,0.6987209302325581,1.317139534883721,0.10697674418604651,0.6534883720930232,0.1439398815215025,109.0,Brock Burke
656271,SI,81,-0.29141810176131616,93.48395061728395,1.2564197530864196,0.8867901234567901,0.04938271604938271,0.7160493827160493,-0.35977543427322983,83.0,Brock Burke
656271,SL,280,0.7125793582527306,87.89464285714286,0.08967857142857143,0.42432142857142857,0.14642857142857144,0.6464285714285715,0.25449262794740374,114.7,Brock Burke
656288,CH,312,0.6021124517838202,89.46955128205128,-1.2468910256410255,0.1225,0.12179487179487179,0.657051282051282,0.19298476018712185,111.5,Griffin Canning
656288,FC,50,-0.9155165567282334,89.6,0.017799999999999996,0.6968000000000001,0.08,0.58,-1.8310331134564668,7.1,Griffin Canning
656288,FF,471,-3.6452206524685007,94.06687898089172,-0.7966666666666667,1.3123779193205944,0.07006369426751592,0.583864118895966,-0.7739321979763271,61.6,Griffin Canning
656288,KC,86,-0.277644661600312,81.31279069767442,1.1074418604651162,-0.45709302325581397,0.09302325581395349,0.627906976744186,-0.32284262976780465,84.9,Griffin Canning
656288,SL,410,-0.9121061870172165,87.74463414634147,0.10782926829268293,-0.3696829268292683,0.17560975609756097,0.6536585365853659,-0.2224649236627357,90.1,Griffin Canning
656288,ST,14,0.12786100795122537,86.27142857142857,0.9492857142857142,-0.22214285714285714,0.14285714285714285,0.8571428571428571,0.9132929139373241,148.6,Griffin Canning
656302,CH,37,-0.3745433499772651,78.29729729729729,-0.6664864864864865,1.4297297297297298,0.1891891891891892,0.4864864864864865,-1.0122793242628787,49.4,Dylan Cease
656302,FF,1283,4.150903912036675,97.12049883086516,-0.3091426344505066,1.544419329696025,0.1309431021044427,0.6367887763055339,0.32353109213068393,118.2,Dylan Cease
656302,KC,253,-0.35606176419127655,82.29090909090908,0.254901185770751,-1.2950988142292492,0.10276679841897234,0.5375494071146245,-0.1407358751744176,94.3,Dylan Cease
656302,SI,120,-0.3023747467995642,95.82916666666667,-0.9266666666666666,1.1716666666666666,0.06666666666666667,0.65,-0.2519789556663035,88.6,Dylan Cease
656302,SL,1243,4.895130668253398,89.0722445695897,0.1038133547868061,0.2768543845534996,0.2252614641995173,0.6436041834271923,0.3938158220638293,121.8,Dylan Cease
656302,ST,108,0.9055293443541724,84.33148148148148,0.9693518518518518,-0.6508333333333334,0.1111111111111111,0.6944444444444444,0.8384530966242337,144.8,Dylan Cease
656427,CH,72,-1.4551027944483286,85.80000000000001,-1.126111111111111,0.5626388888888889,0.08333333333333333,0.2777777777777778,-2.0209761034004563,-2.6,Jack Flaherty
656427,FF,1327,-2.595922016959901,92.91567445365486,-0.48574981160512437,1.3199095704596835,0.07686510926902788,0.6902788244159759,-0.19562336224264515,91.5,Jack Flaherty
656427,KC,718,-1.0578833843881572,77.83426183844011,1.0082729805013928,-0.7228551532033426,0.2116991643454039,0.6114206128133705,-0.14733751871701353,93.9,Jack Flaherty
656427,SI,45,-0.5951781102587897,90.73111111111112,-1.2131111111111113,0.6815555555555556,0.1111111111111111,0.4666666666666667,-1.3226180227973106,33.4,Jack Flaherty
656427,SL,669,1.7808483596101885,84.93198804185351,0.5320926756352766,0.23467862481315396,0.13153961136023917,0.6053811659192825,0.2661955694484587,115.3,Jack Flaherty
656457,FC,154,-0.6622137454399184,87.73051948051948,0.051688311688311686,0.9149350649350649,0.12987012987012986,0.6428571428571429,-0.4300089256103366,79.4,Tyler Gilbert
656457,FF,102,-0.6991372506368709,90.52843137254902,0.8475490196078431,0.905,0.10784313725490197,0.6372549019607843,-0.6854286770949715,66.2,Tyler Gilbert
656457,FS,66,-0.5251608456251925,82.98333333333333,1.1759090909090908,0.43681818181818177,0.07575757575757576,0.5303030303030303,-0.7956982509472613,60.5,Tyler Gilbert
656457,SI,263,0.44739415932827625,89.85703422053233,1.4644866920152093,0.27802281368821297,0.06844106463878327,0.6768060836501901,0.17011184765333698,110.3,Tyler Gilbert
656457,ST,254,-1.5283252002410508,81.06732283464567,-0.7415748031496062,0.05795275590551181,0.19291338582677164,0.5748031496062992,-0.6017028347405712,70.5,Tyler Gilbert
656464,FF,248,0.11812400788558768,94.94677419354838,-0.7459677419354839,1.3105241935483871,0.0846774193548387,0.6532258064516129,0.04763064834096277,104.0,Kevin Ginkel
656464,SI,34,0.09834892476136473,94.21176470588235,-1.255294117647059,0.956764705882353,0.029411764705882353,0.5588235294117647,0.2892615434157786,116.5,Kevin Ginkel
656464,SL,209,-0.7550454801059279,84.84306220095694,0.3615311004784689,-0.2220574162679426,0.20574162679425836,0.5741626794258373,-0.36126577995498943,82.9,Kevin Ginkel
656546,FF,422,1.0922122581809905,96.35,-1.0046208530805687,1.4508767772511848,0.12796208530805686,0.6824644549763034,0.25881807065900253,114.9,Jeff Hoffman
656546,FS,268,-2.201228325101703,89.94365671641792,-1.2926865671641792,0.36634328358208956,0.1791044776119403,0.6455223880597015,-0.821353852649889,59.2,Jeff Hoffman
656546,SI,100,0.5532767757469588,96.436,-1.2637,1.1674,0.07,0.68,0.5532767757469588,130.1,Jeff Hoffman
656546,SL,337,-0.9739342942209638,87.00890207715133,0.35531157270029673,0.0023442136498516316,0.21364985163204747,0.6439169139465876,-0.28900127424954414,86.6,Jeff Hoffman
656550,CH,23,-0.0992398186989618,90.17391304347827,-1.0669565217391304,0.09695652173913043,0.08695652173913043,0.5217391304347826,-0.43147747260418173,79.3,Grant Holmes
656550,CU,299,-0.9469602454240805,83.48862876254181,0.37070234113712375,-0.8420066889632106,0.15384615384615385,0.5719063545150501,-0.31670911218196673,85.2,Grant Holmes
656550,FC,297,-0.727915998862925,92.14781144781145,-0.01663299663299663,0.8792255892255892,0.08417508417508418,0.6835016835016835,-0.24508956190670877,88.9,Grant Holmes
656550,FF,641,-2.858907766266351,94.47098283931358,-0.4311232449297972,1.265241809672387,0.06708268330733229,0.6162246489859594,-0.44600745183562424,78.5,Grant Holmes
656550,SI,2,-0.02810144034979866,93.85,-0.76,0.62,0.0,0.0,-1.405072017489933,29.1,Grant Holmes
656550,SL,702,-0.10277201988943624,85.35313390313391,0.2584757834757835,-0.26398860398860396,0.23646723646723647,0.6495726495726496,-0.014639888873139065,100.8,Grant Holmes
656557,FF,44,-0.7710488696613987,94.9590909090909,-0.9718181818181818,0.8079545454545454,0.045454545454545456,0.38636363636363635,-1.752383794684997,11.2,Tanner Houck
656557,FS,142,-0.5793213936277439,89.42676056338028,-1.1109859154929578,-0.2587323943661972,0.09154929577464789,0.5845070422535211,-0.40797281241390415,80.5,Tanner Houck
656557,SI,298,0.21284334774551625,94.45637583892618,-1.4138590604026846,0.04315436241610738,0.07046979865771812,0.6912751677852349,0.07142394219648196,105.2,Tanner Houck
656557,ST,265,-1.0179041620040554,83.51018867924529,1.1831698113207547,-0.18264150943396226,0.13584905660377358,0.6150943396226415,-0.38411477811473793,81.7,Tanner Houck
656605,CH,200,-0.9818681543454412,89.18799999999999,-1.17055,0.1948,0.08,0.61,-0.49093407717272053,76.2,Mitch Keller
656605,CU,210,-2.4010636203324522,77.42428571428572,0.9966190476190476,-1.1765238095238095,0.08571428571428572,0.45714285714285713,-1.143363628729739,42.6,Mitch Keller
656605,FC,3,0.034161612961718976,92.39999999999999,0.10999999999999999,0.7999999999999999,0.0,0.6666666666666666,1.1387204320572992,160.2,Mitch Keller
656605,FF,999,-0.6337778878725633,94.09409409409409,-0.7052952952952953,1.2715515515515514,0.08508508508508508,0.6776776776776777,-0.0634412300172736,98.3,Mitch Keller
656605,SI,510,-0.30804828880519275,92.89333333333333,-1.159078431372549,0.8004509803921569,0.058823529411764705,0.6607843137254902,-0.06040162525592015,98.4,Mitch Keller
656605,SL,401,0.8348703299759601,86.93715710723193,0.380997506234414,-0.04119700748129676,0.14962593516209477,0.6633416458852868,0.2081970897695661,112.3,Mitch Keller
656605,ST,547,1.4103637733828274,82.34058500914077,1.4590493601462524,-0.009853747714808044,0.1425959780621572,0.6873857404021938,0.2578361560114858,114.8,Mitch Keller
656641,CH,324,-2.601923604423232,84.70555555555555,1.2174382716049383,0.823425925925926,0.2191358024691358,0.6018518518518519,-0.8030628408713679,60.1,Jacob Latz
656641,CU,89,-0.4562384595801961,78.27415730337079,-0.5673033707865168,-1.0286516853932584,0.0449438202247191,0.4943820224719101,-0.5126274826743776,75.1,Jacob Latz
656641,FF,685,5.190938660998754,94.23664233576642,0.7297664233576642,1.5642481751824817,0.12408759124087591,0.6554744525547446,0.7578012643793801,140.6,Jacob Latz
656641,SL,290,1.4616113730366032,84.42379310344828,-0.4361379310344828,0.07944827586206896,0.1413793103448276,0.6448275862068965,0.5040039217367598,127.5,Jacob Latz
656730,FF,456,5.549238362282237,99.15065789473684,-0.3375657894736842,1.5872587719298246,0.10307017543859649,0.6929824561403509,1.2169382373425959,164.3,Trevor Megill
656730,KC,297,1.750503983641796,87.56902356902357,0.2643434343434344,-0.5312794612794612,0.23232323232323232,0.6430976430976431,0.5893952806874734,131.9,Trevor Megill
656731,CH,89,-0.9757084158576396,88.20786516853933,-1.396629213483146,0.1915730337078652,0.12359550561797752,0.42696629213483145,-1.0963015908512805,45.0,Tylor Megill
656731,CU,86,-0.5223487170054858,80.39883720930233,0.9096511627906977,-1.2630232558139536,0.09302325581395349,0.6162790697674418,-0.6073822290761464,70.2,Tylor Megill
656731,FF,522,0.2720437418976536,95.43352490421456,-0.5487164750957855,1.4173563218390806,0.13793103448275862,0.6800766283524904,0.0521156593673666,104.2,Tylor Megill
656731,SI,241,0.3566231786963533,94.17053941908713,-1.2983817427385893,0.6536929460580913,0.07468879668049792,0.6721991701244814,0.14797642269558228,109.2,Tylor Megill
656731,SL,283,-0.9587100905294517,83.87809187279152,0.44385159010600705,-0.491095406360424,0.2049469964664311,0.5406360424028268,-0.33876681644150236,84.1,Tylor Megill
656731,ST,13,-0.10089987915908259,83.19999999999999,1.1746153846153846,-0.17923076923076925,0.23076923076923078,0.6923076923076923,-0.7761529166083276,61.5,Tylor Megill
656794,CH,107,-0.21442301114225853,85.31028037383179,1.0393457943925233,0.334392523364486,0.102803738317757,0.6261682242990654,-0.20039533751612945,91.2,Sean Newcomb
656794,CU,83,-1.1214379872483784,79.05783132530121,-1.039277108433735,-1.2175903614457833,0.08433734939759036,0.5662650602409639,-1.351130105118528,31.9,Sean Newcomb
656794,FC,212,-1.195354129023467,89.40754716981132,-0.012169811320754717,0.8186792452830188,0.07075471698113207,0.6273584905660378,-0.5638462872752203,72.5,Sean Newcomb
656794,FF,459,-0.8385431657595983,93.30087145969499,0.8709150326797386,1.318954248366013,0.12200435729847495,0.6753812636165577,-0.18268914286701488,92.1,Sean Newcomb
656794,SI,339,1.6859467362566516,92.49351032448378,1.4284365781710915,0.4465781710914454,0.04424778761061947,0.6578171091445427,0.497329420724676,127.2,Sean Newcomb
656794,SV,346,0.41879519867686243,81.96329479768787,-1.3825433526011561,-0.4817052023121387,0.1416184971098266,0.6416184971098265,0.12103907476209896,107.8,Sean Newcomb
656849,CH,412,-0.35910247269935947,84.55509708737863,1.2153155339805826,0.3796116504854369,0.12378640776699029,0.6116504854368932,-0.08716079434450473,97.0,David Peterson
656849,CU,370,-0.6689640645823688,78.68837837837837,-0.5388648648648648,-0.6785135135135135,0.13783783783783785,0.6513513513513514,-0.18080109853577533,92.2,David Peterson
656849,FF,603,-3.4176435185062,92.25787728026533,0.3855223880597015,1.128407960199005,0.09618573797678276,0.6086235489220564,-0.5667733861535987,72.3,David Peterson
656849,SI,798,0.6599254044447574,91.25012531328322,1.2157894736842105,0.6522681704260651,0.043859649122807015,0.6829573934837093,0.08269741910335307,105.8,David Peterson
656849,SL,516,0.7652145933601482,84.61879844961241,-0.21228682170542637,-0.003042635658914729,0.20930232558139536,0.6375968992248062,0.1482974018139822,109.2,David Peterson
656876,CH,28,-0.20821871708723,89.35000000000001,-0.7407142857142857,0.4060714285714285,0.03571428571428571,0.14285714285714285,-0.7436382753115357,63.2,Drew Rasmussen
656876,CU,99,-0.2359519457379733,80.43232323232323,0.4258585858585858,-0.9738383838383838,0.04040404040404041,0.5555555555555556,-0.23833529872522552,89.3,Drew Rasmussen
656876,FC,728,4.61433225766577,90.29217032967033,0.3775961538461538,0.3214835164835165,0.14285714285714285,0.6552197802197802,0.6338368485804629,134.2,Drew Rasmussen
656876,FF,816,7.075237267399607,95.80575980392157,-0.3417279411764706,1.445404411764706,0.11764705882352941,0.6973039215686274,0.8670633906126969,146.2,Drew Rasmussen
656876,SI,531,1.1921039716684938,95.40018832391713,-1.1981544256120529,1.0937476459510358,0.064030131826742,0.6817325800376648,0.22450168957975403,113.1,Drew Rasmussen
656876,SL,5,-0.09132073558965474,84.56,0.282,-0.534,0.0,1.0,-1.8264147117930947,7.4,Drew Rasmussen
656876,ST,109,0.05690716529062063,84.60366972477064,1.0009174311926605,-0.17605504587155965,0.10091743119266056,0.41284403669724773,0.05220840852350517,104.2,Drew Rasmussen
656945,FF,470,3.551125354871128,96.51914893617021,0.5160638297872341,1.3918723404255318,0.13191489361702127,0.7170212765957447,0.7555585861427931,140.5,Tanner Scott
656945,SI,2,-0.023669321200603336,94.75,1.04,0.5449999999999999,0.5,0.5,-1.1834660600301667,40.5,Tanner Scott
656945,SL,429,1.6720966634225973,88.93496503496503,-0.471002331002331,0.0796037296037296,0.19813519813519814,0.675990675990676,0.38976612200992944,121.6,Tanner Scott
656986,FC,5,-0.07631716687373633,85.67999999999999,0.074,0.21400000000000002,0.4,1.0,-1.5263433374747264,22.9,Bennett Sousa
656986,FF,295,0.4941233415353171,95.0677966101695,0.29711864406779664,1.4147457627118645,0.08813559322033898,0.6745762711864407,0.16749943780858206,110.2,Bennett Sousa
656986,SI,10,-0.10025885051466399,93.92999999999999,0.967,1.079,0.1,0.8,-1.0025885051466399,49.9,Bennett Sousa
656986,SL,418,0.5051911348593955,85.67535885167464,-0.30535885167464116,-0.01404306220095694,0.2703349282296651,0.6626794258373205,0.12085912317210418,107.8,Bennett Sousa
657044,FF,50,-0.729831299462949,91.14399999999999,-0.7802,0.5828,0.06,0.48,-1.459662598925898,26.3,Ryan Thompson
657044,FS,2,-0.08841412119444489,81.15,-0.3,0.12,0.0,0.5,-4.420706059722244,-126.4,Ryan Thompson
657044,SI,334,1.6466671918073972,89.66796407185629,-1.0709281437125748,-0.5918862275449102,0.09281437125748503,0.7065868263473054,0.4930141292836519,127.0,Ryan Thompson
657044,SL,264,-1.5430158060205925,77.95075757575758,1.1583712121212122,0.7394318181818182,0.17424242424242425,0.6287878787878788,-0.5844756840987093,71.4,Ryan Thompson
657097,CH,339,-0.3303836274055536,84.86047197640119,-1.484306784660767,0.9121238938053097,0.20353982300884957,0.6902654867256637,-0.09745829716977983,96.5,Jacob Webb
657097,FF,435,1.3703971120338758,93.37241379310345,-0.7107356321839081,1.4328045977011494,0.11724137931034483,0.6804597701149425,0.31503381885836224,117.8,Jacob Webb
657097,ST,204,-0.16177790567663264,81.97892156862746,1.1508823529411765,-0.4573529411764706,0.08823529411764706,0.5833333333333334,-0.0793028949395258,97.5,Jacob Webb
657277,CH,792,5.3260396539383095,86.49330808080808,-0.7064267676767677,-0.4683080808080808,0.18055555555555555,0.6426767676767676,0.6724797542851402,136.2,Logan Webb
657277,FC,255,-1.7657377598008068,91.0407843137255,-0.16286274509803922,0.6433725490196078,0.09803921568627451,0.6274509803921569,-0.6924461803140418,65.8,Logan Webb
657277,FF,258,-3.3513638441114755,92.77209302325582,-0.7408139534883721,0.8883333333333333,0.1821705426356589,0.5852713178294574,-1.2989782341517349,34.6,Logan Webb
657277,SI,1104,2.498524995147544,92.56576086956522,-1.3089402173913043,0.03807971014492754,0.05253623188405797,0.7083333333333334,0.22631566985032103,113.2,Logan Webb
657277,ST,873,3.2218204578507423,84.63825887743413,1.2169530355097367,-0.0379381443298969,0.1156930126002291,0.6449026345933563,0.36905159883742755,120.6,Logan Webb
657376,FC,501,-1.6212131324479764,92.18343313373254,0.09177644710578842,0.7917564870259481,0.1277445109780439,0.6866267465069861,-0.3235954356183586,84.9,Clarke Schmidt
657376,FF,93,-0.12074314563074784,94.26236559139785,-0.4336559139784946,1.313225806451613,0.12903225806451613,0.7096774193548387,-0.1298313393879009,94.8,Clarke Schmidt
657376,KC,223,0.4698663201369348,85.01748878923767,0.7774887892376682,-1.1460986547085201,0.1210762331838565,0.5515695067264574,0.21070238571162994,112.4,Clarke Schmidt
657376,SI,102,-0.22234642580293998,92.6343137254902,-1.01,0.34627450980392155,0.06862745098039216,0.696078431372549,-0.21798669196366666,90.3,Clarke Schmidt
657376,SL,158,1.1058597401078536,85.27594936708861,0.7369620253164557,0.3798101265822785,0.13291139240506328,0.6582278481012658,0.6999112279163631,137.6,Clarke Schmidt
657376,ST,149,-0.5730125752279981,83.10536912751678,1.3984563758389261,-0.11,0.1610738255033557,0.5503355704697986,-0.38457219813959603,81.7,Clarke Schmidt
657424,CH,47,-0.15327750935270326,85.62127659574467,0.7806382978723404,0.4170212765957447,0.19148936170212766,0.5531914893617021,-0.32612236032490055,84.7,Matt Gage
657424,FF,146,-1.0542748554954986,92.48356164383561,0.015547945205479452,1.2391780821917808,0.136986301369863,0.6301369863013698,-0.7221060654078758,64.3,Matt Gage
657424,SI,50,-0.3742107921679231,93.02,1.0122,1.1748,0.04,0.6,-0.7484215843358462,63.0,Matt Gage
657424,SL,270,1.0046022450966572,85.41111111111111,-0.42477777777777775,0.05892592592592592,0.0962962962962963,0.662962962962963,0.37207490559135453,120.7,Matt Gage
657424,ST,18,-0.14476422509774414,80.88333333333334,-1.0805555555555555,-0.19666666666666666,0.05555555555555555,0.5,-0.8042456949874676,60.1,Matt Gage
657514,CH,104,-0.4275521606852303,79.80192307692307,1.2652884615384616,0.05048076923076923,0.14423076923076922,0.5673076923076923,-0.4111078468127214,80.3,Brennan Bernardino
657514,CU,219,-2.020027254335044,79.21598173515982,-1.3012785388127854,0.09812785388127854,0.1552511415525114,0.547945205479452,-0.9223868741255908,54.0,Brennan Bernardino
657514,FC,103,-0.3802335626230332,86.45922330097086,-0.16184466019417476,0.48359223300970877,0.05825242718446602,0.6407766990291263,-0.36915879866313905,82.5,Brennan Bernardino
657514,FF,2,0.009050242374106558,92.55000000000001,1.03,0.93,0.0,0.0,0.4525121187053279,124.9,Brennan Bernardino
657514,SI,371,1.2461300424498107,90.73072776280323,1.3326954177897574,0.41498652291105126,0.03504043126684636,0.706199460916442,0.335884108477038,118.9,Brennan Bernardino
657514,SL,34,-0.39976098988674774,83.93823529411765,-0.23529411764705882,0.16411764705882353,0.058823529411764705,0.5588235294117647,-1.175767617313964,40.9,Brennan Bernardino
657571,FC,244,1.2767277745315602,88.6344262295082,-0.2350409836065574,0.38241803278688524,0.12704918032786885,0.6639344262295082,0.5232490879227706,128.5,Caleb Ferguson
657571,FF,325,-0.06290350765513059,93.94646153846153,0.40673846153846155,1.3048615384615385,0.1076923076923077,0.6461538461538462,-0.01935492543234787,100.5,Caleb Ferguson
657571,SI,246,0.8893804182436794,93.8930894308943,1.2178455284552845,0.9447967479674796,0.06910569105691057,0.6869918699186992,0.3615367553836095,120.2,Caleb Ferguson
657571,SV,227,-0.07148001609062116,80.46211453744495,-0.7408370044052863,-0.9971806167400882,0.1013215859030837,0.5770925110132159,-0.031488993872520334,99.9,Caleb Ferguson
657585,FC,276,0.2583661139981908,92.4945652173913,0.24768115942028984,0.6109782608695652,0.10507246376811594,0.6847826086956522,0.09361091086890971,106.4,Reed Garrett
657585,FF,39,-0.5565473557490488,97.88717948717948,-0.787948717948718,1.2676923076923077,0.10256410256410256,0.48717948717948717,-1.427044501920638,28.0,Reed Garrett
657585,FS,219,-1.455640475333854,89.08036529680365,-1.0250228310502283,0.05789954337899543,0.1917808219178082,0.4657534246575342,-0.6646760161341799,67.3,Reed Garrett
657585,SI,238,0.33083826473111677,96.95084033613445,-1.4027731092436975,0.6056722689075631,0.07563025210084033,0.6302521008403361,0.13900767425677174,108.7,Reed Garrett
657585,ST,207,0.9994980973358659,86.35314009661835,1.0696135265700484,0.1811111111111111,0.2028985507246377,0.7053140096618358,0.48284932238447625,126.4,Reed Garrett
657612,FC,39,-0.6599364852760322,84.68461538461538,0.37974358974358974,0.23076923076923078,0.15384615384615385,0.46153846153846156,-1.6921448340411083,14.3,Tim Hill
657612,FF,121,-0.6480682517950054,89.93636363636364,1.4960330578512397,0.2253719008264463,0.11570247933884298,0.5867768595041323,-0.5355935965247978,73.9,Tim Hill
657612,SI,739,4.801199197354414,88.3614343707713,1.323748308525034,-0.5352232746955344,0.08119079837618404,0.7293640054127198,0.6496886599938314,135.0,Tim Hill
657649,CH,95,-0.16071693732381936,86.6136842105263,1.298421052631579,0.3818947368421053,0.14736842105263157,0.5578947368421052,-0.16917572349875723,92.8,Jared Koenig
657649,CU,162,-0.5254358595142549,81.65802469135802,-1.0647530864197532,-0.6908024691358025,0.1728395061728395,0.5246913580246914,-0.3243431231569474,84.8,Jared Koenig
657649,FC,181,-0.5673266362721043,90.79337016574584,0.00447513812154696,0.8089502762430939,0.0718232044198895,0.6574585635359116,-0.31344013053707426,85.4,Jared Koenig
657649,FF,14,0.054676811995299654,96.51428571428572,0.38285714285714284,1.2871428571428571,0.21428571428571427,0.5,0.3905486571092832,121.7,Jared Koenig
657649,SI,591,3.161940796333184,95.83874788494077,1.2261252115059222,0.9315736040609136,0.07952622673434856,0.6954314720812182,0.5350153631697435,129.1,Jared Koenig
657746,FF,1404,5.842023012646317,93.6594017094017,-1.0507407407407408,1.1413105413105413,0.14957264957264957,0.7264957264957265,0.41609850517423913,123.0,Joe Ryan
657746,FS,310,-1.4525724382215874,87.61032258064516,-1.2713870967741936,0.09454838709677418,0.09032258064516129,0.4645161290322581,-0.46857175426502823,77.4,Joe Ryan
657746,KC,109,-0.9965273241642019,79.13577981651376,1.0388990825688074,-0.8133027522935781,0.1926605504587156,0.5504587155963303,-0.9142452515267907,54.4,Joe Ryan
657746,SI,346,1.1598952916413554,93.20317919075144,-1.3677167630057805,0.7089884393063584,0.07225433526011561,0.6907514450867052,0.33522985307553627,118.8,Joe Ryan
657746,SL,258,-0.6518811090611066,87.91317829457364,0.0048449612403100775,0.5581395348837209,0.10077519379844961,0.5775193798449613,-0.25266709653531266,88.5,Joe Ryan
657746,ST,367,-0.7248956582903808,80.64741144414168,1.3120163487738419,0.013841961852861035,0.1444141689373297,0.5994550408719346,-0.19751925294015826,91.4,Joe Ryan
660271,CU,66,-0.24827693182325095,78.56818181818181,0.9081818181818182,-1.1353030303030305,0.16666666666666666,0.5151515151515151,-0.3761771694291681,82.1,Shohei Ohtani
660271,FC,50,-0.1936831176992279,93.874,0.18100000000000002,0.6258,0.1,0.72,-0.3873662353984558,81.6,Shohei Ohtani
660271,FF,292,1.3795780304793503,98.41746575342466,-0.4388698630136986,1.2084931506849315,0.1267123287671233,0.684931506849315,0.47245822961621586,125.9,Shohei Ohtani
660271,FS,35,-0.3324441530388369,90.3,-1.1105714285714285,0.2134285714285714,0.08571428571428572,0.3142857142857143,-0.9498404372538196,52.6,Shohei Ohtani
660271,SI,53,-0.21806131800479747,96.20943396226416,-1.1839622641509433,0.5605660377358491,0.07547169811320754,0.5849056603773585,-0.4114364490656556,80.3,Shohei Ohtani
660271,SL,85,0.13704408956797337,88.11529411764707,0.2796470588235294,-0.03882352941176471,0.2823529411764706,0.7176470588235294,0.16122834066820396,109.9,Shohei Ohtani
660271,ST,172,1.0148643298634827,84.97906976744186,1.0955813953488371,0.2812209302325581,0.22093023255813954,0.7093023255813954,0.5900374010834203,132.0,Shohei Ohtani
660787,CH,163,-0.22636679158878284,88.24969325153374,-1.1723926380368097,0.03773006134969325,0.18404907975460122,0.5705521472392638,-0.13887533226305696,94.4,Yerry De los santos
660787,FF,65,-0.10116118896061718,95.18307692307691,-1.1623076923076923,1.0829230769230769,0.12307692307692308,0.6307692307692307,-0.1556325984009495,93.5,Yerry De los santos
660787,SI,306,1.776507299215275,95.5297385620915,-1.4418954248366014,0.6785947712418301,0.049019607843137254,0.7058823529411765,0.5805579409200246,131.5,Yerry De los santos
660787,SL,56,-0.3807676435020398,85.08571428571429,0.3432142857142857,0.10250000000000001,0.16071428571428573,0.5357142857142857,-0.6799422205393568,66.5,Yerry De los santos
660825,FC,3,-0.052397501779916096,88.16666666666667,0.41,0.7266666666666666,0.0,0.3333333333333333,-1.74658339266387,11.5,Eduard Bazardo
660825,FF,175,-1.4115535964254955,94.84114285714286,-0.6934285714285714,1.3467428571428572,0.08,0.64,-0.8066020551002832,60.0,Eduard Bazardo
660825,FS,25,0.09931489782208251,90.2,-1.202,0.6896000000000001,0.04,0.56,0.3972595912883301,122.0,Eduard Bazardo
660825,SI,497,1.749366034739324,95.52072434607646,-1.3325553319919516,0.9232796780684105,0.06841046277665996,0.6639839034205232,0.35198511765378754,119.7,Eduard Bazardo
660825,ST,524,1.6185090857104383,82.50801526717557,1.3401335877862597,-0.34291984732824426,0.10114503816793893,0.6641221374045801,0.3088757797157325,117.5,Eduard Bazardo
660853,CH,168,0.33085206099002484,87.62559523809524,-1.358095238095238,0.6361904761904762,0.17261904761904762,0.6190476190476191,0.19693575058930052,111.7,Enyel De los santos
660853,FF,540,1.0823738381647299,96.15814814814816,-0.8893518518518518,1.0820925925925926,0.13333333333333333,0.6888888888888889,0.20043959966013516,111.9,Enyel De los santos
660853,SL,397,-0.32056284937881857,88.34911838790931,0.11168765743073049,0.5285138539042821,0.17632241813602015,0.6397984886649875,-0.08074630966720871,97.4,Enyel De los santos
660896,CH,20,-0.7529232016341468,90.47,-1.2295,1.0435,0.1,0.5,-3.764616008170734,-92.5,Jorge Alcalá
660896,CU,246,-1.4894035743436842,85.38536585365853,0.3307317073170732,-0.40252032520325204,0.09349593495934959,0.5934959349593496,-0.6054486074567822,70.3,Jorge Alcalá
660896,FF,491,0.31260078665803953,97.3572301425662,-0.7439714867617109,1.4787780040733198,0.1446028513238289,0.6537678207739308,0.0636661479955274,104.8,Jorge Alcalá
660896,SI,138,-0.49952217246408837,96.82536231884058,-1.2517391304347827,0.9897101449275363,0.13043478260869565,0.6666666666666666,-0.361972588742093,82.9,Jorge Alcalá
660896,SL,163,-0.3138968072086316,89.89386503067485,0.2734969325153374,0.4097546012269939,0.09202453987730061,0.656441717791411,-0.19257472834885375,91.6,Jorge Alcalá
661395,FF,377,1.0978517492881466,100.56604774535809,-1.1040848806366048,1.0539257294429707,0.1830238726790451,0.6710875331564987,0.291207360553885,116.6,Jhoan Durán
661395,FS,428,3.042149506846501,97.7502336448598,-1.168714953271028,0.1380841121495327,0.13551401869158877,0.7149532710280374,0.7107825950575937,138.2,Jhoan Durán
661395,KC,206,-0.38006288352418993,87.60097087378641,0.46883495145631066,-0.8641747572815535,0.18446601941747573,0.6019417475728155,-0.1844965454000922,92.0,Jhoan Durán
661395,ST,62,-0.7428513654443168,87.23709677419355,1.0138709677419355,-0.1903225806451613,0.1774193548387097,0.41935483870967744,-1.1981473636198658,39.8,Jhoan Durán
661403,FC,514,3.525955429905102,98.92003891050584,0.33943579766536963,1.042023346303502,0.16342412451361868,0.7140077821011673,0.6859835466741443,136.9,Emmanuel Clase
661403,SI,7,-0.16707041093327146,98.51428571428572,-0.4857142857142857,1.0942857142857143,0.14285714285714285,0.5714285714285714,-2.3867201561895923,-21.5,Emmanuel Clase
661403,SL,225,0.3451735178867384,88.50888888888889,0.6878666666666667,0.1464888888888889,0.2,0.6133333333333333,0.15341045239410595,109.4,Emmanuel Clase
661563,CH,229,-1.9539330691595351,90.80349344978166,-1.2026200873362445,0.4040174672489083,0.06550218340611354,0.5851528384279476,-0.8532458817290546,57.6,Luis Gil
661563,FF,491,0.12048964343589787,95.34887983706722,-0.23171079429735233,1.3585336048879837,0.0855397148676171,0.639511201629328,0.02453964224763704,102.8,Luis Gil
661563,SL,250,-1.1080371554294477,86.6664,0.6606799999999999,0.48756,0.14,0.584,-0.443214862171779,78.7,Luis Gil
662253,CH,22,-0.37782825791076374,91.55454545454546,-1.1177272727272727,-0.2809090909090909,0.18181818181818182,0.45454545454545453,-1.7174011723216536,13.0,Andrés Muñoz
662253,FF,362,0.9570420319278967,98.4060773480663,-0.9398066298342541,1.1150552486187846,0.09668508287292818,0.649171270718232,0.2643762519137836,115.2,Andrés Muñoz
662253,SI,129,-0.37108918669127633,97.77054263565891,-1.4191472868217054,0.515968992248062,0.046511627906976744,0.6356589147286822,-0.28766603619478787,86.7,Andrés Muñoz
662253,SL,522,-1.6291677505049906,86.06647509578544,0.4879310344827586,-0.12620689655172412,0.2547892720306513,0.6513409961685823,-0.31210110162930854,85.5,Andrés Muñoz
663158,CH,257,-0.25773300533985577,90.4953307392996,-1.4275875486381322,0.6523346303501946,0.15953307392996108,0.5719844357976653,-0.10028521608554698,96.4,Robert Suarez
663158,FC,2,0.04943465313991133,91.5,0.36,0.5,0.0,1.0,2.471732656995566,229.0,Robert Suarez
663158,FF,682,6.544876229940272,98.61143695014663,-0.5690615835777126,1.5054545454545456,0.13196480938416422,0.6994134897360704,0.9596592712522393,151.0,Robert Suarez
663158,SI,135,1.314687331444938,98.43407407407408,-1.0754074074074074,1.3230370370370372,0.06666666666666667,0.7851851851851852,0.9738424677369912,151.7,Robert Suarez
663372,CH,97,-1.0396442990092445,84.7041237113402,-0.39288659793814434,0.451958762886598,0.18556701030927836,0.5051546391752577,-1.071798246401283,46.3,Ryan Feltner
663372,CU,33,-0.205769882344114,78.66060606060607,0.8536363636363635,-0.9712121212121211,0.12121212121212122,0.6060606060606061,-0.6235450980124666,69.4,Ryan Feltner
663372,FF,174,-1.3370565132002443,93.5919540229885,-0.29442528735632184,0.9491379310344827,0.07471264367816093,0.632183908045977,-0.7684232834484163,61.9,Ryan Feltner
663372,SI,65,-0.15675804670223015,93.38,-0.8592307692307692,0.6055384615384616,0.06153846153846154,0.676923076923077,-0.2411662256957387,89.1,Ryan Feltner
663372,SL,89,0.4069967824431314,87.97415730337079,0.44786516853932584,0.4651685393258427,0.16853932584269662,0.6853932584269663,0.4572997555540802,125.1,Ryan Feltner
663372,ST,64,0.09882278424410568,81.4734375,1.2040625,-0.11515625,0.203125,0.625,0.15441060038141513,109.5,Ryan Feltner
663399,CH,75,-0.09921280367362093,83.51599999999999,1.1566666666666667,0.3801333333333334,0.05333333333333334,0.5333333333333333,-0.13228373823149456,94.7,Brandon Waddell
663399,FF,116,-0.819637358519827,90.74655172413793,0.2788793103448276,1.2827586206896553,0.09482758620689655,0.5517241379310345,-0.7065839297584715,65.1,Brandon Waddell
663399,SI,111,0.2533430397450862,90.97117117117116,1.2439639639639641,0.7774774774774774,0.08108108108108109,0.6846846846846847,0.2282369727433209,113.3,Brandon Waddell
663399,SL,89,0.42636863308079676,86.38876404494383,-0.4056179775280899,0.4040449438202247,0.14606741573033707,0.6741573033707865,0.47906587986606375,126.2,Brandon Waddell
663399,ST,121,0.29479932359651106,78.79421487603307,-1.3259504132231406,0.27553719008264466,0.09917355371900827,0.6198347107438017,0.24363580462521575,114.1,Brandon Waddell
663423,CH,9,-0.06750558978817468,87.12222222222222,-0.8388888888888889,0.3244444444444444,0.1111111111111111,0.7777777777777778,-0.7500621087574965,62.9,Trent Thornton
663423,CU,122,-0.34318641476360584,80.95409836065573,0.7684426229508197,-1.1204098360655736,0.10655737704918032,0.6639344262295082,-0.28130033997016873,87.0,Trent Thornton
663423,FC,149,0.9323885310108448,90.05369127516778,0.30785234899328856,0.4106711409395973,0.10738255033557047,0.697986577181208,0.6257641147723791,133.8,Trent Thornton
663423,FF,217,0.20661621055580023,94.41336405529954,-0.3022119815668203,1.322488479262673,0.08755760368663594,0.6405529953917051,0.09521484357410148,106.4,Trent Thornton
663423,FS,15,-0.2699695379916569,84.84666666666666,-0.8366666666666667,0.5453333333333333,0.13333333333333333,0.26666666666666666,-1.7997969199443793,8.8,Trent Thornton
663423,SI,16,-0.13770457037211137,93.54375,-0.929375,0.6775,0.125,0.6875,-0.8606535648256961,57.2,Trent Thornton
663423,SL,6,0.1282682636759287,84.03333333333333,0.5683333333333334,-0.3416666666666666,0.0,0.5,2.137804394598812,211.7,Trent Thornton
663423,ST,122,-0.44021544007556657,80.1532786885246,1.3607377049180327,0.014344262295081968,0.11475409836065574,0.7295081967213115,-0.3608323279307923,82.9,Trent Thornton
663436,CH,563,-1.4314210415853286,90.16305506216696,-1.1943516873889874,0.10476021314387213,0.0941385435168739,0.6074600355239786,-0.2542488528570743,88.4,Davis Martin
663436,CU,111,-0.9599476875348051,78.80630630630631,1.1443243243243242,-0.7583783783783784,0.0990990990990991,0.5225225225225225,-0.8648177365178424,57.0,Davis Martin
663436,FC,41,0.08678389467873246,90.00731707317074,0.25878048780487806,0.6217073170731707,0.1951219512195122,0.8048780487804879,0.2116680358017865,112.5,Davis Martin
663436,FF,755,-2.4634148027254015,93.95324503311258,-0.521205298013245,1.2540927152317882,0.10728476821192053,0.6516556291390728,-0.3262801063212452,84.7,Davis Martin
663436,SI,242,2.41752509611388,92.98429752066116,-1.2858264462809919,0.7162396694214876,0.04132231404958678,0.7644628099173554,0.998977312443752,153.0,Davis Martin
663436,SL,497,-1.641207247654179,88.06317907444668,0.14744466800804829,0.3920321931589537,0.1488933601609658,0.5995975855130785,-0.33022278624832574,84.5,Davis Martin
663436,ST,98,-0.20559219298165818,83.38265306122449,0.8300000000000001,0.16520408163265307,0.09183673469387756,0.5714285714285714,-0.20978795202210015,90.7,Davis Martin
663455,CH,108,-1.9257444453588033,85.58055555555556,1.3591666666666666,0.05740740740740741,0.1574074074074074,0.4722222222222222,-1.7830967086655585,9.6,Konnor Pilkington
663455,FF,295,-0.9705289200834898,94.48033898305086,1.006406779661017,1.2204406779661017,0.09491525423728814,0.6508474576271186,-0.3289928542655898,84.6,Konnor Pilkington
663455,SL,97,-0.7507946452717069,85.28865979381443,-0.06092783505154639,0.07948453608247423,0.20618556701030927,0.5567010309278351,-0.7740150982182545,61.6,Konnor Pilkington
663460,CH,378,-1.1204418075466758,85.47962962962963,0.9453968253968255,0.01537037037037037,0.21428571428571427,0.6296296296296297,-0.29641317659964966,86.3,Kris Bubic
663460,FF,684,3.300156445213829,92.13494152046783,0.3605701754385965,1.5125877192982455,0.13450292397660818,0.6812865497076024,0.4824790124581621,126.4,Kris Bubic
663460,SI,117,-0.48273718266515153,91.58888888888889,1.128888888888889,0.7871794871794872,0.042735042735042736,0.6837606837606838,-0.41259588261978764,80.3,Kris Bubic
663460,SL,243,0.9911214215880649,85.36337448559671,-0.11020576131687243,0.027901234567901237,0.13580246913580246,0.6584362139917695,0.4078688977728662,122.6,Kris Bubic
663460,ST,373,1.8161751498893712,82.9396782841823,-1.0910455764075067,-0.3953887399463807,0.11796246648793565,0.646112600536193,0.4869102278523783,126.6,Kris Bubic
663465,CH,200,-1.1783052699252285,81.442,1.17665,0.52195,0.085,0.615,-0.5891526349626143,71.2,Kolby Allard
663465,CU,132,-1.099578814291732,72.05984848484849,-0.6345454545454546,-1.0913636363636363,0.05303030303030303,0.5606060606060606,-0.8330142532513121,58.6,Kolby Allard
663465,FC,193,0.5913328411497467,84.89637305699482,-0.3902590673575129,0.557979274611399,0.07253886010362694,0.6632124352331606,0.30639007313458383,117.3,Kolby Allard
663465,FF,389,0.570614817738469,90.0668380462725,0.5147043701799486,1.3491516709511568,0.13367609254498714,0.7275064267352185,0.14668761381451645,109.1,Kolby Allard
663465,SI,86,-0.4019768251041938,90.5906976744186,1.1118604651162791,1.053139534883721,0.06976744186046512,0.7558139534883721,-0.4674149129118533,77.4,Kolby Allard
663485,CU,213,-1.4804973700504542,81.68169014084508,1.3983568075117372,-0.4715023474178404,0.07981220657276995,0.5023474178403756,-0.6950691878171146,65.7,Cole Sands
663485,FC,272,-0.1500563234215652,89.47610294117646,0.16900735294117647,0.6634926470588235,0.11764705882352941,0.6838235294117647,-0.05516776596381073,98.7,Cole Sands
663485,FF,304,-0.10128311402282428,95.02269736842106,-0.9398355263157894,1.1363157894736842,0.11842105263157894,0.6973684210526315,-0.03331681382329746,99.8,Cole Sands
663485,FS,247,0.8636411651707939,88.20809716599192,-1.195587044534413,0.04360323886639676,0.1214574898785425,0.659919028340081,0.34965229359141453,119.6,Cole Sands
663485,SI,103,0.1799705665618727,93.98932038834951,-1.3669902912621361,0.5748543689320389,0.06796116504854369,0.6504854368932039,0.17472870539987642,110.5,Cole Sands
663485,SL,4,0.014749827264928347,86.225,0.2875,0.0175,0.25,1.0,0.36874568162320864,120.6,Cole Sands
663554,FF,790,-0.01355605469406319,94.59772151898734,-0.6741518987341772,1.4374683544303797,0.08987341772151898,0.6316455696202532,-0.0017159562903877458,101.5,Casey Mize
663554,FS,569,0.4906239047280784,88.59472759226713,-1.1994200351493849,0.36420035149384883,0.20210896309314588,0.671353251318102,0.0862256423072194,106.0,Casey Mize
663554,SI,297,2.498964844502534,94.77306397306397,-1.1590572390572391,1.1217845117845118,0.06734006734006734,0.797979797979798,0.8414023045463077,144.9,Casey Mize
663554,SL,384,0.812176436795169,88.16067708333333,0.18601562500000002,0.37752604166666665,0.08333333333333333,0.6536458333333334,0.21150428041540859,112.4,Casey Mize
663554,SV,313,-0.35493474415708987,83.62651757188497,0.5889776357827475,-0.044920127795527155,0.13738019169329074,0.5782747603833865,-0.11339768183932585,95.7,Casey Mize
663559,CU,246,-0.40251114898423074,77.82520325203252,-0.28764227642276424,-0.18654471544715448,0.09349593495934959,0.5894308943089431,-0.16362241828627266,93.1,Bailey Falter
663559,FF,992,2.067896557231331,92.14264112903226,0.31663306451612905,1.542681451612903,0.07661290322580645,0.6592741935483871,0.20845731423702932,112.3,Bailey Falter
663559,FS,151,-2.192758953266704,85.27350993377483,0.3149006622516556,0.8766225165562914,0.052980132450331126,0.5364238410596026,-1.4521582471964924,26.7,Bailey Falter
663559,SI,191,0.8665836655443515,92.18952879581153,0.6248167539267016,1.5237172774869108,0.07329842931937172,0.7486910994764397,0.45370872541589086,124.9,Bailey Falter
663559,SL,354,-1.02229600580206,85.09265536723164,-0.395,0.534774011299435,0.11864406779661017,0.6101694915254238,-0.28878418242996046,86.7,Bailey Falter
663559,SV,17,-0.3497007210372174,80.21176470588235,-0.5364705882352941,0.035882352941176476,0.17647058823529413,0.4117647058823529,-2.057063064924808,-4.5,Bailey Falter
663568,CH,196,-0.19631555545707344,87.48673469387757,-1.1264795918367347,-0.045204081632653055,0.10714285714285714,0.5306122448979592,-0.10016099768218033,96.4,Stephen Kolek
663568,CU,1,-0.03204393797977107,78.6,0.87,-0.92,0.0,0.0,-3.204393797977107,-63.7,Stephen Kolek
663568,FC,256,-0.22803250126512695,90.45546875,0.0022265625000000002,0.6366015625,0.09375,0.69140625,-0.08907519580669021,96.9,Stephen Kolek
663568,FF,433,-2.3444063527237478,94.02147806004619,-0.6857736720554273,1.0733949191685912,0.06235565819861432,0.6027713625866051,-0.5414333378114892,73.6,Stephen Kolek
663568,SI,407,0.44759516351942497,93.57174447174447,-1.3326781326781327,0.366977886977887,0.06633906633906633,0.7051597051597052,0.10997424165096438,107.2,Stephen Kolek
663568,SL,279,-0.3654749747764864,85.39569892473119,0.2295340501792115,-0.035913978494623654,0.11469534050179211,0.6630824372759857,-0.1309946146152281,94.8,Stephen Kolek
663568,ST,117,0.011019982626623863,82.52991452991454,1.1763247863247863,-0.01914529914529915,0.07692307692307693,0.5982905982905983,0.009418788569763987,102.0,Stephen Kolek
663574,CH,1,-0.06959179622184837,95.1,-0.84,0.85,0.0,0.0,-6.959179622184837,-257.2,Tony Santillan
663574,FF,799,-2.295905906940471,96.25607008760952,-0.9719023779724655,1.1104630788485608,0.11764705882352941,0.6821026282853567,-0.2873474226458662,86.7,Tony Santillan
663574,SL,165,-0.27642018398220664,86.53757575757577,0.5772121212121212,0.18606060606060607,0.15757575757575756,0.5636363636363636,-0.16752738423164037,92.9,Tony Santillan
663574,SV,265,-0.9665017793210783,86.0954716981132,0.8916981132075472,-0.4789433962264151,0.16981132075471697,0.5886792452830188,-0.3647176525739918,82.7,Tony Santillan
663623,CH,228,-0.44807136367283473,85.60350877192982,-1.3002631578947368,0.3944736842105263,0.08333333333333333,0.6447368421052632,-0.1965225279266819,91.4,Jake Irvin
663623,CU,872,0.9338361681888115,77.81857798165137,1.235401376146789,-0.34979357798165134,0.1158256880733945,0.6639908256880734,0.10709130369137747,107.1,Jake Irvin
663623,FC,129,-0.14742272241474869,87.29767441860464,0.247984496124031,0.542015503875969,0.09302325581395349,0.5581395348837209,-0.11428118016647185,95.6,Jake Irvin
663623,FF,941,-5.937371644809996,92.3634431455898,-0.7836238044633369,1.225058448459086,0.08076514346439957,0.6025504782146652,-0.6309640430191282,69.0,Jake Irvin
663623,SI,652,2.725499833934006,91.89018404907976,-1.3742484662576686,0.5486196319018405,0.049079754601226995,0.7147239263803681,0.41802144692239357,123.1,Jake Irvin
663623,SL,122,-0.06100721118574498,83.57295081967213,0.6184426229508196,0.017868852459016392,0.09016393442622951,0.5737704918032787,-0.05000591080798769,99.0,Jake Irvin
663671,CH,1,-0.05519926806935322,85.6,-1.15,0.88,0.0,0.0,-5.519926806935322,-183.0,Nic Enright
663671,CU,43,-0.6258648441824168,82.65813953488373,0.48000000000000004,-0.48953488372093024,0.11627906976744186,0.3953488372093023,-1.4554996376335276,26.5,Nic Enright
663671,FF,353,1.1092508043316134,93.17025495750708,-0.3870821529745042,1.6523229461756372,0.09631728045325778,0.660056657223796,0.3142353553347347,117.7,Nic Enright
663671,SL,135,-0.017371118493656832,85.02148148148147,0.22925925925925925,0.3482962962962963,0.24444444444444444,0.6592592592592592,-0.012867495180486542,100.9,Nic Enright
663687,CH,148,0.00910908148750477,81.9804054054054,1.3386486486486486,1.1814189189189188,0.10135135135135136,0.6418918918918919,0.006154784788854575,101.9,Hogan Harris
663687,CU,256,1.2490359677168965,73.547265625,-0.689765625,-1.453671875,0.1171875,0.62109375,0.4879046748894127,126.7,Hogan Harris
663687,FC,29,-0.08135089712156156,89.05862068965517,0.06103448275862068,1.0875862068965516,0.0,0.4827586206896552,-0.2805203349019364,87.1,Hogan Harris
663687,FF,639,2.3785250166843777,93.45007824726135,0.7009389671361502,1.4579186228482004,0.10485133020344288,0.6666666666666666,0.3722261371963032,120.7,Hogan Harris
663687,SL,18,-0.11834424863177748,84.41666666666667,-0.48500000000000004,1.0116666666666667,0.05555555555555555,0.4444444444444444,-0.6574680479543192,67.6,Hogan Harris
663687,ST,35,-0.048241846989177994,78.18,-0.9825714285714285,-0.4905714285714286,0.11428571428571428,0.4857142857142857,-0.13783384854050854,94.4,Hogan Harris
663738,CH,209,0.2730656618054673,85.98038277511962,1.2561244019138755,0.16023923444976076,0.12440191387559808,0.6555023923444976,0.13065342670118052,108.3,Daniel Lynch
663738,FF,247,-1.5042072320078443,94.07773279352227,0.8535627530364372,1.2310121457489878,0.05668016194331984,0.5748987854251012,-0.6089907821894107,70.1,Daniel Lynch
663738,KC,107,0.18781031251012684,82.55327102803739,-0.2557943925233645,-0.23224299065420562,0.08411214953271028,0.6915887850467289,0.1755236565515204,110.6,Daniel Lynch
663738,SI,207,0.26580626136308955,93.76376811594203,1.3848309178743963,0.7009661835748792,0.057971014492753624,0.6231884057971014,0.128408821914536,108.2,Daniel Lynch
663738,SL,318,-0.30531152613991425,86.80094339622642,-0.15531446540880503,0.300062893081761,0.13522012578616352,0.6069182389937107,-0.09600991388047618,96.6,Daniel Lynch
663765,FC,62,-0.4052899401729921,88.96451612903226,0.06048387096774194,0.5877419354838709,0.0967741935483871,0.6129032258064516,-0.6536934518919227,67.8,Jake Woodford
663765,FF,108,-1.1979731315911661,93.06111111111112,-0.5180555555555556,1.0937962962962962,0.1111111111111111,0.48148148148148145,-1.1092343811029315,44.4,Jake Woodford
663765,FS,116,-0.4148539739723675,86.5155172413793,-0.6698275862068965,-0.01456896551724138,0.08620689655172414,0.6379310344827587,-0.35763273618307545,83.1,Jake Woodford
663765,SI,196,1.0545514727203125,93.2545918367347,-1.2773979591836735,0.4802040816326531,0.04591836734693878,0.7295918367346939,0.5380364656736288,129.3,Jake Woodford
663765,ST,143,-0.03490803696425734,81.09650349650349,1.177902097902098,-0.05272727272727273,0.06993006993006994,0.5454545454545454,-0.024411214660319817,100.3,Jake Woodford
663767,CH,49,-0.45911751047050187,88.1795918367347,-1.21265306122449,0.5361224489795918,0.04081632653061224,0.46938775510204084,-0.9369745111642895,53.2,Chase Shugart
663767,FC,176,0.4152960599943436,89.85568181818182,0.3410227272727273,0.5349431818181819,0.125,0.625,0.23596367045133157,113.7,Chase Shugart
663767,FF,128,-1.804337055497244,95.35625,-0.568125,1.248046875,0.0546875,0.5703125,-1.409638324607222,28.9,Chase Shugart
663767,SI,140,0.14863663607078076,94.29642857142858,-1.1592857142857145,0.7175714285714285,0.09285714285714286,0.6785714285714286,0.1061690257648434,107.0,Chase Shugart
663767,ST,199,-0.20007123940033733,80.94221105527639,1.4284924623115578,0.0009045226130653263,0.1507537688442211,0.592964824120603,-0.10053831125645092,96.4,Chase Shugart
663855,FF,111,-0.258986925196286,97.36486486486487,-0.8792792792792792,1.1058558558558558,0.0990990990990991,0.5405405405405406,-0.23332155423088832,89.5,Jordan Hicks
663855,FS,72,-0.4604175110697161,89.19861111111112,-0.8305555555555555,0.20194444444444445,0.16666666666666666,0.5277777777777778,-0.6394687653746057,68.6,Jordan Hicks
663855,SI,652,2.5266930808876253,97.50490797546011,-1.3526380368098159,0.6246932515337423,0.03987730061349693,0.6702453987730062,0.38752961363307137,121.5,Jordan Hicks
663855,SL,92,-1.2744521658144148,84.3445652173913,0.30195652173913046,-0.3258695652173913,0.1956521739130435,0.5,-1.3852740932765377,30.1,Jordan Hicks
663855,ST,272,-1.2325681707708964,82.5404411764706,0.88125,0.1784558823529412,0.19852941176470587,0.6029411764705882,-0.4531500627834178,78.2,Jordan Hicks
663893,FC,97,-1.211070897449026,93.38556701030927,0.108659793814433,0.5292783505154639,0.13402061855670103,0.6288659793814433,-1.248526698401058,37.2,Brendon Little
663893,KC,571,-4.0550376406590445,86.99719789842382,-0.18877408056042033,-0.6273555166374781,0.24518388791593695,0.5341506129597198,-0.7101642102730376,64.9,Brendon Little
663893,SI,572,-2.6412404730246744,93.40856643356643,1.2200874125874126,-0.15763986013986014,0.11538461538461539,0.5926573426573427,-0.4617553274518661,77.7,Brendon Little
663903,FC,264,-1.9054400778886367,87.47878787878788,0.13825757575757575,0.6211742424242425,0.10984848484848485,0.6022727272727273,-0.7217576052608472,64.3,Brady Singer
663903,FF,304,-2.6772312892672856,91.29605263157895,-0.5222368421052631,1.20375,0.09539473684210527,0.5493421052631579,-0.8806681872589756,56.1,Brady Singer
663903,SI,1157,0.01196778771252055,92.195246326707,-1.3270527225583406,0.845980985306828,0.06482281763180639,0.6542783059636992,0.0010343809604598574,101.6,Brady Singer
663903,SL,809,-0.07463498289319614,82.59542645241038,0.40629171817058096,-0.09454882571075401,0.1446229913473424,0.630407911001236,-0.009225585030061328,101.1,Brady Singer
663903,ST,316,-1.5476652691792945,81.62183544303798,0.7467721518987341,0.15170886075949366,0.16772151898734178,0.5791139240506329,-0.4897674902466122,76.3,Brady Singer
663941,CU,141,-1.04058336373485,80.60212765957446,0.6753191489361702,-1.2009219858156028,0.07092198581560284,0.7092198581560284,-0.7380023856275533,63.5,Tristan Beck
663941,FF,270,-1.7286789906014213,94.6725925925926,-0.8044074074074073,1.3071481481481482,0.08518518518518518,0.6518518518518519,-0.6402514780005264,68.5,Tristan Beck
663941,SL,174,0.18822387363003798,89.81551724137931,0.29028735632183905,0.5280459770114942,0.10344827586206896,0.6206896551724138,0.1081746400172632,107.1,Tristan Beck
663941,ST,232,1.082949110810781,83.11336206896551,1.551896551724138,-0.14280172413793105,0.17672413793103448,0.6767241379310345,0.4667884098322332,125.6,Tristan Beck
663947,CH,169,-0.0363573231282804,84.59526627218935,1.2491124260355029,0.3893491124260355,0.1301775147928994,0.5739644970414202,-0.021513208951645206,100.4,Tyler Holton
663947,CU,41,-0.392486124379049,80.42926829268292,-0.8265853658536586,-1.246829268292683,0.14634146341463414,0.3902439024390244,-0.9572832301928024,52.2,Tyler Holton
663947,FC,350,1.7359999662797225,88.72828571428572,-0.30165714285714285,0.7101999999999999,0.09142857142857143,0.7114285714285714,0.49599999036563497,127.1,Tyler Holton
663947,FF,131,0.14547467948772208,92.0,0.5032824427480916,1.369083969465649,0.11450381679389313,0.648854961832061,0.11104937365474968,107.3,Tyler Holton
663947,SI,253,2.035668171700273,91.43675889328063,1.3072727272727274,0.8021739130434782,0.05928853754940711,0.7470355731225297,0.8046119255732305,143.0,Tyler Holton
663947,ST,215,-0.5295251882342416,81.35720930232557,-1.1735348837209303,0.06446511627906977,0.21395348837209302,0.5534883720930233,-0.24629078522522863,88.8,Tyler Holton
663969,CU,257,0.40331738085760077,84.06186770428016,0.30817120622568095,-0.8492996108949417,0.1828793774319066,0.6070038910505836,0.1569328330185217,109.6,Tyler Phillips
663969,FC,5,0.019508374328772792,90.42,-0.006000000000000005,0.594,0.0,0.6,0.3901674865754558,121.7,Tyler Phillips
663969,FF,99,-0.6687541725337169,94.72929292929294,-0.5139393939393939,0.8247474747474748,0.050505050505050504,0.6666666666666666,-0.6755092651855726,66.7,Tyler Phillips
663969,FS,152,-0.08189283279379839,86.90789473684211,-0.9724999999999999,0.2044078947368421,0.15789473684210525,0.5921052631578947,-0.05387686368013052,98.8,Tyler Phillips
663969,SI,350,2.195767367303978,95.4497142857143,-1.4138,0.4695142857142858,0.054285714285714284,0.6942857142857143,0.6273621049439937,133.9,Tyler Phillips
663969,ST,251,1.0365987577065234,84.40717131474103,0.8460956175298805,0.04888446215139443,0.20318725099601595,0.6334661354581673,0.41298755287112493,122.8,Tyler Phillips
663978,CH,604,2.0854217096776204,84.49221854304636,-1.245,0.38346026490066226,0.1390728476821192,0.640728476821192,0.3452684949797385,119.3,Chris Paddack
663978,CU,304,-0.6300037356088779,78.16217105263158,0.4612171052631579,-1.0837171052631578,0.06907894736842106,0.5822368421052632,-0.20723807092397298,90.9,Chris Paddack
663978,FC,357,-1.1361817795911144,87.3078431372549,0.13238095238095238,0.6935014005602241,0.11484593837535013,0.5966386554621849,-0.3182582015661385,85.1,Chris Paddack
663978,FF,1109,7.689058573520263,93.67186654643824,-0.7384941388638413,1.5109558160504961,0.09738503155996393,0.6798917944093779,0.6933326035635945,137.3,Chris Paddack
663978,SI,133,0.5180201523759276,93.4157894736842,-1.0950375939849626,1.1836090225563909,0.06766917293233082,0.7894736842105263,0.3894888363728779,121.6,Chris Paddack
663978,SL,58,-0.009635196342862466,84.75172413793103,0.2775862068965517,0.39172413793103444,0.15517241379310345,0.5689655172413793,-0.016612407487693905,100.7,Chris Paddack
664062,CU,103,-0.28047275813770417,81.71941747572816,0.6037864077669902,-1.0353398058252428,0.07766990291262135,0.6310679611650486,-0.27230364867738266,87.5,Tony Gonsolin
664062,FF,245,-0.6341905848546772,93.50122448979592,-0.8441224489795919,1.3813061224489798,0.11020408163265306,0.6408163265306123,-0.25885329994068457,88.2,Tony Gonsolin
664062,FS,163,-1.0380390028606483,84.16871165644172,-1.0942944785276074,-0.10098159509202455,0.18404907975460122,0.5950920245398773,-0.6368337440862873,68.7,Tony Gonsolin
664062,SL,98,-1.1408681454963967,88.09795918367347,0.17275510204081632,0.4738775510204081,0.16326530612244897,0.5612244897959183,-1.1641511688738742,41.5,Tony Gonsolin
664076,FC,15,-0.22874674080747975,90.72,-0.292,0.43,0.26666666666666666,0.7333333333333333,-1.524978272049865,22.9,Garrett Cleavinger
664076,FF,105,-0.28185088887935605,97.12,0.6765714285714286,1.297809523809524,0.20952380952380953,0.6476190476190476,-0.26842941798033915,87.7,Garrett Cleavinger
664076,SI,325,0.15223393428131848,96.31692307692308,1.3452615384615385,0.7612307692307693,0.12307692307692308,0.6646153846153846,0.04684121054809799,104.0,Garrett Cleavinger
664076,SL,339,0.6802343859283917,87.12920353982301,-0.5087610619469026,-0.01896755162241888,0.18289085545722714,0.6873156342182891,0.20065911089333088,111.9,Garrett Cleavinger
664076,ST,90,0.7863537847023456,81.19222222222223,-1.4283333333333335,-0.12255555555555554,0.3111111111111111,0.7,0.8737264274470506,146.6,Garrett Cleavinger
664126,CH,48,-0.29249225776381865,94.18541666666665,-0.9433333333333334,0.71625,0.14583333333333334,0.5625,-0.6093588703412889,70.1,Pete Fairbanks
664126,FC,41,0.5248366069404269,90.55365853658536,0.4392682926829269,0.2880487804878049,0.2682926829268293,0.8048780487804879,1.2800892852205532,167.5,Pete Fairbanks
664126,FF,504,1.9502496249495807,97.30972222222222,-0.022817460317460316,1.4341468253968253,0.11706349206349206,0.6686507936507936,0.3869542906645993,121.5,Pete Fairbanks
664126,SL,394,0.4969865146123949,85.29441624365482,0.4345939086294416,-0.45060913705583755,0.13451776649746192,0.6675126903553299,0.12613870929248602,108.0,Pete Fairbanks
664141,CH,72,-0.027991896191871382,87.92638888888888,-1.2918055555555557,0.4011111111111111,0.1388888888888889,0.5833333333333334,-0.03887763359982137,99.5,Jt Brubaker
664141,CU,49,-0.1927981971963575,81.57551020408162,0.8177551020408164,-0.5528571428571428,0.1836734693877551,0.6326530612244898,-0.3934657085639949,81.3,Jt Brubaker
664141,FF,3,0.06321285699928797,93.73333333333333,-0.8966666666666666,0.91,0.3333333333333333,1.0,2.107095233309599,210.2,Jt Brubaker
664141,SI,231,-0.5035012901138305,93.40432900432901,-1.2737229437229438,0.772943722943723,0.03463203463203463,0.6536796536796536,-0.2179659264562037,90.3,Jt Brubaker
664141,SL,114,-0.7932748345704772,86.31315789473685,0.03429824561403509,0.10991228070175438,0.21052631578947367,0.6140350877192983,-0.6958551180442782,65.7,Jt Brubaker
664192,CU,169,-1.8477485286872104,77.80887573964498,-0.4257988165680473,-0.37319526627218935,0.11834319526627218,0.5088757396449705,-1.0933423246669884,45.2,Joey Lucchesi
664192,FF,158,-0.623961528128531,92.76075949367089,0.4967088607594937,1.1831645569620253,0.08860759493670886,0.7151898734177216,-0.39491235957501963,81.2,Joey Lucchesi
664192,FS,1,-0.015608399827698457,80.4,-0.4,0.27,0.0,0.0,-1.5608399827698456,21.1,Joey Lucchesi
664192,SI,304,0.955930222324482,92.46052631578948,1.1948026315789475,0.8423355263157895,0.07236842105263158,0.6710526315789473,0.31445073102779014,117.8,Joey Lucchesi
664199,CH,176,-0.7958423861070169,89.65965909090909,-1.2043181818181818,0.09340909090909091,0.13636363636363635,0.5965909090909091,-0.45218317392444135,78.2,Taylor Clarke
664199,FF,189,-0.5756329862214795,94.82645502645504,-0.5643915343915344,1.4153968253968254,0.037037037037037035,0.6137566137566137,-0.3045677175775024,85.8,Taylor Clarke
664199,SI,156,0.6545012048683396,94.67820512820512,-1.1518589743589744,0.8965384615384616,0.05128205128205128,0.6923076923076923,0.4195520544027818,123.2,Taylor Clarke
664199,SL,344,1.3089415284738517,87.50639534883722,0.4043023255813954,0.22395348837209303,0.16569767441860464,0.6656976744186046,0.3805062582772825,121.2,Taylor Clarke
664208,CU,385,2.0803833763329966,75.91636363636364,1.5544155844155845,-0.777896103896104,0.23896103896103896,0.6935064935064935,0.5403593185280511,129.4,Phil Maton
664208,FC,363,0.42788958872246485,90.56143250688706,0.05022038567493113,1.1132782369146006,0.14600550964187328,0.6088154269972452,0.11787591975825479,107.6,Phil Maton
664208,SI,122,-0.4320172502229618,89.62295081967213,-1.2399180327868853,0.49450819672131147,0.05737704918032787,0.5983606557377049,-0.35411250018275553,83.3,Phil Maton
664208,ST,138,0.16469388412406205,83.59420289855072,0.9893478260869565,0.6181159420289855,0.13768115942028986,0.6739130434782609,0.1193433942927986,107.7,Phil Maton
664285,CH,517,-0.3431730976357551,89.81586073500968,1.2225725338491298,0.06804642166344294,0.1450676982591876,0.5996131528046421,-0.06637777517132594,98.1,Framber Valdez
664285,CU,957,-1.8612535271431077,79.4350052246604,-1.0966039707419017,-1.230229885057471,0.20480668756530826,0.593521421107628,-0.19448835184358493,91.5,Framber Valdez
664285,FF,5,-0.22966403732226187,95.53999999999999,0.696,1.224,0.0,0.4,-4.593280746445237,-135.3,Framber Valdez
664285,SI,1321,8.298056996037037,94.22763058289175,1.305647236941711,0.4984784254352763,0.05980317940953823,0.7024981074943225,0.6281647990944009,133.9,Framber Valdez
664285,SL,91,-0.39316523445016127,84.35934065934066,-0.3189010989010989,-0.22131868131868132,0.15384615384615385,0.5824175824175825,-0.43204970818699046,79.3,Framber Valdez
664299,CH,115,-0.3438252663546787,84.11304347826086,-1.0335652173913044,0.5675652173913043,0.20869565217391303,0.7217391304347827,-0.2989784924823293,86.1,Cristian Javier
664299,FF,246,-2.0673561360704866,92.87113821138212,-0.4005691056910569,1.5386178861788617,0.1016260162601626,0.6341463414634146,-0.8403886731993848,58.2,Cristian Javier
664299,KC,74,-0.7259677448541786,76.37837837837837,0.9708108108108109,-0.9671621621621621,0.02702702702702703,0.5,-0.9810374930461873,51.0,Cristian Javier
664299,SI,59,-0.41856572033543477,92.61186440677967,-1.2140677966101694,1.0723728813559323,0.06779661016949153,0.6440677966101694,-0.709433424297347,65.0,Cristian Javier
664299,ST,123,-0.3550495251277529,78.80650406504066,1.3626829268292684,-0.03682926829268293,0.0975609756097561,0.5528455284552846,-0.2886581505103682,86.7,Cristian Javier
664854,CU,57,-0.42101008265820894,80.7438596491228,0.2573684210526316,-1.020877192982456,0.03508771929824561,0.47368421052631576,-0.7386141801021209,63.5,Ryan Helsley
664854,FC,13,0.12146993962971385,93.47692307692309,0.3538461538461538,0.9384615384615385,0.0,0.7692307692307693,0.9343841509977989,149.7,Ryan Helsley
664854,FF,445,2.6216322233786453,99.31415730337079,-0.1837303370786517,1.4764943820224719,0.09438202247191012,0.6921348314606741,0.5891308367143023,131.9,Ryan Helsley
664854,SL,464,-1.0988572658783258,88.85301724137932,0.3152801724137931,0.02678879310344828,0.2349137931034483,0.6831896551724138,-0.23682268661170813,89.3,Ryan Helsley
664991,CU,73,-0.13067933758805936,84.20547945205479,-0.27287671232876715,-0.7282191780821917,0.1232876712328767,0.547945205479452,-0.17901279121651967,92.3,Grant Wolfram
664991,FF,79,0.02493071297283716,95.46582278481013,0.369493670886076,1.1635443037974684,0.11392405063291139,0.6708860759493671,0.03155786452257868,103.2,Grant Wolfram
664991,FS,1,-0.036357468848798216,86.3,0.93,-0.04,0.0,0.0,-3.6357468848798216,-85.9,Grant Wolfram
664991,SI,211,-0.218962149005199,96.00758293838862,1.1745023696682464,1.0161137440758294,0.08530805687203792,0.6966824644549763,-0.10377353033421753,96.2,Grant Wolfram
664991,SL,128,-0.150295586403171,86.75703125,-0.219609375,0.109296875,0.15625,0.6484375,-0.11741842687747735,95.5,Grant Wolfram
664991,ST,28,-0.387922378430415,84.69642857142857,-0.9375,-0.36642857142857144,0.21428571428571427,0.39285714285714285,-1.3854370658229107,30.1,Grant Wolfram
665152,CU,344,-1.9248125793772675,78.30581395348837,0.5111918604651162,-0.9557848837209303,0.10755813953488372,0.6453488372093024,-0.5595385405166475,72.7,Dean Kremer
665152,FC,543,-0.3759524922037458,86.88637200736649,0.402744014732965,0.488121546961326,0.11786372007366483,0.6298342541436464,-0.06923618640952961,98.0,Dean Kremer
665152,FF,715,2.4135164209826403,93.32293706293706,-0.6303496503496503,1.5103916083916085,0.07692307692307693,0.6643356643356644,0.3375547441933763,118.9,Dean Kremer
665152,FS,567,-3.8775463305470703,81.87248677248677,-0.8862433862433863,0.8125925925925926,0.21516754850088182,0.5943562610229277,-0.6838706050347566,66.3,Dean Kremer
665152,SI,520,1.4125082974457195,92.82807692307692,-1.2305192307692308,1.0271153846153847,0.04807692307692308,0.7307692307692307,0.2716362110472537,115.5,Dean Kremer
665152,SL,3,-0.03398772886150887,83.86666666666667,0.19999999999999998,0.08333333333333333,0.0,0.3333333333333333,-1.1329242953836292,43.1,Dean Kremer
665660,CH,31,-0.27004510254478614,89.47419354838709,-1.3270967741935484,0.38451612903225807,0.03225806451612903,0.5161290322580645,-0.8711132340154393,56.6,Elvis Alvarado
665660,FF,372,-2.1523853468502954,98.68602150537633,-1.1819623655913978,1.13502688172043,0.19623655913978494,0.6290322580645161,-0.5785982115188967,71.7,Elvis Alvarado
665660,SI,117,1.458488892599335,98.25555555555555,-1.3917948717948718,0.7830769230769231,0.042735042735042736,0.7094017094017094,1.2465717030763546,165.8,Elvis Alvarado
665660,SL,245,-2.1867310101112993,88.89755102040817,-0.0746530612244898,0.45526530612244903,0.17142857142857143,0.5387755102040817,-0.8925432694331834,55.5,Elvis Alvarado
665795,CH,580,0.8579272594378348,94.24603448275862,-1.4584310344827587,0.3738448275862069,0.13793103448275862,0.6051724137931035,0.14791849300652324,109.2,Edward Cabrera
665795,CU,531,1.0286410865010318,84.01732580037664,0.9098116760828625,-0.9151977401129944,0.18455743879472694,0.6346516007532956,0.19371771873842408,111.5,Edward Cabrera
665795,FF,292,-0.42610954545630675,96.96404109589041,-0.9121917808219179,1.21513698630137,0.07191780821917808,0.5616438356164384,-0.14592792652613246,94.0,Edward Cabrera
665795,SI,460,4.294817779547144,96.86999999999999,-1.4346739130434785,0.7961739130434783,0.041304347826086954,0.691304347826087,0.9336560390319879,149.7,Edward Cabrera
665795,SL,389,-0.8952323620536456,88.49074550128535,0.1559383033419023,0.1830591259640103,0.20565552699228792,0.6503856041131105,-0.23013685399836648,89.7,Edward Cabrera
665871,CH,24,-0.07436146193654651,85.24583333333332,-1.1354166666666667,0.2683333333333333,0.125,0.5416666666666666,-0.3098394247356105,85.6,Javier Assad
665871,CU,36,-0.11916198733554578,76.94722222222222,0.8958333333333334,-0.6066666666666667,0.027777777777777776,0.6388888888888888,-0.3310055203765161,84.5,Javier Assad
665871,FC,124,-0.9309082073853724,89.01532258064516,0.23508064516129032,0.754758064516129,0.08064516129032258,0.6774193548387096,-0.7507324253107842,62.8,Javier Assad
665871,FF,72,-0.41847423010253043,92.18472222222222,-0.4315277777777778,1.3745833333333333,0.06944444444444445,0.6527777777777778,-0.5812142084757367,71.6,Javier Assad
665871,SI,230,0.20348204247472512,92.18391304347826,-1.1207391304347825,0.897,0.0782608695652174,0.6826086956521739,0.08847045324988048,106.1,Javier Assad
665871,SL,8,0.03231290621583219,83.75,0.51875,0.10875,0.0,0.625,0.40391132769790233,122.4,Javier Assad
665871,ST,73,-0.4820098725999568,80.8972602739726,1.104109589041096,0.1797260273972603,0.0821917808219178,0.410958904109589,-0.6602874967122696,67.5,Javier Assad
666142,CH,207,0.1471099616306781,84.39951690821256,1.3510144927536234,0.9553623188405796,0.2753623188405797,0.6570048309178744,0.07106761431433725,105.2,Cole Ragans
666142,FC,51,0.4026548028092885,89.94901960784313,-0.028235294117647056,0.6754901960784314,0.058823529411764705,0.7647058823529411,0.7895192211946834,142.2,Cole Ragans
666142,FF,534,1.9095260499415319,95.26179775280899,1.148689138576779,1.4142883895131086,0.15168539325842698,0.6872659176029963,0.35758914792912583,120.0,Cole Ragans
666142,KC,138,-0.6992078220882696,80.0876811594203,-0.9605797101449276,-1.0881884057971014,0.08695652173913043,0.5072463768115942,-0.5066723348465721,75.4,Cole Ragans
666142,SL,149,0.24757260832715178,84.71543624161075,-0.1525503355704698,-0.2055704697986577,0.2214765100671141,0.6241610738255033,0.1661561129712428,110.1,Cole Ragans
666157,CH,538,3.07841290739321,87.85817843866171,1.4226394052044609,0.15315985130111526,0.15427509293680297,0.654275092936803,0.5721957076939053,131.0,Nick Lodolo
666157,CU,711,-1.6490964943034658,81.92278481012659,-0.7028410689170184,0.0036286919831223638,0.2011251758087201,0.6554149085794655,-0.2319404352044256,89.6,Nick Lodolo
666157,FF,689,0.952293599504884,93.87735849056604,1.4003483309143687,0.759811320754717,0.11611030478955008,0.6298984034833092,0.13821387510956226,108.7,Nick Lodolo
666157,SI,540,4.785067820190178,93.70148148148148,1.557037037037037,0.4947777777777778,0.06481481481481481,0.7129629629629629,0.8861236704055885,147.2,Nick Lodolo
666171,CU,25,-0.015583807132834603,83.948,0.9228000000000001,-0.6712,0.32,0.64,-0.06233522853133841,98.3,Ryan Zeferjahn
666171,FC,226,-0.22765528930301587,91.00088495575221,0.363495575221239,0.4135398230088495,0.12831858407079647,0.6504424778761062,-0.10073242889513977,96.3,Ryan Zeferjahn
666171,FF,324,-1.5422349962999478,97.36697530864198,-0.3897222222222222,1.3187962962962965,0.10802469135802469,0.6388888888888888,-0.47599845564813204,77.0,Ryan Zeferjahn
666171,SI,6,-0.049091926140351336,96.60000000000001,-1.1849999999999998,0.7133333333333334,0.0,0.5,-0.8181987690058555,59.4,Ryan Zeferjahn
666171,SL,172,0.1224179065931848,88.19941860465116,0.530639534883721,-0.06808139534883721,0.12790697674418605,0.5988372093023255,0.07117320150766558,105.2,Ryan Zeferjahn
666171,ST,276,0.17919835824880676,83.88623188405796,1.2716304347826088,0.2613768115942029,0.16666666666666666,0.572463768115942,0.0649269413944952,104.9,Ryan Zeferjahn
666200,CH,521,1.9266880091186755,87.87543186180422,1.3734740882917467,0.6008829174664108,0.20153550863723607,0.6353166986564299,0.3698057599076153,120.6,Jesús Luzardo
666200,FF,1002,0.9380606455247141,96.5060878243513,1.003622754491018,1.1732634730538922,0.09481037924151696,0.6357285429141717,0.09361882689867407,106.4,Jesús Luzardo
666200,SI,325,3.8226297255803576,95.80246153846154,1.4082153846153846,0.6976615384615384,0.08923076923076922,0.7846153846153846,1.176193761717033,162.2,Jesús Luzardo
666200,SL,197,-1.725094832424896,86.58629441624366,0.03050761421319797,0.10954314720812183,0.18274111675126903,0.5939086294416244,-0.8756826560532467,56.4,Jesús Luzardo
666200,ST,968,1.717741885960275,86.10836776859503,-0.7272004132231404,-0.021322314049586778,0.18491735537190082,0.6353305785123967,0.1774526741694499,110.7,Jesús Luzardo
666214,CH,63,-0.41744580208372645,86.04444444444445,1.1376190476190478,0.7636507936507937,0.1111111111111111,0.6190476190476191,-0.6626123842598832,67.4,Joey Wentz
666214,CU,323,-0.12461873145582632,79.23839009287926,-0.46814241486068114,-0.6090402476780186,0.12693498452012383,0.5758513931888545,-0.038581650605518984,99.6,Joey Wentz
666214,FC,167,0.4590525843020187,86.81437125748504,-0.1662874251497006,0.5276047904191616,0.1317365269461078,0.6227544910179641,0.27488178700719684,115.7,Joey Wentz
666214,FF,800,1.2017580603044213,93.43275,0.420825,1.4988249999999999,0.085,0.645,0.15021975753805267,109.3,Joey Wentz
666214,SL,462,2.9325766497302115,84.90627705627705,-0.37887445887445886,0.16887445887445887,0.15584415584415584,0.6645021645021645,0.6347568505909549,134.3,Joey Wentz
666277,CH,213,-1.7238108282439906,88.44507042253521,-0.9655868544600938,-0.06272300469483567,0.09389671361502347,0.6291079812206573,-0.809300858330512,59.8,George Soriano
666277,FF,123,-0.46110736613547615,96.04959349593496,-0.7115447154471545,1.1472357723577236,0.15447154471544716,0.6585365853658537,-0.3748840375085172,82.2,George Soriano
666277,SI,134,-0.03149660504347998,95.44626865671641,-1.3617910447761192,0.45865671641791045,0.05970149253731343,0.6194029850746269,-0.023504929136925357,100.3,George Soriano
666277,SL,111,-0.5864453878093123,86.7945945945946,0.22855855855855856,0.05144144144144144,0.17117117117117117,0.6036036036036037,-0.5283291782065878,74.3,George Soriano
666277,ST,111,0.6792184144789983,85.15675675675675,0.7502702702702703,-0.049909909909909914,0.16216216216216217,0.7567567567567568,0.6119084815126111,133.1,George Soriano
666374,CH,98,-0.7331075524920405,89.95306122448979,-1.2058163265306123,-0.2735714285714286,0.1836734693877551,0.4897959183673469,-0.748068931114327,63.0,Matt Brash
666374,FF,41,-0.7481441713500648,95.8170731707317,-0.8997560975609756,1.0921951219512196,0.17073170731707318,0.5121951219512195,-1.8247418813416214,7.5,Matt Brash
666374,KC,6,-0.058336215952278905,83.83333333333333,1.3150000000000002,-0.7000000000000001,0.16666666666666666,0.6666666666666666,-0.9722702658713152,51.4,Matt Brash
666374,SI,179,1.1574993821993325,96.41005586592179,-1.4539664804469272,0.6527374301675978,0.027932960893854747,0.6759776536312849,0.6466476995526997,134.9,Matt Brash
666374,SL,498,0.6013363641375195,86.04558232931727,1.3176104417670682,-0.07586345381526105,0.15261044176706828,0.6184738955823293,0.12075027392319668,107.8,Matt Brash
666661,CH,82,-0.9732490108847812,91.88292682926829,-1.225609756097561,0.7204878048780488,0.17073170731707318,0.5609756097560976,-1.1868890376643673,40.4,Juan Morillo
666661,FF,285,-1.4946300324515984,98.98421052631579,-0.443719298245614,1.3741052631578947,0.12982456140350876,0.6035087719298246,-0.5244315903338942,74.5,Juan Morillo
666661,SI,120,1.1195515774188438,98.90583333333333,-1.1200833333333333,1.0940833333333333,0.11666666666666667,0.7916666666666666,0.9329596478490364,149.6,Juan Morillo
666661,SL,130,-0.07479458086006202,89.31923076923077,0.47730769230769227,-0.10361538461538462,0.11538461538461539,0.5153846153846153,-0.05753429296927847,98.6,Juan Morillo
666808,FC,439,-1.3781646257883735,98.20888382687926,-0.231503416856492,0.8775170842824602,0.07061503416856492,0.621867881548975,-0.3139327165804951,85.4,Camilo Doval
666808,SI,135,-0.2225192637882258,96.57333333333334,-0.6222222222222222,0.4291111111111111,0.06666666666666667,0.6592592592592592,-0.16482908428757467,93.0,Camilo Doval
666808,SL,529,0.6755275637226614,89.07485822306238,0.6141209829867675,-0.029017013232514176,0.20415879017013233,0.6313799621928167,0.1276989723483292,108.1,Camilo Doval
666974,CH,123,-0.1431166755090151,91.83983739837397,-1.4911382113821139,0.16626016260162602,0.16260162601626016,0.5772357723577236,-0.11635502073903668,95.5,Yennier Cano
666974,FC,28,-0.2572515598697954,92.02499999999999,-0.5292857142857142,0.21785714285714283,0.03571428571428571,0.6785714285714286,-0.918755570963555,54.2,Yennier Cano
666974,FF,113,-0.6639269356162083,94.90884955752213,-1.14,0.618495575221239,0.07079646017699115,0.5929203539823009,-0.5875459607223082,71.3,Yennier Cano
666974,FS,71,-0.2806285103923895,90.6281690140845,-1.0964788732394366,-0.35521126760563376,0.18309859154929578,0.5492957746478874,-0.3952514230878726,81.2,Yennier Cano
666974,SI,452,2.269008799489788,95.13030973451328,-1.4174778761061948,-0.11004424778761063,0.09292035398230089,0.6836283185840708,0.5019930972322539,127.4,Yennier Cano
666974,SL,15,0.016662916238485478,87.2,0.3453333333333333,0.016666666666666666,0.2,0.4666666666666667,0.11108610825656985,107.3,Yennier Cano
666974,ST,184,0.29243949343695824,86.07445652173914,1.024891304347826,-0.02293478260869565,0.09782608695652174,0.6032608695652174,0.1589345073026947,109.7,Yennier Cano
667297,CU,135,0.7546933717146309,84.96074074074075,0.9911111111111112,-1.236074074074074,0.2,0.6814814814814815,0.5590321271960229,130.4,Tommy Nance
667297,SI,128,0.5022026313487619,94.51171875,-1.323046875,0.70359375,0.0859375,0.6171875,0.3923458057412202,121.8,Tommy Nance
667297,SL,198,0.6263858652253069,88.61262626262626,0.07212121212121211,-0.027575757575757576,0.07575757575757576,0.702020202020202,0.31635649758853884,117.8,Tommy Nance
667463,CH,152,-0.09160883403783304,85.69144736842105,1.267565789473684,0.18236842105263157,0.09868421052631579,0.5855263157894737,-0.060268969761732266,98.4,John King
667463,CU,43,-0.2892436728109647,80.05116279069767,-0.7676744186046511,-1.1076744186046512,0.16279069767441862,0.4883720930232558,-0.6726597042115458,66.9,John King
667463,FF,11,-0.2965496664114382,93.57272727272726,0.3981818181818182,0.94,0.0,0.45454545454545453,-2.695906058285802,-37.4,John King
667463,SI,463,1.5405946555581018,93.00194384449244,1.1988984881209503,0.24868250539956804,0.08207343412526998,0.714902807775378,0.33274182625444965,118.7,John King
667463,SL,112,0.04643059961759048,84.34017857142858,-0.3874107142857143,-0.15276785714285715,0.16071428571428573,0.5446428571428571,0.041455892515705785,103.7,John King
667463,ST,1,0.032533671824656045,81.6,-1.44,-0.16,0.0,1.0,3.2533671824656043,269.3,John King
667755,CH,10,-0.26293293349104674,86.94,-0.487,-0.049,0.1,0.3,-2.6293293349104676,-34.0,José Soriano
667755,FF,239,-1.9529889753101333,97.88075313807532,-0.7077824267782427,1.1090794979079497,0.11715481171548117,0.5941422594142259,-0.8171501988745328,59.4,José Soriano
667755,FS,256,-1.8863849664669106,92.334765625,-0.8609375,-0.0384765625,0.19140625,0.51171875,-0.736869127526137,63.6,José Soriano
667755,KC,743,0.9250111609747956,85.2364737550471,1.0426110363391654,-0.8244683714670257,0.15477792732166892,0.6002691790040376,0.12449679151746913,108.0,José Soriano
667755,SI,1368,1.5409300025766042,97.18625730994151,-1.1043859649122807,0.25859649122807016,0.07748538011695906,0.6483918128654971,0.11264108205969328,107.3,José Soriano
667755,SL,168,-0.9787801159246632,89.16011904761905,0.16976190476190475,-0.015416666666666665,0.22023809523809523,0.5773809523809523,-0.5826072118599186,71.5,José Soriano
668390,CU,6,-0.008380164871735613,83.66666666666667,0.8416666666666667,-0.775,0.0,0.3333333333333333,-0.1396694145289269,94.3,Cole Winn
668390,FC,118,0.297771744244937,91.285593220339,0.2316949152542373,0.6151694915254238,0.13559322033898305,0.7457627118644068,0.2523489358007941,114.6,Cole Winn
668390,FF,171,-0.04161352737954942,96.2046783625731,-0.5788304093567251,1.3528070175438598,0.07602339181286549,0.6081871345029239,-0.024335396128391473,100.3,Cole Winn
668390,FS,75,-1.216757524504073,87.77733333333333,-1.2348,0.30146666666666666,0.17333333333333334,0.49333333333333335,-1.6223433660054305,17.9,Cole Winn
668390,SI,130,-0.8641695461373011,95.34692307692308,-1.296230769230769,0.7086923076923076,0.038461538461538464,0.6076923076923076,-0.6647458047210009,67.3,Cole Winn
668390,SL,119,0.5253562808591352,86.05714285714285,0.20848739495798319,-0.466890756302521,0.15126050420168066,0.6134453781512605,0.4414758662681808,124.3,Cole Winn
668674,CH,161,-1.1074397479579305,90.03602484472049,-1.4055900621118014,0.5722981366459627,0.11801242236024845,0.5403726708074534,-0.6878507751291494,66.1,Lucas Erceg
668674,FF,289,0.5803871508617139,97.57128027681661,-0.8456401384083045,1.2038408304498271,0.1384083044982699,0.671280276816609,0.2008260037583785,111.9,Lucas Erceg
668674,SI,230,0.8975686532324151,97.4813043478261,-1.2400434782608696,0.8527826086956521,0.043478260869565216,0.7521739130434782,0.39024724053583265,121.7,Lucas Erceg
668674,SL,283,-1.6118996026854324,85.0,0.016007067137809187,-0.11561837455830389,0.16607773851590105,0.5618374558303887,-0.5695758313376086,72.2,Lucas Erceg
668678,CH,501,-0.5699797120856147,86.28902195608784,-1.0213173652694612,0.3378043912175649,0.14570858283433133,0.5808383233532934,-0.11376840560591113,95.7,Zac Gallen
668678,FC,2,0.04726592395861932,92.4,0.18,0.98,0.0,1.0,2.363296197930966,223.4,Zac Gallen
668678,FF,1410,0.7088110406020487,93.54971631205674,-0.3586879432624113,1.4322907801418439,0.05106382978723404,0.6425531914893617,0.05027028656752118,104.1,Zac Gallen
668678,KC,736,0.5443524758682954,81.0618206521739,0.40873641304347824,-0.9542934782608696,0.19429347826086957,0.654891304347826,0.07396093422123579,105.4,Zac Gallen
668678,SI,79,-0.5908492552800155,93.1873417721519,-0.8868354430379747,1.1458227848101266,0.08860759493670886,0.6582278481012658,-0.7479104497215386,63.0,Zac Gallen
668678,SL,406,0.7708116294164312,88.66650246305419,0.39495073891625615,0.5353694581280789,0.09359605911330049,0.5960591133004927,0.18985508113705202,111.3,Zac Gallen
668820,CU,63,-0.08479434083360156,79.11428571428571,1.0393650793650795,-0.7071428571428571,0.09523809523809523,0.6666666666666666,-0.13459419179936755,94.6,Max Kranick
668820,FF,214,0.4562315741506423,95.57990654205607,-0.2735981308411215,1.428177570093458,0.14953271028037382,0.6915887850467289,0.213192324369459,112.5,Max Kranick
668820,SL,211,0.8973902872343629,89.93696682464456,0.2572037914691943,0.6681516587677725,0.08056872037914692,0.6919431279620853,0.42530345366557476,123.5,Max Kranick
668820,ST,41,-0.11339341023133127,82.51463414634146,1.0195121951219512,0.5297560975609756,0.14634146341463414,0.6585365853658537,-0.2765692932471494,87.3,Max Kranick
668881,CU,2,-0.02595816759464365,84.0,0.79,-0.045,0.5,0.5,-1.2979083797321826,34.6,Hunter Greene
668881,FF,947,11.505108148119525,99.47940865892292,-0.7445195353748679,1.4063885955649418,0.1351636747624076,0.7571277719112989,1.2149005436240259,164.2,Hunter Greene
668881,FS,188,-1.613201722586704,88.42021276595744,-0.8816489361702128,0.4083510638297872,0.10638297872340426,0.48936170212765956,-0.858086022652502,57.3,Hunter Greene
668881,SL,611,-0.14943051154565395,89.68756137479542,0.4633715220949264,0.2959901800327332,0.23567921440261866,0.6366612111292962,-0.02445671220059803,100.3,Hunter Greene
668909,CH,2,-0.08261506071879351,87.55000000000001,-0.45,0.41500000000000004,0.0,0.5,-4.130753035939676,-111.4,Gavin Williams
668909,CU,644,-4.140110497712027,82.00419254658385,0.8316304347826088,-1.1102639751552794,0.13664596273291926,0.5295031055900621,-0.6428743008869607,68.4,Gavin Williams
668909,FC,410,-1.6167770147055835,91.7509756097561,-0.19378048780487805,0.5884390243902439,0.09024390243902439,0.675609756097561,-0.39433585724526427,81.2,Gavin Williams
668909,FF,1094,1.4323994333100563,96.5892138939671,-0.9115265082266911,1.266471663619744,0.113345521023766,0.6480804387568556,0.13093230651828666,108.3,Gavin Williams
668909,SI,192,1.014863900153539,95.8796875,-1.2601562499999999,0.8068749999999999,0.036458333333333336,0.7135416666666666,0.5285749479966348,128.8,Gavin Williams
668909,ST,583,-1.9862968887739172,86.54545454545455,0.8298113207547171,-0.10253859348198971,0.1955403087478559,0.5780445969125214,-0.3407027253471556,84.0,Gavin Williams
668933,FC,562,-2.6917667946123385,97.05160142348754,0.2106405693950178,0.8067793594306051,0.08540925266903915,0.6281138790035588,-0.47896206309828093,76.8,Graham Ashcraft
668933,SL,477,1.4467448777861978,89.84150943396227,0.8430817610062893,-0.18528301886792453,0.22431865828092243,0.6960167714884696,0.3033008129530813,117.2,Graham Ashcraft
668941,CH,223,-0.7080900118352924,87.26143497757847,1.1774887892376682,0.03183856502242153,0.13901345291479822,0.5022421524663677,-0.31752915328936876,85.2,Jojo Romero
668941,FC,1,-0.08837532017084163,90.0,-0.01,0.4,0.0,0.0,-8.837532017084163,-354.0,Jojo Romero
668941,FF,59,-0.6242482093064619,94.24745762711865,0.8830508474576272,1.0710169491525423,0.1016949152542373,0.423728813559322,-1.0580478123838337,47.0,Jojo Romero
668941,SI,319,2.8879666462765345,93.68338557993731,1.4570532915360501,0.22498432601880877,0.05329153605015674,0.7021943573667712,0.9053186978923307,148.2,Jojo Romero
668941,ST,375,1.6677944847433561,82.99253333333334,-1.0920533333333333,-0.07053333333333334,0.144,0.6666666666666666,0.44474519593156164,124.5,Jojo Romero
668941,SV,13,0.03520074791164259,82.47692307692309,-0.32538461538461544,-0.45153846153846156,0.23076923076923078,0.5384615384615384,0.27077498393571225,115.5,Jojo Romero
668964,CH,12,-0.04694481269843842,80.125,-0.8991666666666666,1.1483333333333332,0.25,0.6666666666666666,-0.3912067724869868,81.4,Tobias Myers
668964,CU,12,-0.022328216789252307,76.375,0.15416666666666667,-0.7791666666666667,0.08333333333333333,0.5,-0.18606847324376924,91.9,Tobias Myers
668964,FC,165,-0.5246304849170277,87.60969696969697,0.36024242424242425,0.9672727272727273,0.10909090909090909,0.593939393939394,-0.31795786964668343,85.1,Tobias Myers
668964,FF,373,2.4865972861257393,93.45656836461127,-0.45745308310991956,1.623029490616622,0.07506702412868632,0.6916890080428955,0.6666480659854529,135.9,Tobias Myers
668964,FS,129,-0.22842821141314976,83.09457364341085,-0.7989147286821705,0.8786046511627907,0.21705426356589147,0.689922480620155,-0.17707613287841067,92.4,Tobias Myers
668964,SL,135,-0.5955346052385158,84.43111111111112,0.34622222222222226,0.22503703703703704,0.08888888888888889,0.6444444444444445,-0.4411367446211228,78.8,Tobias Myers
668984,CH,92,-0.6678914394948798,87.69673913043479,-1.2881521739130435,0.07641304347826088,0.06521739130434782,0.6413043478260869,-0.7259689559726955,64.1,Casey Legumina
668984,FF,424,-0.9793091904241211,94.30188679245283,-1.2245754716981132,1.1278773584905661,0.14858490566037735,0.6509433962264151,-0.2309691486849342,89.6,Casey Legumina
668984,SI,196,1.7051238613730832,93.91683673469389,-1.4868367346938776,0.7072448979591837,0.08673469387755102,0.7551020408163265,0.8699611537617771,146.4,Casey Legumina
668984,ST,149,-0.5754732397957181,81.0503355704698,0.806979865771812,0.5001342281879194,0.12751677852348994,0.5973154362416108,-0.38622365086960947,81.6,Casey Legumina
669020,CH,23,-0.05619070585502943,87.29130434782608,0.4830434782608695,0.38130434782608696,0.0,0.5652173913043478,-0.24430741676099754,88.9,Ryan Rolison
669020,CU,226,-0.38621584527745756,79.50530973451328,-0.6635398230088496,-0.9495575221238938,0.10176991150442478,0.6504424778761062,-0.17089196693692812,92.7,Ryan Rolison
669020,FF,315,-1.4251545765292917,92.85714285714286,0.07453968253968254,0.9966031746031746,0.07301587301587302,0.6095238095238096,-0.4524300242950132,78.2,Ryan Rolison
669020,SL,112,0.707701681144421,85.46160714285715,-0.3313392857142857,-0.17741071428571428,0.07142857142857142,0.6964285714285714,0.6318765010218045,134.1,Ryan Rolison
669022,CH,289,-3.5092698567101785,86.15259515570934,1.1692733564013842,0.6922491349480969,0.20761245674740483,0.5190311418685121,-1.214280227235356,38.9,Mackenzie Gore
669022,CU,675,-2.8064973218712117,81.56385185185185,-0.38668148148148146,-1.0817037037037036,0.15555555555555556,0.5940740740740741,-0.41577738101795725,80.1,Mackenzie Gore
669022,FC,128,-2.337978756314015,90.315625,-0.035625,0.670703125,0.203125,0.5625,-1.8265459033703242,7.4,Mackenzie Gore
669022,FF,1388,3.295607037036758,95.25597982708933,0.5514625360230547,1.4177017291066283,0.10878962536023054,0.6721902017291066,0.23743566549256184,113.8,Mackenzie Gore
669022,SL,338,-0.2351922603278132,86.71301775147928,-0.08754437869822485,0.18097633136094676,0.21005917159763313,0.6449704142011834,-0.06958350897272579,98.0,Mackenzie Gore
669060,CH,151,-0.37451120581796826,85.89403973509934,-1.5049006622516556,0.3576158940397351,0.0728476821192053,0.5033112582781457,-0.24802066610461476,88.8,Bryse Wilson
669060,CU,142,0.21964143331106167,80.79225352112677,1.2550000000000001,-0.05126760563380282,0.09154929577464789,0.6056338028169014,0.15467706571201525,109.5,Bryse Wilson
669060,FC,205,-1.9228767412586396,88.02,0.14468292682926828,0.7680975609756098,0.08292682926829269,0.6780487804878049,-0.9379886542725072,53.2,Bryse Wilson
669060,FF,151,-1.0574965267932055,92.58543046357616,-0.6817880794701987,1.3227152317880795,0.11920529801324503,0.5695364238410596,-0.7003288256908645,65.4,Bryse Wilson
669060,FS,1,0.004268520985674292,86.2,-0.87,0.34,0.0,1.0,0.4268520985674292,123.5,Bryse Wilson
669060,SI,203,1.0611784703876872,91.94729064039409,-1.4072906403940888,0.6353694581280788,0.03940886699507389,0.7044334975369458,0.522748014969304,128.5,Bryse Wilson
669060,SL,1,-0.0015252366091678172,84.3,0.56,0.16,0.0,0.0,-0.1525236609167817,93.7,Bryse Wilson
669062,CH,124,0.2490827454780195,87.05000000000001,1.4279032258064517,0.15661290322580645,0.11290322580645161,0.5645161290322581,0.2008731818371125,111.9,Erik Miller
669062,FF,167,-1.4739356594242994,97.18922155688622,0.8770059880239521,1.229700598802395,0.10778443113772455,0.5329341317365269,-0.8825962032480835,56.0,Erik Miller
669062,SI,84,0.6852191107863149,97.19880952380952,1.447142857142857,0.7042857142857143,0.09523809523809523,0.7380952380952381,0.815737036650375,143.6,Erik Miller
669062,SL,107,-0.003839245545024709,86.32710280373831,-0.49757009345794395,-0.08467289719626168,0.2803738317757009,0.5981308411214953,-0.0035880799486212233,101.4,Erik Miller
669084,CH,104,-0.15484668135216317,84.6625,1.3066346153846153,0.7197115384615385,0.11538461538461539,0.5673076923076923,-0.14889103976169538,93.9,Dl Hall
669084,CU,56,0.007293807675843748,79.98928571428571,-0.7439285714285715,-0.9180357142857142,0.07142857142857142,0.5,0.013024656564006695,102.2,Dl Hall
669084,FC,106,0.13650909398111216,92.29622641509434,-0.0012264150943396216,0.8378301886792453,0.03773584905660377,0.6226415094339622,0.12878216413312468,108.2,Dl Hall
669084,FF,175,-0.33112829382156683,94.19714285714285,0.5926285714285714,1.3218285714285714,0.10857142857142857,0.6628571428571428,-0.1892161678980382,91.8,Dl Hall
669084,SI,38,-0.07359468578546713,94.79473684210525,1.2055263157894738,0.9565789473684211,0.07894736842105263,0.4473684210526316,-0.1936702257512293,91.6,Dl Hall
669084,SL,109,-0.08428931201944527,85.98256880733945,-0.5564220183486238,-0.042477064220183484,0.08256880733944955,0.6422018348623854,-0.07732964405453695,97.6,Dl Hall
669093,FF,702,6.896320029690266,97.87450142450142,-0.1679059829059829,1.6355698005698007,0.16809116809116809,0.6937321937321937,0.982381770611149,152.2,Jeremiah Estrada
669093,FS,287,-3.084040458785337,83.6766550522648,-0.9059233449477352,0.8418815331010453,0.2264808362369338,0.6167247386759582,-1.0745785570680617,46.1,Jeremiah Estrada
669093,SL,247,0.8777549863659727,88.47692307692307,0.3676923076923077,0.2568016194331984,0.16194331983805668,0.6356275303643725,0.3553663912412845,119.9,Jeremiah Estrada
669160,CH,18,-0.18355415709003328,89.39444444444445,-1.1827777777777777,0.14777777777777779,0.05555555555555555,0.7222222222222222,-1.0197453171668516,49.0,Dustin May
669160,FC,210,-1.9382948546205183,91.38,-0.03580952380952381,0.568857142857143,0.08095238095238096,0.6666666666666666,-0.9229975498192945,54.0,Dustin May
669160,FF,361,-2.6702655441190646,95.38670360110802,-0.9399445983379501,1.0719667590027702,0.12188365650969529,0.5844875346260388,-0.7396857462933697,63.4,Dustin May
669160,SI,727,2.7044918920742003,94.5433287482806,-1.5378129298486933,0.4634112792297111,0.04676753782668501,0.6795048143053645,0.3720071378368914,120.7,Dustin May
669160,ST,853,-1.0648318822816747,85.19718640093787,1.4090386869871043,-0.19532239155920283,0.11723329425556858,0.6154747948417351,-0.12483374938823853,95.1,Dustin May
669194,CH,70,-1.103921998994707,87.04,-1.092142857142857,1.0552857142857144,0.05714285714285714,0.35714285714285715,-1.5770314271352959,20.2,Ryne Nelson
669194,CU,269,-1.4970946732121853,80.0278810408922,0.6456877323420074,-0.6964684014869889,0.11524163568773234,0.5762081784386617,-0.5565407707108495,72.9,Ryne Nelson
669194,FC,248,-0.4588530384663674,90.96814516129032,0.18810483870967742,0.6064112903225806,0.10080645161290322,0.6411290322580645,-0.18502138647837396,92.0,Ryne Nelson
669194,FF,1526,12.305763061178917,95.67549148099606,-0.2694102228047182,1.5987287024901702,0.10484927916120576,0.7103538663171691,0.8064064915582514,143.1,Ryne Nelson
669194,SL,353,1.091577309707137,86.6314447592068,0.4078470254957507,0.10626062322946175,0.1359773371104816,0.5382436260623229,0.3092286996337499,117.5,Ryne Nelson
669199,FF,425,2.4130541032899298,94.76588235294118,-0.7813176470588236,1.5283764705882352,0.1223529411764706,0.6964705882352941,0.5677774360682187,130.8,Lake Bachar
669199,FS,139,-1.0040033839962947,83.968345323741,-1.092086330935252,0.5957553956834533,0.15827338129496402,0.5107913669064749,-0.7223045928030898,64.3,Lake Bachar
669199,SL,266,-0.44449927760686925,89.2078947368421,0.1882706766917293,0.13161654135338346,0.19172932330827067,0.650375939849624,-0.1671049915815298,92.9,Lake Bachar
669199,ST,313,0.7391794329514442,86.46964856230032,0.9599361022364217,0.004281150159744408,0.11182108626198083,0.610223642172524,0.23615956324327286,113.7,Lake Bachar
669203,CH,73,-0.924204575223861,88.34931506849315,-1.2826027397260273,0.6454794520547945,0.136986301369863,0.5205479452054794,-1.2660336646902204,36.3,Corbin Burnes
669203,CU,194,-0.9517641571757399,80.03350515463917,0.8090206185567009,-0.9585567010309278,0.21649484536082475,0.6134020618556701,-0.4906000810184227,76.2,Corbin Burnes
669203,FC,555,-0.3796342139573776,94.08468468468469,0.20304504504504503,1.0152072072072074,0.09549549549549549,0.6684684684684684,-0.06840256107340137,98.0,Corbin Burnes
669203,SI,97,0.11757038657690032,95.61443298969073,-1.0537113402061857,0.9090721649484536,0.030927835051546393,0.6082474226804123,0.12120658409989724,107.8,Corbin Burnes
669203,SL,90,0.7895866337078642,87.84555555555556,0.5202222222222223,0.11733333333333335,0.13333333333333333,0.6111111111111112,0.8773184818976268,146.8,Corbin Burnes
669211,CH,211,-0.12805667281505417,86.5781990521327,1.4048815165876778,0.7498104265402844,0.14691943127962084,0.6492890995260664,-0.060690366263058855,98.4,Keegan Akin
669211,FF,543,0.24162504691349468,93.71362799263352,0.9893370165745857,1.4341252302025782,0.13075506445672191,0.6685082872928176,0.044498167019059794,103.8,Keegan Akin
669211,SL,304,0.9219193437497348,85.56447368421053,-0.2992105263157894,0.2383552631578947,0.12171052631578948,0.6447368421052632,0.3032629420229391,117.2,Keegan Akin
669276,CH,146,0.5979540503166692,86.68356164383562,0.9543835616438356,1.0693835616438356,0.1506849315068493,0.6232876712328768,0.40955756871004734,122.7,Dylan Lee
669276,FF,344,4.395847853670508,94.05465116279069,0.6966860465116279,1.6034011627906979,0.09011627906976744,0.7063953488372093,1.2778627481600313,167.4,Dylan Lee
669276,SL,612,-0.4177582130262891,85.97745098039215,-0.027549019607843138,0.5559803921568627,0.22549019607843138,0.6683006535947712,-0.06826114591932829,98.0,Dylan Lee
669302,FF,795,2.8183112879138705,95.4132075471698,-0.7138993710691823,1.3757610062893082,0.1069182389937107,0.7245283018867924,0.354504564517468,119.8,Logan Gilbert
669302,FS,423,0.4478837522708303,81.7517730496454,-0.40082742316784875,-0.07860520094562648,0.2907801418439716,0.5815602836879432,0.10588268375196935,107.0,Logan Gilbert
669302,SI,17,-0.10770219384297046,94.65882352941176,-1.1558823529411764,1.0776470588235294,0.058823529411764705,0.7058823529411765,-0.6335423167233557,68.9,Logan Gilbert
669302,SL,760,-2.1783187165666877,87.47197368421052,0.05639473684210526,0.0640921052631579,0.16578947368421051,0.6684210526315789,-0.2866208837587747,86.8,Logan Gilbert
669302,ST,161,-1.451811061870863,82.08385093167702,1.0772670807453415,-0.25894409937888196,0.16770186335403728,0.5403726708074534,-0.9017460011620267,55.1,Logan Gilbert
669308,CH,28,0.015826827707160464,88.00714285714285,-1.1767857142857143,0.4639285714285714,0.14285714285714285,0.5,0.05652438466843023,104.5,Sean Reynolds
669308,FF,256,-0.12491148762259603,95.953125,-0.8449609375,1.4057421875,0.109375,0.61328125,-0.04879354985257658,99.0,Sean Reynolds
669308,SL,158,0.0959253453388171,87.1386075949367,0.4790506329113924,0.00018987341772151836,0.06329113924050633,0.569620253164557,0.06071224388532727,104.7,Sean Reynolds
669308,ST,52,-0.10088328204534852,82.78653846153846,1.4198076923076923,0.10288461538461538,0.11538461538461539,0.4807692307692308,-0.19400631162567022,91.5,Sean Reynolds
669358,CH,311,-2.119589792621619,89.27073954983923,-1.3937942122186495,0.7436977491961414,0.13504823151125403,0.5787781350482315,-0.6815401262448936,66.4,Shane Baz
669358,FC,400,-1.4875013121087035,90.20200000000001,0.20955000000000001,0.644575,0.14,0.6675,-0.3718753280271759,82.4,Shane Baz
669358,FF,1194,3.894288494750813,96.95812395309883,-0.8253517587939698,1.3877386934673368,0.11474036850921274,0.6582914572864321,0.32615481530576323,118.4,Shane Baz
669358,KC,731,4.559187395018385,84.97564979480164,0.6294254445964432,-1.0399179206566347,0.1409028727770178,0.6703146374829001,0.6236918461037462,133.7,Shane Baz
669358,SL,82,-0.6919300342581521,86.73902439024391,0.2941463414634147,0.04975609756097561,0.08536585365853659,0.5853658536585366,-0.8438171149489659,58.0,Shane Baz
669371,CH,27,-0.2450455445623854,87.29629629629629,-1.551111111111111,0.2822222222222222,0.037037037037037035,0.4074074074074074,-0.9075760909717977,54.8,Cole Henry
669371,FC,35,-0.30616121007111957,87.72,0.17285714285714288,0.5057142857142857,0.02857142857142857,0.5714285714285714,-0.874746314488913,56.4,Cole Henry
669371,FF,489,-0.9734406694677512,94.44089979550102,-1.207361963190184,1.1832515337423313,0.13496932515337423,0.6298568507157464,-0.19906762156804728,91.3,Cole Henry
669371,SI,98,-0.3873108901663929,94.5142857142857,-1.522857142857143,0.6237755102040816,0.04081632653061224,0.6428571428571429,-0.39521519404733974,81.2,Cole Henry
669371,ST,318,-2.07649708201881,80.82201257861635,1.1979874213836477,0.044685534591194974,0.1069182389937107,0.5251572327044025,-0.6529865037795,67.9,Cole Henry
669372,CH,148,-1.4308373589930903,88.49797297297297,-1.1498648648648648,0.08675675675675676,0.22972972972972974,0.5135135135135135,-0.9667819993196556,51.7,J. t. Ginn
669372,FC,210,-2.6263330661432374,91.95809523809524,-0.12833333333333333,0.8060952380952381,0.08095238095238096,0.5095238095238095,-1.2506347934015416,37.1,J. t. Ginn
669372,SI,811,0.5765827856503347,93.37792848335388,-1.1985326757090011,0.28628853267570903,0.08754623921085081,0.6325524044389642,0.07109528799634214,105.2,J. t. Ginn
669372,SL,406,0.39337962833593815,86.0706896551724,0.3913300492610837,-0.11322660098522168,0.17733990147783252,0.5985221674876847,0.09689153407289117,106.5,J. t. Ginn
669373,CH,895,2.154871805054979,88.043687150838,1.247486033519553,0.5441229050279329,0.28156424581005585,0.7072625698324022,0.24076779944748372,114.0,Tarik Skubal
669373,CU,79,-0.49042800223519467,81.21265822784811,-0.41215189873417724,-0.44873417721518993,0.12658227848101267,0.5822784810126582,-0.6207949395382212,69.5,Tarik Skubal
669373,FF,835,7.513005353398135,97.55520958083834,0.29138922155688624,1.4190898203592814,0.1688622754491018,0.7005988023952096,0.8997611201674414,147.9,Tarik Skubal
669373,FS,3,0.03386845876767251,89.3,1.1833333333333333,0.49333333333333335,0.6666666666666666,1.0,1.1289486255890837,159.7,Tarik Skubal
669373,SI,681,5.617411791835397,97.2970631424376,1.0924229074889868,1.1347870778267253,0.09104258443465492,0.7298091042584435,0.8248769151006456,144.1,Tarik Skubal
669373,SL,356,1.1657224732742915,89.9752808988764,-0.2658426966292135,0.3983426966292135,0.1151685393258427,0.6713483146067416,0.3274501329422167,118.4,Tarik Skubal
669387,CU,146,1.1426448624213974,84.77054794520548,0.6201369863013699,-0.8821917808219178,0.1232876712328767,0.684931506849315,0.7826334674119161,141.9,Carmen Mlodzinski
669387,FC,1,-0.0027232159734479435,93.3,-0.09,0.81,0.0,1.0,-0.27232159734479433,87.5,Carmen Mlodzinski
669387,FF,596,-3.281956748229596,96.05687919463088,-0.8049999999999999,0.973003355704698,0.08221476510067115,0.6124161073825504,-0.5506638839311403,73.2,Carmen Mlodzinski
669387,FS,250,-1.610162523022512,87.6076,-0.84512,-0.05892,0.236,0.624,-0.6440650092090048,68.3,Carmen Mlodzinski
669387,SI,249,1.3068565343933636,95.85180722891566,-1.3946586345381526,0.5278313253012048,0.03614457831325301,0.6265060240963856,0.5248419816840818,128.6,Carmen Mlodzinski
669387,SL,232,2.1976959964480107,88.69051724137931,0.2229741379310345,0.20603448275862069,0.10344827586206896,0.6810344827586207,0.9472827570896599,150.4,Carmen Mlodzinski
669387,ST,173,-0.017315353698799992,83.99653179190751,0.677514450867052,0.38462427745664746,0.10404624277456648,0.6473988439306358,-0.010008874970404619,101.0,Carmen Mlodzinski
669422,CU,5,-0.058974159095921685,82.16,0.9640000000000001,-0.54,0.2,0.6,-1.1794831819184337,40.7,Matt Sauer
669422,FC,163,0.24006986236944755,89.95092024539878,0.38650306748466257,0.6342944785276073,0.09815950920245399,0.6809815950920245,0.1472821241530353,109.1,Matt Sauer
669422,FF,112,0.030336941332462328,94.14999999999999,-0.4386607142857143,1.3639285714285714,0.09821428571428571,0.6607142857142857,0.02708655476112708,102.9,Matt Sauer
669422,FS,46,-0.4767827675179258,87.3108695652174,-1.032391304347826,0.5669565217391304,0.1956521739130435,0.43478260869565216,-1.0364842772128822,48.1,Matt Sauer
669422,SI,90,-0.5282924447888581,94.31333333333335,-1.1906666666666665,1.0734444444444444,0.044444444444444446,0.6666666666666666,-0.5869916053209534,71.3,Matt Sauer
669422,SL,96,-0.5531110343231181,83.76666666666667,0.4934375,-0.4232291666666667,0.09375,0.6666666666666666,-0.5761573274199148,71.8,Matt Sauer
669432,CH,407,3.2323278379802933,86.24840294840294,1.1518673218673219,0.054324324324324325,0.15724815724815724,0.6633906633906634,0.7941837439755021,142.5,Trevor Rogers
669432,FC,191,0.20370438181092793,81.2303664921466,-0.41837696335078534,0.27806282722513087,0.16753926701570682,0.5968586387434555,0.10665150880153294,107.0,Trevor Rogers
669432,FF,665,2.400313790287437,93.04601503759399,0.9548421052631579,1.2218195488721804,0.13233082706766916,0.7263157894736842,0.3609494421484868,120.1,Trevor Rogers
669432,SI,242,1.2218823218241157,92.8297520661157,1.4865289256198349,0.6680578512396693,0.045454545454545456,0.6694214876033058,0.5049100503405437,127.6,Trevor Rogers
669432,ST,122,-0.0020903352796968477,78.30327868852459,-0.6184426229508196,0.6641803278688525,0.20491803278688525,0.6639344262295082,-0.0017133895735220064,101.5,Trevor Rogers
669438,CH,248,-0.13854318384681036,87.5209677419355,-1.0566935483870967,0.0617741935483871,0.1774193548387097,0.6169354838709677,-0.055864187035004176,98.7,Mason Englert
669438,CU,61,-0.009566097030779961,76.87868852459017,1.0418032786885245,-1.1031147540983608,0.11475409836065574,0.7704918032786885,-0.01568212627996715,100.7,Mason Englert
669438,FC,140,0.11192665068420979,87.73714285714286,0.2330714285714286,0.2732142857142857,0.1,0.6857142857142857,0.07994760763157842,105.7,Mason Englert
669438,FF,143,0.4925921657745236,93.92027972027972,-0.6517482517482518,1.402097902097902,0.11188811188811189,0.7062937062937062,0.34447004599617037,119.3,Mason Englert
669438,SI,124,0.014135364011203808,92.85483870967742,-1.2002419354838711,0.6196774193548388,0.056451612903225805,0.6451612903225806,0.011399487105809522,102.1,Mason Englert
669438,ST,3,0.009081187178103974,80.93333333333334,1.1466666666666667,-0.09000000000000001,0.6666666666666666,0.6666666666666666,0.30270623927013246,117.1,Mason Englert
669438,SV,5,-0.011127474902604701,81.42,0.522,-0.158,0.0,0.4,-0.222549498052094,90.1,Mason Englert
669456,CH,83,-0.8216962430487672,89.0698795180723,-1.1009638554216867,-0.04771084337349397,0.1566265060240964,0.4819277108433735,-0.9899954735527315,50.5,Shane Bieber
669456,FC,82,-0.294238194517795,87.44756097560975,0.18597560975609756,0.5782926829268293,0.07317073170731707,0.5487804878048781,-0.3588270664851158,83.0,Shane Bieber
669456,FF,230,1.6553391249676204,92.57434782608695,-0.8262173913043478,1.4838260869565216,0.09565217391304348,0.6739130434782609,0.7197126630294002,138.6,Shane Bieber
669456,KC,120,0.2068211005190467,82.605,0.63325,-1.0363333333333333,0.10833333333333334,0.7,0.17235091709920558,110.4,Shane Bieber
669456,SL,130,0.4627852419013337,85.44769230769231,0.10438461538461538,-0.07238461538461538,0.2230769230769231,0.6692307692307692,0.3559886476164105,119.9,Shane Bieber
669461,CH,291,0.22159789756523943,88.42749140893471,1.2625429553264604,0.8301374570446736,0.07903780068728522,0.6048109965635738,0.07615048026296888,105.5,Matthew Liberatore
669461,CU,376,-0.4560278745720003,77.44627659574468,-0.8000265957446808,-1.495558510638298,0.12234042553191489,0.5824468085106383,-0.12128400919468094,95.3,Matthew Liberatore
669461,FC,248,-0.9416235315694167,90.20604838709677,-0.16681451612903225,0.8940725806451613,0.06854838709677419,0.5846774193548387,-0.3796869078908938,82.0,Matthew Liberatore
669461,FF,684,2.070558940466211,93.89093567251462,0.5906432748538012,1.3658333333333335,0.06286549707602339,0.6885964912280702,0.3027132953897969,117.1,Matthew Liberatore
669461,SI,281,1.4265252393256107,93.98505338078292,1.0598932384341637,1.1700355871886121,0.028469750889679714,0.693950177935943,0.5076602275180109,127.7,Matthew Liberatore
669461,SL,506,0.2324681286174386,86.39328063241106,-0.33539525691699607,0.09266798418972332,0.18774703557312253,0.6877470355731226,0.045942317908584704,103.9,Matthew Liberatore
669467,FF,1199,0.13736862723658844,94.46680567139282,-0.028015012510425357,0.8285237698081734,0.06755629691409508,0.6797331109257715,0.011456933047255083,102.1,Andre Pallante
669467,KC,381,-3.3961172689611243,78.19370078740157,0.31246719160104985,-1.3421522309711287,0.12598425196850394,0.4356955380577428,-0.8913693619320536,55.6,Andre Pallante
669467,SI,363,-3.652371121843677,94.97217630853994,-0.8358126721763085,1.189504132231405,0.07713498622589532,0.6308539944903582,-1.0061628434831067,49.7,Andre Pallante
669467,SL,774,-0.4105929922279891,87.39612403100776,0.39320413436692503,-0.06848837209302325,0.15633074935400518,0.5749354005167958,-0.05304819021033451,98.8,Andre Pallante
669467,ST,3,-0.04397642322486685,82.96666666666667,0.9466666666666668,-0.42333333333333334,0.0,0.3333333333333333,-1.4658807741622282,26.0,Andre Pallante
669622,CH,28,-0.22606306427461084,89.38571428571429,-1.4417857142857142,-0.07714285714285715,0.03571428571428571,0.42857142857142855,-0.8073680866950388,59.9,Anthony Bender
669622,FF,10,0.03177738541489315,95.63,-1.089,1.018,0.1,0.6,0.31777385414893156,117.9,Anthony Bender
669622,SI,210,0.6691837394672334,96.60285714285713,-1.530904761904762,0.28104761904761905,0.01904761904761905,0.638095238095238,0.3186589235558254,118.0,Anthony Bender
669622,SL,175,-0.5970186784334212,87.36457142857142,0.3809142857142857,-0.08782857142857144,0.11428571428571428,0.6514285714285715,-0.34115353053338354,84.0,Anthony Bender
669622,ST,360,0.49483679596549524,83.90583333333333,1.3970833333333332,0.18783333333333335,0.11388888888888889,0.6805555555555556,0.1374546655459709,108.6,Anthony Bender
669674,CU,141,-0.9551590658272171,76.76028368794327,-0.4015602836879432,-1.134822695035461,0.09929078014184398,0.6099290780141844,-0.6774177771824235,66.6,Sam Long
669674,FF,277,-0.7606531617476431,93.17292418772564,0.5742960288808665,1.3509025270758122,0.05415162454873646,0.6425992779783394,-0.27460402951178453,87.4,Sam Long
669674,FS,73,-0.38071505553156815,86.38493150684933,0.8232876712328767,0.3849315068493151,0.0547945205479452,0.5342465753424658,-0.5215274733309153,74.7,Sam Long
669674,SI,85,-0.20095349900778925,92.65294117647059,1.2604705882352942,0.7034117647058823,0.047058823529411764,0.6470588235294118,-0.23641588118563442,89.4,Sam Long
669674,SL,202,-0.1564689601248256,84.85396039603961,-0.15297029702970297,0.2302970297029703,0.1485148514851485,0.6138613861386139,-0.07745988124991367,97.5,Sam Long
669674,ST,8,-0.2503099532913238,82.2625,-1.345,-0.036250000000000004,0.25,0.75,-3.128874416141547,-59.8,Sam Long
669684,CH,29,-0.12994801954366134,83.84137931034483,1.4241379310344826,0.3813793103448276,0.0,0.5862068965517241,-0.44809661911607357,78.4,Chris Murphy
669684,CU,177,0.6325405341288287,76.79717514124295,-1.1812429378531075,-1.076327683615819,0.12429378531073447,0.6214689265536724,0.3573675334061179,120.0,Chris Murphy
669684,FF,179,-1.821215638415244,94.31620111731843,0.4645251396648045,1.417709497206704,0.12849162011173185,0.5810055865921788,-1.0174389041425944,49.1,Chris Murphy
669684,FS,6,-0.004433874748108958,81.61666666666666,0.6766666666666666,0.125,0.16666666666666666,0.6666666666666666,-0.07389791246848262,97.7,Chris Murphy
669684,SI,28,0.00927115787041083,92.30714285714285,1.2739285714285715,0.8221428571428572,0.14285714285714285,0.6428571428571429,0.03311127810861011,103.2,Chris Murphy
669684,SL,114,-0.7171689124060107,87.59122807017543,-0.31991228070175437,0.37526315789473685,0.10526315789473684,0.6228070175438597,-0.629095537198255,69.1,Chris Murphy
669684,ST,36,-0.32565628937252655,78.88055555555555,-1.4997222222222222,0.05305555555555556,0.1388888888888889,0.5,-0.9046008038125738,54.9,Chris Murphy
669704,CU,50,-0.1384466489877162,83.02799999999999,1.1574,-1.1168,0.18,0.7,-0.2768932979754324,87.3,Kade Strowd
669704,FC,167,0.19285818262813656,91.74910179640719,0.44479041916167666,0.35748502994011977,0.1437125748502994,0.6467065868263473,0.11548394169349493,107.5,Kade Strowd
669704,FF,74,0.1769111114360272,95.81756756756756,-0.09702702702702702,1.386081081081081,0.12162162162162163,0.6081081081081081,0.23906906950814485,113.9,Kade Strowd
669704,SI,62,-0.2938327590143625,96.2709677419355,-1.1312903225806452,0.9440322580645162,0.04838709677419355,0.5806451612903226,-0.473923804861875,77.1,Kade Strowd
669704,ST,53,0.06604262357502459,84.58301886792452,1.379433962264151,-0.19981132075471697,0.1320754716981132,0.6415094339622641,0.12460872372646149,108.0,Kade Strowd
669711,CH,104,-0.40983737618057703,86.02692307692307,-1.1817307692307693,-0.14596153846153845,0.14423076923076922,0.5288461538461539,-0.3940744001736317,81.2,Greg Weissert
669711,CU,43,-0.27398896726284594,81.13720930232559,1.4430232558139535,-0.5093023255813953,0.13953488372093023,0.4186046511627907,-0.6371836447973162,68.7,Greg Weissert
669711,FF,357,-0.6960576677032618,94.12885154061625,-0.7136414565826331,1.0522689075630254,0.13445378151260504,0.7394957983193278,-0.19497413661155794,91.5,Greg Weissert
669711,SI,297,1.1456323722126989,93.86531986531986,-1.4072727272727272,0.23515151515151517,0.05387205387205387,0.6565656565656566,0.38573480545882116,121.4,Greg Weissert
669711,SL,173,0.4123087204505344,85.58381502890174,0.4835260115606937,0.05173410404624277,0.11560693641618497,0.6127167630057804,0.23832874014481759,113.8,Greg Weissert
669711,ST,95,-0.8254915293796317,81.35473684210527,1.6766315789473685,0.4496842105263158,0.07368421052631578,0.4842105263157895,-0.8689384519785596,56.7,Greg Weissert
669713,CH,36,0.1873187105440217,85.73333333333333,-1.2505555555555556,0.3536111111111111,0.1388888888888889,0.5833333333333334,0.5203297515111713,128.4,Hayden Wesneski
669713,CU,47,-0.3659775455065511,77.13191489361702,0.8863829787234043,-1.001276595744681,0.0851063829787234,0.574468085106383,-0.7786756287373428,61.4,Hayden Wesneski
669713,FC,58,0.33288729366563624,88.29137931034482,0.3875862068965517,0.3977586206896552,0.13793103448275862,0.6206896551724138,0.5739436097683384,131.1,Hayden Wesneski
669713,FF,186,0.15728241434908682,93.85483870967742,-0.5405376344086021,1.14994623655914,0.08064516129032258,0.6935483870967742,0.08456043782208969,105.9,Hayden Wesneski
669713,SI,56,0.3037843766185896,91.90892857142856,-1.0832142857142857,0.7098214285714286,0.16071428571428573,0.6785714285714286,0.5424721011046243,129.5,Hayden Wesneski
669713,ST,125,1.0686403866465253,83.2976,1.4685599999999999,0.03423999999999999,0.12,0.656,0.8549123093172202,145.6,Hayden Wesneski
669724,CH,40,-0.5905605179040135,89.78,-1.2317500000000001,0.1565,0.075,0.425,-1.4764012947600338,25.4,Brenan Hanifee
669724,FF,114,0.03276112272270308,96.1,-0.9752631578947369,0.9181578947368422,0.08771929824561403,0.631578947368421,0.028737826949739545,103.0,Brenan Hanifee
669724,SI,592,2.255011365764709,95.22550675675676,-1.3432432432432433,0.3343581081081081,0.05067567567567568,0.6976351351351351,0.38091408205484945,121.2,Brenan Hanifee
669724,SL,200,-0.48153545451824836,87.68950000000001,0.1943,0.1274,0.13,0.505,-0.24076772725912415,89.1,Brenan Hanifee
669854,CH,99,-0.7250785376849497,84.36262626262626,-1.1405050505050505,0.5207070707070707,0.1919191919191919,0.6464646464646465,-0.732402563318131,63.8,Ronel Blanco
669854,CU,161,0.015834029968741156,80.16086956521738,0.8530434782608696,-0.12739130434782608,0.13043478260869565,0.6521739130434783,0.009834801222820594,102.0,Ronel Blanco
669854,FF,283,-0.31910850105641153,93.20459363957598,-0.5586925795053004,1.5667844522968197,0.06713780918727916,0.5547703180212014,-0.11275918765244224,95.7,Ronel Blanco
669854,SL,250,-0.9402875851119655,85.536,0.24244,0.53284,0.244,0.7,-0.3761150340447862,82.2,Ronel Blanco
669920,CH,410,0.26656004734831307,80.31975609756097,-1.4244634146341464,0.09995121951219511,0.23414634146341465,0.624390243902439,0.06501464569471051,104.9,Jason Alexander
669920,FC,13,-0.12723432576016047,87.1846153846154,0.006153846153846155,0.5523076923076923,0.0,0.23076923076923078,-0.9787255827704652,51.1,Jason Alexander
669920,FF,127,-1.8644434241564827,91.93149606299212,-1.1365354330708661,0.9914173228346457,0.08661417322834646,0.4094488188976378,-1.4680656883121912,25.9,Jason Alexander
669920,SI,500,2.8579099747174213,90.88380000000001,-1.37862,0.104,0.022,0.714,0.5715819949434843,131.0,Jason Alexander
669920,SL,2,0.00519672376319899,82.35,0.31999999999999995,0.935,0.0,1.0,0.2598361881599495,114.9,Jason Alexander
669920,ST,200,-0.8847007726544786,78.5025,1.3591499999999999,-0.01805,0.085,0.525,-0.4423503863272392,78.7,Jason Alexander
669923,CH,43,0.18329692421096858,87.8232558139535,-1.296279069767442,0.5113953488372093,0.023255813953488372,0.6046511627906976,0.4262719167696944,123.5,George Kirby
669923,FF,601,-0.4480471610481813,96.1432612312812,-0.8434941763727122,1.1204825291181364,0.16805324459234608,0.6439267886855241,-0.074550276380729,97.7,George Kirby
669923,FS,59,0.35600567872808436,86.04406779661018,-0.973050847457627,0.13254237288135592,0.2033898305084746,0.5254237288135594,0.6033994554713294,132.6,George Kirby
669923,KC,236,0.014224142014318934,84.25889830508474,0.7934322033898306,-1.0719491525423728,0.2076271186440678,0.6271186440677966,0.006027178819626667,101.9,George Kirby
669923,SI,559,3.8454713051692933,96.25563506261182,-1.385098389982111,0.7475491949910554,0.05366726296958855,0.6797853309481217,0.6879197325884245,137.0,George Kirby
669923,ST,588,3.190515008260882,87.11649659863946,0.8932312925170068,-0.27743197278911563,0.1360544217687075,0.6598639455782312,0.5426045932416466,129.5,George Kirby
670036,FC,116,-0.7591673264483704,90.6198275862069,0.3775,0.6892241379310345,0.12931034482758622,0.6810344827586207,-0.6544545917658365,67.8,Matt Festa
670036,FF,323,-0.7005554441195698,92.09597523219814,0.05000000000000001,0.9679256965944272,0.15479876160990713,0.6996904024767802,-0.2168902303775758,90.4,Matt Festa
670036,SI,66,0.22303430114688966,93.1530303030303,-0.9030303030303031,0.7057575757575757,0.09090909090909091,0.6363636363636364,0.33793075931346916,119.0,Matt Festa
670036,ST,312,0.08035892825156211,83.08269230769231,1.3020512820512822,0.04830128205128205,0.14102564102564102,0.6666666666666666,0.02575606674729555,102.9,Matt Festa
670059,FC,119,-0.18564423673960528,90.47983193277311,0.24823529411764705,0.4968067226890756,0.12605042016806722,0.6554621848739496,-0.1560035602853826,93.5,Colin Holderman
670059,FF,36,-0.29310035257147443,96.98611111111111,-0.9083333333333334,1.168611111111111,0.05555555555555555,0.5833333333333334,-0.8141676460318735,59.6,Colin Holderman
670059,FS,19,-0.0967097604562152,90.09473684210526,-1.4326315789473683,0.1473684210526316,0.21052631578947367,0.5789473684210527,-0.5089987392432379,75.3,Colin Holderman
670059,SI,181,0.18890780141145458,97.39668508287292,-1.3803314917127072,0.6608839779005525,0.09944751381215469,0.6740331491712708,0.10436895105605225,106.9,Colin Holderman
670059,SL,4,-0.008240743607075652,85.55,0.12,0.5575,0.25,0.75,-0.2060185901768913,90.9,Colin Holderman
670059,ST,133,-1.6597094145656708,82.9187969924812,0.966390977443609,0.4033082706766917,0.14285714285714285,0.6165413533834586,-1.2479018154629105,37.2,Colin Holderman
670102,CU,160,-0.8933681006313711,73.736875,1.2939375,-0.609375,0.1,0.50625,-0.5583550628946069,72.8,Bowden Francis
670102,FF,639,1.7868923023874632,92.46932707355242,-0.6036932707355243,1.525602503912363,0.0782472613458529,0.6917057902973396,0.27963885796360927,116.0,Bowden Francis
670102,FS,256,-0.7806972039058285,82.18828125,-0.7119140625,0.45828125,0.1796875,0.55078125,-0.3049598452757143,85.8,Bowden Francis
670102,SI,20,-0.4457833721194064,91.52000000000001,-1.0985,1.1015000000000001,0.05,0.55,-2.228916860597032,-13.4,Bowden Francis
670102,SL,66,-0.3294915950719024,82.70606060606062,0.4722727272727273,-0.013636363636363634,0.16666666666666666,0.5909090909090909,-0.4992296895028824,75.8,Bowden Francis
670167,CH,21,0.028888636676585484,86.06666666666668,-0.7666666666666667,-0.36952380952380953,0.23809523809523808,0.47619047619047616,0.13756493655516897,108.6,John Schreiber
670167,FC,196,-0.3677046238007221,89.48622448979592,0.05081632653061225,0.4720408163265306,0.09183673469387756,0.6836734693877551,-0.1876043998983276,91.9,John Schreiber
670167,FF,331,-0.5254084680275899,93.78006042296073,-0.9034743202416918,0.8909365558912387,0.18429003021148035,0.6404833836858006,-0.15873367614126582,93.4,John Schreiber
670167,SI,203,1.2495029286387571,93.26108374384236,-1.411576354679803,-0.053497536945812815,0.054187192118226604,0.6896551724137931,0.6155186840585011,133.3,John Schreiber
670167,ST,296,0.1371525710767539,82.36317567567568,1.2691216216216217,0.058141891891891895,0.07432432432432433,0.6047297297297297,0.046335328066470914,103.9,John Schreiber
670280,CU,371,-0.1331431978776613,77.64070080862534,0.6805121293800539,-0.6333692722371967,0.14285714285714285,0.6495956873315364,-0.03588765441446396,99.7,David Bednar
670280,FF,451,2.161832297893545,97.05077605321507,-0.6751884700665188,1.5037915742793793,0.11751662971175167,0.6740576496674058,0.47934197292539804,126.3,David Bednar
670280,FS,201,0.2611534734211015,92.3094527363184,-0.652686567164179,0.436318407960199,0.22885572139303484,0.7114427860696517,0.1299271012045281,108.2,David Bednar
670329,CH,129,-1.3453959224823668,86.46821705426356,-1.204341085271318,1.2013178294573643,0.18604651162790697,0.6434108527131783,-1.0429425755677264,47.8,Rico Garcia
670329,CU,114,0.3771103641783005,85.2561403508772,0.015175438596491227,-0.8261403508771931,0.07017543859649122,0.5614035087719298,0.33079856506868466,118.6,Rico Garcia
670329,FF,231,1.8883299438488765,95.50735930735931,-0.759090909090909,1.6382683982683983,0.16883116883116883,0.7316017316017316,0.8174588501510288,143.7,Rico Garcia
670329,SL,112,-0.04730281098802394,87.0,0.07669642857142857,0.17473214285714286,0.17857142857142858,0.6071428571428571,-0.04223465266787852,99.4,Rico Garcia
670912,CH,39,-0.49594808125742684,88.57692307692308,-1.343076923076923,0.5846153846153846,0.15384615384615385,0.5384615384615384,-1.271661746813915,36.0,Johan Oviedo
670912,CU,105,-0.5460536222901576,77.74,0.7407619047619047,-0.19352380952380951,0.14285714285714285,0.6476190476190476,-0.5200510688477692,74.7,Johan Oviedo
670912,FF,246,-2.308545841963484,95.49186991869918,-0.49430894308943085,1.2738211382113822,0.11788617886178862,0.5487804878048781,-0.9384332690908471,53.2,Johan Oviedo
670912,SI,61,-0.6045400351510517,95.1032786885246,-1.2237704918032788,0.6667213114754099,0.09836065573770492,0.5245901639344263,-0.9910492379525437,50.5,Johan Oviedo
670912,SL,214,0.6649740997434772,86.71495327102804,0.5385981308411215,0.14677570093457945,0.1308411214953271,0.6822429906542056,0.3107355606277931,117.6,Johan Oviedo
670955,CH,472,0.7451106473369812,88.42521186440678,-1.2990466101694915,-0.025042372881355933,0.2033898305084746,0.6483050847457628,0.15786242528325872,109.7,Edwin Uceta
670955,FC,193,-0.16328187128082547,89.38963730569948,0.056373056994818656,0.766580310880829,0.15544041450777202,0.6994818652849741,-0.0846020058449873,97.2,Edwin Uceta
670955,FF,493,-2.9408955105707686,93.95212981744422,-1.0096348884381339,1.0797565922920893,0.20081135902636918,0.6369168356997972,-0.5965305295275393,70.8,Edwin Uceta
670955,SI,20,0.0011753696793586413,94.03999999999999,-1.474,0.47800000000000004,0.1,0.75,0.005876848396793206,101.8,Edwin Uceta
670955,ST,36,0.13413429595419443,82.13888888888889,1.0891666666666666,0.23916666666666664,0.05555555555555555,0.6666666666666666,0.372595266539429,120.7,Edwin Uceta
670970,CH,66,-0.17893088790942163,90.49545454545455,1.2028787878787879,0.2159090909090909,0.30303030303030304,0.6515151515151515,-0.2711074059233661,87.6,Adrián Morejón
670970,FC,33,-0.23392789977589917,94.02727272727273,-0.12333333333333334,1.083030303030303,0.030303030303030304,0.5151515151515151,-0.7088724235633308,65.0,Adrián Morejón
670970,FF,32,-0.14444407392654485,96.521875,0.45718749999999997,1.4175,0.09375,0.40625,-0.45138773102045265,78.3,Adrián Morejón
670970,SI,617,4.652428032461751,97.70356564019448,1.2745542949756887,0.8777633711507294,0.07455429497568881,0.7325769854132901,0.754040199750689,140.4,Adrián Morejón
670970,SL,246,1.8135611460988181,87.4951219512195,-0.4841869918699187,-0.1024390243902439,0.17886178861788618,0.6463414634146342,0.7372199780889505,139.5,Adrián Morejón
670990,CU,116,-1.0886926636835847,83.84827586206896,1.0732758620689655,-0.6441379310344828,0.15517241379310345,0.5603448275862069,-0.9385281583479179,53.2,Yohan Ramírez
670990,FC,8,0.015126459009430876,90.0125,-0.3825,0.66875,0.125,0.75,0.18908073761788596,111.3,Yohan Ramírez
670990,FF,270,-0.1966339441292083,96.40814814814816,-0.8755925925925926,1.1271111111111112,0.1037037037037037,0.7111111111111111,-0.07282738671452159,97.8,Yohan Ramírez
670990,SI,40,-0.1499373722692508,96.69500000000001,-1.32625,0.6345,0.0,0.55,-0.374843430673127,82.2,Yohan Ramírez
670990,SL,23,-0.1581972024279247,86.95217391304348,0.3060869565217391,0.11217391304347826,0.17391304347826086,0.6086956521739131,-0.6878139235996726,66.1,Yohan Ramírez
670990,ST,147,-0.09067496731886397,83.23741496598639,1.4399319727891156,0.038639455782312926,0.17687074829931973,0.673469387755102,-0.06168365123732243,98.4,Yohan Ramírez
671096,CH,526,-1.1792590201142639,84.82167300380227,1.2639543726235742,0.8505133079847909,0.13688212927756654,0.6254752851711026,-0.224193730059746,90.0,Andrew Abbott
671096,CU,308,0.5194087524029506,80.5646103896104,-0.7244155844155844,-0.3224675324675325,0.08766233766233766,0.6331168831168831,0.1686392053256333,110.2,Andrew Abbott
671096,FC,115,0.04186654221646631,88.64869565217391,-0.043130434782608695,0.7041739130434783,0.1391304347826087,0.6956521739130435,0.03640568888388375,103.4,Andrew Abbott
671096,FF,1263,1.6549673340948492,92.7833729216152,0.7569041963578781,1.348566904196358,0.09422011084718923,0.6769596199524941,0.13103462661083526,108.3,Andrew Abbott
671096,ST,465,3.55863153569281,82.66989247311828,-0.9946881720430109,0.20716129032258065,0.1870967741935484,0.6752688172043011,0.7652971044500667,141.0,Andrew Abbott
671106,CH,487,0.40602917385409226,82.41314168377822,0.8186447638603697,0.4954209445585216,0.09650924024640657,0.5975359342915811,0.08337354699262674,105.8,Logan Allen
671106,FC,292,0.08035184997367464,85.70342465753426,-0.35431506849315064,0.5296575342465754,0.08561643835616438,0.613013698630137,0.027517756840299532,103.0,Logan Allen
671106,FF,872,-1.4800757368123119,91.24311926605505,0.5220412844036697,1.3650114678899081,0.09518348623853211,0.6479357798165137,-0.1697334560564578,92.8,Logan Allen
671106,SI,358,0.8227147045959701,88.9840782122905,1.1364804469273744,0.7759217877094972,0.04189944134078212,0.6564245810055865,0.22980857670278493,113.4,Logan Allen
671106,SL,4,-0.0054209969580536616,83.375,-0.235,0.7675,0.25,0.5,-0.13552492395134152,94.6,Logan Allen
671106,ST,619,-0.4460522226893758,78.08352180936994,-1.1844588045234248,0.06504038772213247,0.10662358642972536,0.5621970920840065,-0.07206013290619964,97.8,Logan Allen
671131,FC,175,-1.3567565458951516,88.96171428571428,0.1456,0.5534285714285714,0.15428571428571428,0.6571428571428571,-0.7752894547972294,61.6,Jackson Rutledge
671131,FF,250,-0.4489774995730518,95.61280000000001,-0.8759199999999999,1.28116,0.116,0.58,-0.17959099982922072,92.3,Jackson Rutledge
671131,FS,126,-1.8547316759323953,85.23809523809524,-1.1361904761904762,0.16825396825396824,0.1349206349206349,0.5079365079365079,-1.4720092666130122,25.7,Jackson Rutledge
671131,SI,437,3.262304258439039,95.24027459954233,-1.4155148741418766,0.7722883295194508,0.05491990846681922,0.6933638443935927,0.7465227136016108,140.0,Jackson Rutledge
671131,SL,351,-4.046557840785862,85.27037037037037,0.12823361823361823,0.007407407407407407,0.1794871794871795,0.5783475783475783,-1.1528654817053738,42.1,Jackson Rutledge
671212,FF,453,-0.9915683395021063,98.5167770419426,-0.6850110375275938,1.231523178807947,0.11699779249448124,0.5849889624724062,-0.21888925816823537,90.3,Joe Boyle
671212,FS,152,-1.5168062801381892,92.96973684210526,-1.3159868421052632,0.2421052631578947,0.125,0.4934210526315789,-0.9978988685119665,50.1,Joe Boyle
671212,SL,328,-0.04578422120407239,90.84329268292683,0.2904268292682927,0.18042682926829268,0.14329268292682926,0.7012195121951219,-0.013958604025631828,100.8,Joe Boyle
671212,ST,1,-0.02121291708856095,82.5,1.11,-0.05,0.0,0.0,-2.121291708856095,-7.8,Joe Boyle
671737,CU,335,-2.305252797847547,81.79731343283582,0.32919402985074625,-1.2222089552238806,0.12238805970149254,0.5074626865671642,-0.6881351635365812,66.1,Taj Bradley
671737,FC,514,-2.319338604640739,89.64649805447472,0.3334630350194553,0.46348249027237354,0.15369649805447472,0.622568093385214,-0.4512331915643461,78.3,Taj Bradley
671737,FF,877,2.9062067605801154,96.21356898517674,-0.520091220068415,1.5428962371721777,0.10034207525655645,0.6784492588369442,0.33138047441050344,118.6,Taj Bradley
671737,FS,344,-2.919782660633485,91.24476744186046,-1.0550581395348837,0.7424127906976744,0.11627906976744186,0.5959302325581395,-0.84877402925392,57.8,Taj Bradley
671737,SI,202,-1.3360676414708728,96.04108910891088,-0.8719306930693069,1.2802475247524754,0.07920792079207921,0.6435643564356436,-0.661419624490531,67.4,Taj Bradley
671922,FF,826,2.622835221117694,96.38753026634383,-0.7242736077481841,1.3775786924939468,0.16585956416464892,0.6912832929782082,0.3175345304016579,117.9,Cade Smith
671922,FS,251,1.4290504971685787,87.64661354581673,-0.682988047808765,-0.17386454183266933,0.21912350597609562,0.6414342629482072,0.5693428275572027,130.9,Cade Smith
671922,ST,105,-0.6655060619200855,85.1304761904762,1.0454285714285714,0.3420952380952381,0.19047619047619047,0.6190476190476191,-0.6338152970667481,68.9,Cade Smith
672282,CH,1,0.012496297589372976,85.3,1.08,0.91,0.0,1.0,1.2496297589372976,166.0,Reid Detmers
672282,CU,229,0.9180783247499333,73.58995633187773,-0.8395633187772925,-1.3483406113537117,0.06986899563318777,0.611353711790393,0.400907565392984,122.2,Reid Detmers
672282,FF,492,3.664444915751501,95.8369918699187,0.6473780487804878,1.511869918699187,0.16869918699186992,0.6849593495934959,0.7448058771852644,139.9,Reid Detmers
672282,SI,23,0.1461141948324428,95.58695652173913,1.0756521739130434,1.2578260869565216,0.08695652173913043,0.782608695652174,0.6352791079671427,134.3,Reid Detmers
672282,SL,338,1.9623870737403275,88.33372781065088,-0.2253846153846154,-0.22499999999999998,0.21893491124260356,0.6745562130177515,0.5805878916391501,131.5,Reid Detmers
672335,FC,7,-0.07079389080886579,90.94285714285715,-0.19142857142857145,0.9642857142857143,0.0,0.42857142857142855,-1.0113412972695113,49.4,Cionel Pérez
672335,FF,49,-0.361633402470684,95.61020408163265,0.5912244897959184,1.2359183673469387,0.061224489795918366,0.6530612244897959,-0.7380273519809877,63.5,Cionel Pérez
672335,SI,186,-1.9402565923661224,95.60967741935485,1.2230645161290323,0.6288709677419355,0.053763440860215055,0.5913978494623656,-1.043148705573184,47.8,Cionel Pérez
672335,SL,100,0.07299029282830284,88.212,-0.4697,0.2415,0.18,0.65,0.07299029282830284,105.3,Cionel Pérez
672335,SV,95,-0.37689475113896526,83.05052631578947,-0.9225263157894736,-0.46989473684210525,0.18947368421052632,0.6421052631578947,-0.3967313169883845,81.1,Cionel Pérez
672391,CH,65,-0.8232222688512022,89.58307692307692,-1.2530769230769232,0.6226153846153846,0.13846153846153847,0.38461538461538464,-1.2664957982326188,36.3,Kaleb Ort
672391,FC,112,-0.5883018189765531,90.57410714285713,0.18026785714285715,0.8626785714285715,0.10714285714285714,0.6696428571428571,-0.5252694812290652,74.5,Kaleb Ort
672391,FF,428,-0.6990870831900585,96.40490654205608,-0.6186682242990654,1.5308411214953273,0.12383177570093458,0.6238317757009346,-0.1633381035490791,93.1,Kaleb Ort
672391,ST,183,-0.3100405495187928,83.91202185792349,0.9358469945355191,-0.19202185792349727,0.18032786885245902,0.6065573770491803,-0.16942106531081572,92.8,Kaleb Ort
672456,CH,189,-1.952905937819499,86.82380952380953,-1.2908994708994708,0.5903174603174602,0.10052910052910052,0.5873015873015873,-1.0332835649838619,48.3,Keider Montero
672456,FF,453,-0.9863366113093125,93.91655629139072,-0.44962472406181014,1.3383222958057395,0.06622516556291391,0.6666666666666666,-0.21773435128240895,90.3,Keider Montero
672456,KC,214,-0.082044784797826,79.00607476635514,1.121822429906542,-0.8184112149532711,0.09813084112149532,0.6635514018691588,-0.03833868448496542,99.6,Keider Montero
672456,SI,293,0.48387274126261354,93.68976109215016,-1.2786006825938567,0.8601365187713311,0.03754266211604096,0.6996587030716723,0.16514428029440736,110.1,Keider Montero
672456,SL,323,1.1167254872085195,84.1343653250774,0.8641795665634675,0.1710216718266254,0.17956656346749225,0.6873065015479877,0.34573544495619796,119.4,Keider Montero
672456,ST,1,-0.008834997115850356,83.7,2.38,-0.23,0.0,0.0,-0.8834997115850356,56.0,Keider Montero
672578,FF,394,2.5443622184502783,97.70913705583757,-0.6949238578680204,1.4593654822335025,0.10152284263959391,0.6954314720812182,0.6457772128046392,134.8,Carlos Hernández
672578,FS,151,-0.7518799710483883,88.81523178807947,-0.8223841059602649,0.8012582781456953,0.23841059602649006,0.5695364238410596,-0.4979337556611843,75.9,Carlos Hernández
672578,KC,55,-0.3172807962399931,82.72000000000001,0.5203636363636364,-0.478,0.01818181818181818,0.4909090909090909,-0.5768741749818057,71.8,Carlos Hernández
672578,SI,14,-0.17943492652668563,96.92857142857143,-1.1842857142857142,1.2328571428571429,0.0,0.5714285714285714,-1.281678046619183,35.5,Carlos Hernández
672578,SL,145,-0.5590846823760434,86.60896551724137,0.2493793103448276,0.1813103448275862,0.16551724137931034,0.6689655172413793,-0.38557564301796093,81.7,Carlos Hernández
672582,CH,40,-0.03351680088070598,90.795,1.12425,0.43274999999999997,0.1,0.55,-0.08379200220176494,97.2,Angel Zerpa
672582,FF,225,-0.7961535342744903,96.20755555555556,0.8030222222222223,0.963111111111111,0.1111111111111111,0.6222222222222222,-0.3538460152331068,83.3,Angel Zerpa
672582,SI,483,3.897987764289138,96.62236024844721,1.3704761904761906,0.31666666666666665,0.035196687370600416,0.6915113871635611,0.8070368042006497,143.1,Angel Zerpa
672582,SL,351,0.5872326174486338,85.13931623931624,-0.5080056980056981,-0.5733333333333334,0.09116809116809117,0.6125356125356125,0.16730274001385576,110.2,Angel Zerpa
672782,CH,84,-0.3296191464724262,89.28809523809524,-1.4307142857142858,0.5634523809523809,0.08333333333333333,0.6428571428571429,-0.3924037458005074,81.3,Yoendrys Gómez
672782,CU,158,-1.8085196935954742,80.78607594936709,1.0537974683544304,-0.7424050632911392,0.0949367088607595,0.5569620253164557,-1.14463271746549,42.5,Yoendrys Gómez
672782,FC,75,-0.8320086743614941,90.27466666666668,0.0996,0.8733333333333333,0.12,0.64,-1.1093448991486587,44.4,Yoendrys Gómez
672782,FF,368,-0.7291888819220455,93.81630434782609,-0.5698097826086956,1.3694021739130435,0.13858695652173914,0.6793478260869565,-0.198149152696208,91.3,Yoendrys Gómez
672782,SI,212,0.09498490825536905,93.2438679245283,-1.3393867924528302,0.8648584905660377,0.07075471698113207,0.6792452830188679,0.044804202007249556,103.9,Yoendrys Gómez
672782,SL,15,0.24618480038726412,86.84666666666666,0.4653333333333334,0.42133333333333334,0.13333333333333333,0.7333333333333333,1.641232002581761,186.1,Yoendrys Gómez
672782,ST,187,-0.8640514884446417,82.21764705882353,1.264331550802139,0.3062566844919786,0.13368983957219252,0.5347593582887701,-0.4620596194891132,77.7,Yoendrys Gómez
672841,CH,29,-0.11298591346101777,93.64482758620689,-1.2517241379310344,0.38,0.2413793103448276,0.5172413793103449,-0.3896065981414406,81.5,Carlos Vargas
672841,FC,140,-0.15841466848103067,94.84285714285714,0.01857142857142857,0.7083571428571429,0.1,0.6714285714285714,-0.11315333462930761,95.7,Carlos Vargas
672841,FF,40,-0.08217071418252582,97.535,-0.7927500000000001,0.9097500000000001,0.05,0.625,-0.20542678545631454,91.0,Carlos Vargas
672841,SI,686,2.3199945712764194,97.6298833819242,-1.2822740524781342,0.4041545189504373,0.06851311953352769,0.6836734693877551,0.33819162846595036,119.0,Carlos Vargas
672841,SL,200,0.21857915545855097,90.4375,0.28945,0.1865,0.155,0.605,0.10928957772927549,107.2,Carlos Vargas
673513,CU,2,-0.004772820374994987,74.80000000000001,-0.585,-1.495,0.5,1.0,-0.23864101874974936,89.2,Yuki Matsui
673513,FF,420,0.8524710035393022,92.05571428571429,0.37869047619047624,1.6357142857142857,0.0880952380952381,0.638095238095238,0.20296928655697669,112.0,Yuki Matsui
673513,FS,342,-2.7385266129436894,83.99122807017544,0.7703801169590644,0.2964619883040936,0.24269005847953215,0.5906432748538012,-0.800738775714529,60.3,Yuki Matsui
673513,SI,16,-0.336808847557148,91.48125,1.13,1.164375,0.125,0.5625,-2.105055297232175,-7.0,Yuki Matsui
673513,SL,169,0.713925533928806,86.62011834319526,-0.2419526627218935,0.5770414201183431,0.10650887573964497,0.6331360946745562,0.42244114433657154,123.3,Yuki Matsui
673513,ST,114,-0.3020425234238547,81.37280701754386,-1.0759649122807018,-0.11763157894736842,0.14912280701754385,0.5350877192982456,-0.2649495819507497,87.9,Yuki Matsui
673540,CU,32,-0.7098358348361329,68.471875,0.389375,-0.963125,0.09375,0.4375,-2.2182369838629152,-12.8,Kodai Senga
673540,FC,389,-0.510974632331841,89.59383033419023,-0.07912596401028278,0.7198200514138817,0.07455012853470437,0.6632390745501285,-0.13135594661486916,94.8,Kodai Senga
673540,FF,597,-0.6275760610018583,94.678391959799,-0.635896147403685,1.3720770519262981,0.08877721943048576,0.6381909547738693,-0.10512161825826771,96.1,Kodai Senga
673540,FO,542,-2.855966383923524,82.509963099631,-0.8285977859778598,0.0561070110701107,0.22693726937269373,0.5940959409594095,-0.5269310671445616,74.4,Kodai Senga
673540,SI,114,-1.8100629634722922,88.60438596491228,-1.3163157894736843,0.5542105263157895,0.05263157894736842,0.43859649122807015,-1.5877745293616599,19.7,Kodai Senga
673540,SL,78,-0.529478037940557,83.7,0.04038461538461539,0.1932051282051282,0.19230769230769232,0.5256410256410257,-0.6788179973596885,66.5,Kodai Senga
673540,ST,148,-0.9580872901676593,80.0445945945946,0.6897972972972973,-0.1902027027027027,0.05405405405405406,0.5472972972972973,-0.6473562771403103,68.2,Kodai Senga
673929,FF,605,0.6472206129570123,96.23834710743802,-0.3354214876033058,1.6066115702479338,0.1256198347107438,0.6198347107438017,0.10697861371190284,107.1,Jordan Leasure
673929,FS,31,-0.29194855612526394,87.08709677419354,-0.525483870967742,0.8403225806451613,0.12903225806451613,0.5806451612903226,-0.9417695358879482,53.0,Jordan Leasure
673929,SI,14,-0.300753762101553,95.80714285714285,-0.8314285714285715,1.5557142857142858,0.07142857142857142,0.42857142857142855,-2.148241157868236,-9.2,Jordan Leasure
673929,SL,480,0.3199114169961311,87.29416666666665,0.535625,0.2680208333333333,0.19791666666666666,0.6166666666666667,0.06664821187419398,105.0,Jordan Leasure
674285,CH,8,-0.21443526426103357,86.5875,-1.09625,0.5825,0.0,0.125,-2.6804408032629197,-36.6,Eduardo Salazar
674285,FF,119,-0.7088648770877571,95.2747899159664,-0.8932773109243697,1.1070588235294119,0.08403361344537816,0.5546218487394958,-0.5956847706619808,70.8,Eduardo Salazar
674285,SI,245,0.30717943388538743,94.34897959183674,-1.3232244897959184,0.47363265306122454,0.044897959183673466,0.6816326530612244,0.1253793607695459,108.0,Eduardo Salazar
674285,SL,173,-0.9067382868930244,87.50693641618497,0.43173410404624274,-0.02716763005780347,0.1907514450867052,0.6242774566473989,-0.5241261773948118,74.5,Eduardo Salazar
674370,CH,146,-0.9822525719472042,88.75136986301371,-1.3335616438356164,0.831917808219178,0.1095890410958904,0.5753424657534246,-0.6727757342104138,66.9,Osvaldo Bido
674370,FC,94,-0.35090222557976464,86.57340425531915,-0.010319148936170211,0.5029787234042553,0.14893617021276595,0.6382978723404256,-0.373300239978473,82.3,Osvaldo Bido
674370,FF,523,-2.0818747270337936,94.50994263862331,-0.8521797323135755,1.3134416826003823,0.1089866156787763,0.621414913957935,-0.3980640013448936,81.0,Osvaldo Bido
674370,SI,204,0.2238091009464904,94.74117647058824,-1.3180882352941177,0.8406862745098039,0.058823529411764705,0.6666666666666666,0.10971034360122078,107.2,Osvaldo Bido
674370,SL,411,-0.3256086157348325,85.24695863746959,0.5942579075425791,0.27883211678832115,0.17518248175182483,0.6715328467153284,-0.07922350747806144,97.5,Osvaldo Bido
674444,FC,164,-1.1095394323704035,93.67439024390244,0.028780487804878054,0.773109756097561,0.09146341463414634,0.6524390243902439,-0.6765484343721974,66.7,Steven Cruz
674444,FF,322,-0.33234055975516114,98.20124223602484,-0.816583850931677,1.2513664596273293,0.12111801242236025,0.6304347826086957,-0.10321135396123017,96.2,Steven Cruz
674444,SL,156,0.023225686295198496,89.34615384615384,0.4352564102564103,0.3302564102564103,0.15384615384615385,0.7051282051282052,0.014888260445640062,102.3,Steven Cruz
674841,CH,22,0.013502028969678824,85.18636363636364,1.2645454545454546,0.37863636363636366,0.09090909090909091,0.5,0.06137285895308557,104.7,Andrew Alvarez
674841,CU,113,0.2122174558465548,82.45575221238938,-0.8976106194690266,-0.8946902654867256,0.061946902654867256,0.5663716814159292,0.18780305827128743,111.2,Andrew Alvarez
674841,FF,142,-0.6684733622867592,91.28521126760563,0.28669014084507044,1.1335211267605634,0.06338028169014084,0.49295774647887325,-0.47075588893433745,77.3,Andrew Alvarez
674841,SI,19,0.04876219728463584,90.92631578947368,1.0889473684210527,0.4636842105263158,0.0,0.5789473684210527,0.25664314360334656,114.8,Andrew Alvarez
674841,SL,121,0.1799572360110386,82.3809917355372,-0.21297520661157024,-0.2747107438016529,0.1487603305785124,0.6528925619834711,0.14872498843887488,109.2,Andrew Alvarez
675512,CH,53,-0.1985021984942944,88.15471698113207,-0.8058490566037736,0.0509433962264151,0.05660377358490566,0.4716981132075472,-0.3745324499892347,82.2,Troy Melton
675512,CU,35,-0.2410374287026525,78.75714285714285,1.1705714285714286,-0.795142857142857,0.05714285714285714,0.6571428571428571,-0.6886783677218643,66.0,Troy Melton
675512,FC,71,0.07706883976482887,90.89014084507042,0.29309859154929574,0.47929577464788736,0.07042253521126761,0.676056338028169,0.10854766164060403,107.1,Troy Melton
675512,FF,274,-0.15851769134687813,97.0919708029197,-0.5766423357664233,1.2423722627737228,0.1386861313868613,0.656934306569343,-0.05785317202440807,98.6,Troy Melton
675512,SI,69,0.027113505899940493,95.44927536231884,-1.167536231884058,0.8062318840579711,0.028985507246376812,0.5942028985507246,0.03929493608687028,103.6,Troy Melton
675512,SL,154,0.38887538122203363,85.4564935064935,0.6022077922077922,-0.10454545454545455,0.15584415584415584,0.6753246753246753,0.25251648131300886,114.6,Troy Melton
675848,CH,1,-0.006010529648965441,91.7,-0.13,0.79,0.0,0.0,-0.6010529648965441,70.6,Juan Mejia
675848,FF,721,-2.1849626912399516,96.6257975034674,-0.09079056865464631,1.0247711511789181,0.13869625520110956,0.6421636615811374,-0.3030461430291195,85.9,Juan Mejia
675848,ST,352,-1.362640585765131,83.15965909090909,1.161875,-0.1403409090909091,0.16193181818181818,0.6392045454545454,-0.38711380277418495,81.6,Juan Mejia
675911,CH,97,-1.8321017371054433,85.87835051546392,-1.1690721649484537,0.552680412371134,0.10309278350515463,0.3917525773195876,-1.888764677428292,4.2,Spencer Strider
675911,CU,188,-2.6297513787650377,78.42553191489361,0.8359042553191489,-0.5607446808510639,0.19148936170212766,0.5106382978723404,-1.39880392487502,29.4,Spencer Strider
675911,FF,1081,0.7810643478547629,95.50379278445884,-0.7385013876040704,1.3680296022201663,0.07493061979648474,0.6614246068455134,0.07225387121690682,105.3,Spencer Strider
675911,SL,744,-4.648255722726513,84.1233870967742,0.4249327956989247,0.21419354838709678,0.24327956989247312,0.592741935483871,-0.6247655541299078,69.3,Spencer Strider
676083,CH,127,-0.3607588633422136,88.12519685039369,-1.1561417322834646,0.5512598425196851,0.047244094488188976,0.5118110236220472,-0.2840620971198532,86.9,Janson Junk
676083,CU,190,-0.16475520140627936,81.88473684210527,0.4958947368421053,-0.986421052631579,0.08947368421052632,0.631578947368421,-0.08671326389804176,97.1,Janson Junk
676083,FF,611,3.2062509167535653,93.62127659574467,-0.23715220949263505,1.5094599018003272,0.07855973813420622,0.723404255319149,0.5247546508598306,128.6,Janson Junk
676083,SL,447,3.2822088716442104,86.96308724832215,0.49655480984340045,0.3384116331096197,0.1319910514541387,0.7024608501118568,0.7342749153566466,139.4,Janson Junk
676083,ST,247,1.6276942214185068,81.96356275303644,1.084493927125506,0.29538461538461536,0.10121457489878542,0.6882591093117408,0.6589855147443348,135.5,Janson Junk
676092,FC,105,0.5983867218487685,86.88,0.46552380952380956,-0.03657142857142857,0.12380952380952381,0.7333333333333333,0.5698921160464462,130.9,Collin Snider
676092,FF,118,-0.2881676289424153,92.36610169491526,-0.0738135593220339,0.6753389830508474,0.0847457627118644,0.6779661016949152,-0.24420985503594517,89.0,Collin Snider
676092,SI,54,-0.12627902801158697,92.75555555555556,-0.5081481481481481,0.682962962962963,0.16666666666666666,0.6296296296296297,-0.2338500518733092,89.5,Collin Snider
676092,ST,149,-0.3267879972013062,82.39664429530201,1.1685906040268457,0.15738255033557047,0.10067114093959731,0.6577181208053692,-0.21932080349080954,90.2,Collin Snider
676092,SV,51,0.36219331475346217,84.7764705882353,0.7972549019607844,-0.24980392156862746,0.19607843137254902,0.7450980392156863,0.7101829701048278,138.2,Collin Snider
676106,CH,291,-1.8796150034166623,86.47353951890034,-1.346082474226804,0.11786941580756012,0.12371134020618557,0.5257731958762887,-0.6459158087342483,68.2,Emerson Hancock
676106,FC,1,-0.03025198982478761,85.5,0.46,0.25,0.0,0.0,-3.025198982478761,-54.4,Emerson Hancock
676106,FF,382,-1.147683518104028,94.94633507853403,-1.0684031413612565,0.9471727748691099,0.12303664921465969,0.6701570680628273,-0.30044071154555707,86.1,Emerson Hancock
676106,SI,541,1.4141333231005846,94.68502772643252,-1.5664695009242144,0.4197042513863216,0.04990757855822551,0.7153419593345656,0.2613924811646182,115.0,Emerson Hancock
676106,SL,162,-1.2405930607864488,81.80123456790123,0.4708641975308642,-0.1708641975308642,0.15432098765432098,0.6172839506172839,-0.7657981856706474,62.1,Emerson Hancock
676106,ST,46,-0.16357183838657968,78.85434782608696,1.2530434782608695,0.23500000000000001,0.15217391304347827,0.5652173913043478,-0.35559095301430366,83.2,Emerson Hancock
676130,CH,166,-1.6584898121555187,88.35000000000001,-0.7870481927710844,0.2690963855421687,0.13855421686746988,0.5180722891566265,-0.9990902482864571,50.0,José Buttó
676130,FF,335,-0.7756652119135075,95.21223880597014,-0.2602686567164179,1.2587164179104477,0.1253731343283582,0.6358208955223881,-0.23154185430253957,89.6,José Buttó
676130,SI,189,0.028678669096367296,94.6888888888889,-1.2132804232804233,0.841851851851852,0.07407407407407407,0.6825396825396826,0.015173898992786927,102.3,José Buttó
676130,SL,328,-0.8273540005023494,86.52225609756097,0.23914634146341462,-0.03097560975609756,0.1951219512195122,0.6097560975609756,-0.25224207332388704,88.5,José Buttó
676130,ST,77,-0.0503183304759348,83.55974025974027,1.046883116883117,-0.4453246753246753,0.06493506493506493,0.5194805194805194,-0.06534848113757766,98.2,José Buttó
676254,CH,4,-0.26521025055287467,91.25,-1.28,0.37,0.0,0.0,-6.630256263821867,-240.3,Ryan Walker
676254,FF,2,-0.12702226021864033,95.1,-1.48,0.21,0.0,0.5,-6.351113010932016,-225.9,Ryan Walker
676254,SI,630,2.7426648252911776,95.96571428571428,-1.4006984126984128,0.285968253968254,0.06984126984126984,0.6857142857142857,0.4353436230620917,124.0,Ryan Walker
676254,SL,382,-1.2117975087184731,83.97094240837697,1.2731675392670159,0.20282722513089008,0.13350785340314136,0.5863874345549738,-0.3172244787221134,85.2,Ryan Walker
676263,CU,99,-0.22849979400459178,78.8989898989899,-0.5636363636363636,-1.3675757575757577,0.0707070707070707,0.47474747474747475,-0.2308078727319109,89.6,Jack Dreyer
676263,FF,508,3.137923930355052,92.6515748031496,0.5811023622047243,1.6353149606299213,0.11023622047244094,0.6850393700787402,0.6177015610935142,133.4,Jack Dreyer
676263,SL,520,-0.15770233766715677,88.04884615384616,-0.2110576923076923,0.3223076923076923,0.175,0.6711538461538461,-0.030327372628299376,100.0,Jack Dreyer
676282,CH,500,-3.4079403239124577,78.2536,0.8590399999999999,1.0330599999999999,0.242,0.612,-0.6815880647824915,66.4,Joey Cantillo
676282,CU,307,0.4838811063890876,77.26091205211726,-0.6815960912052117,-1.503811074918567,0.08794788273615635,0.6156351791530945,0.15761599556647804,109.7,Joey Cantillo
676282,FF,687,-1.2419662661585087,91.71965065502184,0.5877001455604076,1.4055167394468704,0.0611353711790393,0.6477438136826783,-0.18078111588915702,92.2,Joey Cantillo
676282,SL,143,-0.3457782084276404,85.06853146853146,-0.4116083916083916,0.4665034965034965,0.13986013986013987,0.5944055944055944,-0.2418029429563919,89.1,Joey Cantillo
676395,CH,275,0.5118989252077331,88.92218181818181,1.372290909090909,0.13945454545454547,0.1709090909090909,0.64,0.18614506371190292,111.1,Robert Garcia
676395,FF,436,-1.2952716617621736,94.43532110091743,0.8895642201834862,1.1463073394495413,0.15137614678899083,0.7155963302752294,-0.297080656367471,86.2,Robert Garcia
676395,SL,261,1.3707927353034408,86.89540229885058,-0.3131417624521073,0.2572030651340996,0.1111111111111111,0.685823754789272,0.5252079445607053,128.6,Robert Garcia
676428,CH,112,-0.947507203880006,85.80267857142857,1.2307142857142856,0.09089285714285714,0.15178571428571427,0.5535714285714286,-0.8459885748928624,57.9,Brant Hurter
676428,FF,56,-0.6555217547069168,92.07142857142857,0.34660714285714284,0.8521428571428571,0.19642857142857142,0.5714285714285714,-1.170574561976637,41.2,Brant Hurter
676428,SI,552,-0.3389496416011616,92.25960144927537,1.364891304347826,0.27597826086956523,0.057971014492753624,0.6902173913043478,-0.06140392057992057,98.4,Brant Hurter
676428,ST,332,-1.4032564609414626,82.22560240963855,-0.8874096385542168,0.1364457831325301,0.18072289156626506,0.5602409638554217,-0.422667608717308,79.8,Brant Hurter
676440,CH,450,-4.364105977200762,81.80511111111112,-1.0005333333333333,0.9525777777777779,0.19111111111111112,0.6288888888888889,-0.9698013282668361,51.5,Tanner Bibee
676440,CU,152,-0.23725479608755237,79.71118421052631,0.8598026315789473,-0.7096052631578947,0.10526315789473684,0.625,-0.1560886816365476,93.5,Tanner Bibee
676440,FC,615,3.9775025779765167,86.2339837398374,0.658829268292683,0.2660487804878049,0.14634146341463414,0.6666666666666666,0.6467483866628482,134.9,Tanner Bibee
676440,FF,827,-2.9171407574073815,94.36287787182589,-0.46651753325272066,1.2210157194679565,0.05804111245465538,0.6251511487303507,-0.3527376973890425,83.4,Tanner Bibee
676440,SI,450,0.38657504968258516,94.09488888888889,-1.176577777777778,0.7919111111111111,0.04666666666666667,0.7066666666666667,0.08590556659613004,106.0,Tanner Bibee
676440,ST,475,0.5336683433085269,82.96105263157895,1.3347368421052632,-0.1620421052631579,0.13894736842105262,0.5915789473684211,0.11235123017021618,107.3,Tanner Bibee
676467,CH,114,0.22297373604378318,83.8938596491228,1.011140350877193,0.5685087719298246,0.14035087719298245,0.6052631578947368,0.19559099652963438,111.6,Colton Gordon
676467,CU,148,0.07432661109511741,75.56891891891892,-1.0927702702702702,-0.14824324324324326,0.08108108108108109,0.668918918918919,0.05022068317237663,104.1,Colton Gordon
676467,FF,595,1.442285785600406,91.08235294117647,0.832218487394958,1.357126050420168,0.08571428571428572,0.7226890756302521,0.24240097236981617,114.0,Colton Gordon
676467,SI,157,0.09176263152146916,91.54649681528662,1.3142675159235668,1.043248407643312,0.03184713375796178,0.6815286624203821,0.058447536000935774,104.6,Colton Gordon
676467,SL,41,0.19514710042922462,84.27560975609757,-0.44170731707317074,0.40780487804878046,0.04878048780487805,0.6097560975609756,0.47596853763225516,126.1,Colton Gordon
676467,ST,396,1.740116445779867,80.62171717171718,-0.8905555555555557,0.5102777777777777,0.11616161616161616,0.6186868686868687,0.4394233448939058,124.2,Colton Gordon
676477,CH,246,0.31296480649003344,84.33536585365853,-1.3954065040650405,0.01548780487804878,0.18292682926829268,0.6585365853658537,0.12722146605285914,108.1,Garrett Whitlock
676477,SI,556,0.8138440062999561,95.84172661870504,-1.0800539568345324,1.2596762589928057,0.16366906474820145,0.7032374100719424,0.14637482127697052,109.1,Garrett Whitlock
676477,SL,365,-0.5691864367546312,84.6441095890411,0.2933150684931507,-0.4939178082191781,0.18082191780821918,0.6821917808219178,-0.15594148952181677,93.5,Garrett Whitlock
676477,ST,13,-0.13813031952638605,81.84615384615384,1.0538461538461539,-0.26,0.23076923076923078,0.38461538461538464,-1.062540919433739,46.8,Garrett Whitlock
676508,CU,180,-0.5812128089088056,80.78222222222222,0.8515,-1.2099444444444445,0.13333333333333333,0.5888888888888889,-0.3228960049493364,84.9,Ben Casparius
676508,FC,274,1.1552097608042715,92.09160583941605,0.4498540145985402,0.5803284671532847,0.10583941605839416,0.718978102189781,0.42160940175338374,123.3,Ben Casparius
676508,FF,374,-0.13704295287446389,96.14732620320855,-0.23518716577540105,1.4906417112299466,0.15775401069518716,0.6122994652406417,-0.03664250076857323,99.7,Ben Casparius
676508,SI,16,-0.09916666991608013,95.2375,-0.929375,1.02875,0.1875,0.625,-0.6197916869755008,69.6,Ben Casparius
676508,ST,406,1.627811582091173,85.26674876847291,1.1654679802955665,-0.07366995073891626,0.13793103448275862,0.6379310344827587,0.400938813322949,122.2,Ben Casparius
676534,CH,1,-0.01572797928368988,90.9,-1.23,0.35,0.0,0.0,-1.572797928368988,20.5,Calvin Faucher
676534,CU,159,-0.5915960683063561,86.12955974842768,0.8242138364779875,-1.061006289308176,0.13836477987421383,0.4591194968553459,-0.3720729989348152,82.4,Calvin Faucher
676534,FC,386,2.4516107590099936,92.08575129533678,0.3127979274611399,0.17124352331606216,0.09326424870466321,0.7072538860103627,0.635132320987045,134.3,Calvin Faucher
676534,FF,182,-1.378587084371363,95.9565934065934,-0.6436263736263736,1.2888461538461538,0.06043956043956044,0.554945054945055,-0.7574654309732763,62.5,Calvin Faucher
676534,SI,131,-1.2997336523876637,95.812213740458,-1.3931297709923665,0.5110687022900764,0.08396946564885496,0.5801526717557252,-0.9921630934256974,50.4,Calvin Faucher
676534,SL,4,0.11194448182013156,91.5,0.3425,0.255,0.0,0.75,2.798612045503289,245.8,Calvin Faucher
676534,ST,191,0.3253477064101969,87.54921465968587,1.1501570680628272,-0.12465968586387434,0.13612565445026178,0.5549738219895288,0.170339113303768,110.3,Calvin Faucher
676571,CH,94,-0.6145906710625134,80.32872340425531,1.1167021276595746,-0.164468085106383,0.1595744680851064,0.574468085106383,-0.6538198628324611,67.8,Pj Poulin
676571,FF,186,-0.6624295154956791,90.84569892473118,1.2446236559139785,0.7598924731182796,0.06451612903225806,0.6129032258064516,-0.35614490080412853,83.2,Pj Poulin
676571,SI,38,0.5767331285239463,89.75263157894737,1.5102631578947368,0.1976315789473684,0.10526315789473684,0.7631578947368421,1.517718759273543,179.8,Pj Poulin
676571,ST,101,-0.2304153247999436,78.64653465346535,-0.786930693069307,0.4657425742574257,0.1782178217821782,0.5841584158415841,-0.2281339849504392,89.8,Pj Poulin
676617,CH,1,0.009589088364384102,90.4,-1.38,0.37,0.0,0.0,0.9589088364384102,151.0,Riley O'brien
676617,SI,366,0.4903484431294739,98.02377049180328,-1.3223224043715849,0.5099453551912568,0.04918032786885246,0.6475409836065574,0.13397498446160488,108.4,Riley O'brien
676617,SL,230,0.6705691639866049,90.07434782608695,0.3080869565217391,0.27073913043478265,0.1391304347826087,0.6478260869565218,0.29155181042895867,116.6,Riley O'brien
676617,ST,161,-0.5823630967676525,83.36770186335404,1.3951552795031057,-0.1917391304347826,0.2111801242236025,0.5217391304347826,-0.361716209172455,82.9,Riley O'brien
676661,FC,99,0.43894868937332304,88.29797979797979,0.34464646464646465,0.35232323232323237,0.0707070707070707,0.5858585858585859,0.4433825145185082,124.4,Max Lazar
676661,FF,357,1.1120175197864635,94.49383753501401,-0.09515406162464986,1.3619327731092437,0.07563025210084033,0.6750700280112045,0.3114895013407461,117.6,Max Lazar
676661,FS,21,-0.21945280300914105,86.76190476190476,-0.7480952380952381,0.5533333333333333,0.2857142857142857,0.5714285714285714,-1.0450133476625763,47.7,Max Lazar
676661,KC,169,-0.3399927151158408,81.10118343195266,0.5190532544378699,-1.3139644970414202,0.11834319526627218,0.5857988165680473,-0.20117912137031999,91.2,Max Lazar
676664,CH,354,-0.19637603600370832,83.39180790960452,1.3711299435028248,0.301045197740113,0.08757062146892655,0.5338983050847458,-0.05547345649822269,98.7,Jp Sears
676664,CU,86,-0.048813564824597096,79.53953488372093,-0.3773255813953489,-0.13534883720930233,0.11627906976744186,0.46511627906976744,-0.056759959098368715,98.6,Jp Sears
676664,FC,16,-0.16452129307253852,87.95625,0.25125,1.06,0.1875,0.625,-1.0282580817033657,48.5,Jp Sears
676664,FF,949,-2.875210281728316,92.19757639620653,0.9889251844046365,1.1726132771338251,0.101159114857745,0.6512118018967334,-0.30297263242658756,85.9,Jp Sears
676664,SI,160,1.3685473026069108,90.41749999999999,1.3135625,0.6331875,0.0625,0.675,0.8553420641293193,145.6,Jp Sears
676664,SL,161,0.3214957862522384,80.71801242236025,-0.30527950310559004,0.7985093167701863,0.12422360248447205,0.7453416149068323,0.1996868237591543,111.8,Jp Sears
676664,ST,640,2.220593218790574,79.2325,-1.040671875,0.542515625,0.1109375,0.665625,0.3469676904360272,119.4,Jp Sears
676684,CH,80,-0.4170199048039558,90.38,-1.300125,0.41200000000000003,0.1875,0.5375,-0.5212748810049448,74.7,Will Vest
676684,FF,596,2.595053713132901,96.68338926174498,-0.47919463087248326,1.3894463087248323,0.10570469798657718,0.6828859060402684,0.4354116968343793,124.0,Will Vest
676684,SI,190,0.314280667347155,96.07894736842105,-1.166263157894737,0.9334736842105263,0.06842105263157895,0.7157894736842105,0.1654108775511342,110.1,Will Vest
676684,SL,271,0.7790163417835037,88.70516605166051,0.4284132841328413,-0.034317343173431734,0.2029520295202952,0.5645756457564576,0.28745990471716004,116.4,Will Vest
676755,CH,90,-0.7280307355246967,85.94111111111111,-0.9536666666666667,0.7248888888888888,0.1,0.6333333333333333,-0.8089230394718853,59.8,Isaac Mattson
676755,CU,9,0.06777178990165747,79.0,0.35444444444444445,-0.5366666666666666,0.0,0.5555555555555556,0.7530198877961941,140.4,Isaac Mattson
676755,FF,610,2.2214180486064765,93.87885245901639,-0.6858360655737705,1.5618688524590163,0.11639344262295082,0.6737704918032786,0.36416689321417645,120.3,Isaac Mattson
676755,SL,68,-0.13742934178063243,85.26470588235294,0.24955882352941175,0.4632352941176471,0.17647058823529413,0.6764705882352942,-0.2021019732068124,91.1,Isaac Mattson
676879,CH,122,-0.7798007447578631,91.3639344262295,1.140655737704918,0.30778688524590164,0.1721311475409836,0.6229508196721312,-0.6391809383261173,68.6,Aaron Ashby
676879,CU,273,0.3756493603444421,82.1978021978022,-0.6644688644688644,-1.4342857142857144,0.13186813186813187,0.5567765567765568,0.13760049829466742,108.6,Aaron Ashby
676879,FF,24,-0.1112414881177102,96.91666666666667,0.40375,1.1416666666666666,0.16666666666666666,0.625,-0.4635062004904592,77.6,Aaron Ashby
676879,SI,530,2.609953431546912,97.4643396226415,1.243867924528302,0.6096415094339623,0.07358490566037736,0.6811320754716981,0.4924440436880966,126.9,Aaron Ashby
676879,SL,84,-1.42802625916507,84.18928571428572,-0.804404761904762,-0.5872619047619048,0.20238095238095238,0.4880952380952381,-1.7000312609107975,13.9,Aaron Ashby
676917,CH,107,-0.23166427469468817,89.80841121495327,-1.474766355140187,0.5092523364485981,0.21495327102803738,0.6261682242990654,-0.2165086679389609,90.4,Cade Cavalli
676917,FC,63,0.15446696420232472,93.64285714285714,0.03380952380952381,0.7292063492063492,0.06349206349206349,0.5873015873015873,0.24518565746400753,114.2,Cade Cavalli
676917,FF,232,0.34840597472166734,97.15043103448276,-0.36323275862068966,1.255603448275862,0.12931034482758622,0.6896551724137931,0.15017498910416696,109.3,Cade Cavalli
676917,KC,240,0.018622230512784638,86.14708333333333,0.5241250000000001,-1.070125,0.1875,0.6666666666666666,0.007759262713660266,101.9,Cade Cavalli
676917,SI,146,0.23585042636169848,96.86301369863014,-1.1355479452054793,0.6540410958904109,0.04794520547945205,0.6712328767123288,0.16154138791897157,109.9,Cade Cavalli
676961,CH,98,-1.0119811902881057,85.0204081632653,-1.2206122448979593,0.5459183673469388,0.19387755102040816,0.5816326530612245,-1.0326338676409241,48.3,Caleb Boushley
676961,CU,54,-0.2518067985259069,75.88333333333333,0.625,-0.9366666666666666,0.12962962962962962,0.5185185185185185,-0.4663088861590869,77.5,Caleb Boushley
676961,FC,140,-0.24360917316196842,89.69142857142856,0.10164285714285715,0.9578571428571429,0.09285714285714286,0.5642857142857143,-0.17400655225854889,92.6,Caleb Boushley
676961,FF,144,0.19153253175006116,91.94097222222223,-0.46263888888888893,1.375763888888889,0.10416666666666667,0.6944444444444444,0.13300870260420913,108.4,Caleb Boushley
676961,SI,207,0.24685894072093767,92.18502415458937,-1.3022222222222222,0.850096618357488,0.014492753623188406,0.6618357487922706,0.11925552691832739,107.7,Caleb Boushley
676961,SL,99,0.6261858893682847,83.82121212121211,0.3936363636363636,0.0996969696969697,0.08080808080808081,0.5454545454545454,0.6325109993619038,134.1,Caleb Boushley
676962,CH,79,-0.9360090180567241,90.46582278481013,-0.9332911392405063,0.6181012658227848,0.11392405063291139,0.5569620253164557,-1.1848215418439545,40.5,Ben Brown
676962,FF,949,1.9687102218733568,95.85057955742887,-0.6215173867228663,1.4128661749209694,0.06533192834562697,0.6680716543730242,0.2074510244334412,112.2,Ben Brown
676962,KC,666,-2.4133024263936456,87.22867867867868,0.2134834834834835,-0.19723723723723727,0.22972972972972974,0.6471471471471472,-0.36235772168072755,82.9,Ben Brown
676974,CH,180,-0.30691293628204314,89.27333333333334,-1.3036666666666668,0.1636111111111111,0.08888888888888889,0.5888888888888889,-0.1705071868233573,92.8,Max Meyer
676974,FF,231,0.14641924835971912,94.9922077922078,-0.7554112554112554,1.2835497835497836,0.06926406926406926,0.6320346320346321,0.0633849559998784,104.8,Max Meyer
676974,SI,142,0.290357013878732,94.24154929577465,-1.2466197183098593,0.45253521126760565,0.1056338028169014,0.6690140845070423,0.20447677033713518,112.1,Max Meyer
676974,SL,367,1.2956915714024886,89.83623978201635,0.2031607629427793,-0.10580381471389645,0.22343324250681199,0.662125340599455,0.35304947449659085,119.7,Max Meyer
676974,ST,119,0.7790716892312994,86.69915966386556,0.919327731092437,-0.3602521008403361,0.05042016806722689,0.6554621848739496,0.654682091791008,135.3,Max Meyer
676979,CH,134,-0.6857341535647529,87.67611940298508,0.9963432835820895,0.5320895522388059,0.1791044776119403,0.4626865671641791,-0.511741905645338,75.2,Garrett Crochet
676979,FC,874,8.658613461975621,90.87974828375286,-0.30447368421052634,0.5176315789473684,0.13157894736842105,0.7185354691075515,0.9906880391276454,152.6,Garrett Crochet
676979,FF,1132,4.44290678151533,96.40839222614841,0.6689487632508834,1.3294876325088338,0.14929328621908128,0.6439929328621908,0.39248293122926936,121.8,Garrett Crochet
676979,FS,1,0.048122545413350704,93.1,1.5,0.92,0.0,0.0,4.81225454133507,349.6,Garrett Crochet
676979,SI,505,2.634532647686291,95.99366336633663,1.3476237623762375,0.6820594059405941,0.09108910891089109,0.7089108910891089,0.5216896332052061,128.4,Garrett Crochet
676979,ST,504,3.3631939352715556,82.75833333333333,-1.146924603174603,-0.24791666666666667,0.24603174603174602,0.6686507936507936,0.6673003839824515,135.9,Garrett Crochet
677161,CH,69,-0.7171174690925727,83.1086956521739,-1.5008695652173913,0.1298550724637681,0.11594202898550725,0.463768115942029,-1.0393006798443083,48.0,Zack Kelly
677161,CU,6,0.09697574188792892,82.25,0.7183333333333333,-0.6016666666666667,0.16666666666666666,0.8333333333333334,1.6162623647988155,184.9,Zack Kelly
677161,FC,182,0.5254758013558354,91.81648351648352,0.19065934065934068,0.7350000000000001,0.10989010989010989,0.7417582417582418,0.2887229677779315,116.4,Zack Kelly
677161,FF,115,-0.8906006095851323,96.08608695652174,-0.7878260869565217,1.248608695652174,0.1565217391304348,0.7043478260869566,-0.7744353126827238,61.6,Zack Kelly
677161,SI,89,-0.09578640041242696,96.10786516853933,-1.3387640449438203,0.9561797752808988,0.06741573033707865,0.6404494382022472,-0.10762516900272691,96.0,Zack Kelly
677161,ST,120,0.21366426052732626,81.81166666666667,1.4301666666666668,0.225,0.11666666666666667,0.6083333333333333,0.17805355043943857,110.7,Zack Kelly
677944,CH,155,-1.0016387867024703,84.29354838709678,-1.1740645161290322,0.2731612903225807,0.0967741935483871,0.4774193548387097,-0.6462185720661099,68.2,Slade Cecconi
677944,CU,340,-0.9430020729810193,75.46764705882353,0.769735294117647,-1.063529411764706,0.13823529411764707,0.5529411764705883,-0.2773535508767704,87.2,Slade Cecconi
677944,FC,63,-0.127545390893305,88.82698412698413,0.11412698412698413,0.5480952380952381,0.07936507936507936,0.6349206349206349,-0.20245300141794442,91.1,Slade Cecconi
677944,FF,900,4.856992902018337,94.3441111111111,-0.8952888888888889,1.319811111111111,0.08555555555555555,0.6955555555555556,0.5396658780020375,129.4,Slade Cecconi
677944,SI,226,0.919919112694789,93.64557522123894,-1.3559734513274335,0.7199557522123894,0.022123893805309734,0.7168141592920354,0.4070438551746854,122.5,Slade Cecconi
677944,SL,375,0.3890020681000722,84.22906666666667,0.44173333333333337,0.04,0.176,0.6213333333333333,0.10373388482668591,106.9,Slade Cecconi
677944,ST,4,0.04397650536063136,83.6,0.925,-0.12250000000000001,0.25,0.75,1.099412634015784,158.2,Slade Cecconi
677952,CH,36,-0.246975705136206,91.62777777777778,-1.1377777777777778,0.5325,0.027777777777777776,0.5555555555555556,-0.6860436253783501,66.2,Braxton Ashcraft
677952,CU,232,-0.446919933691218,84.32629310344828,0.6637500000000001,-1.0325,0.12931034482758622,0.5905172413793104,-0.19263790245311121,91.6,Braxton Ashcraft
677952,FF,327,0.08845622245891097,96.95932721712539,-0.6088990825688074,1.3116513761467892,0.09480122324159021,0.6574923547400612,0.027050832556241886,102.9,Braxton Ashcraft
677952,SI,163,1.4341644144733172,96.57791411042945,-1.296441717791411,0.70079754601227,0.10429447852760736,0.7116564417177914,0.8798554690020352,146.9,Braxton Ashcraft
677952,SL,344,-0.10689957978358826,92.02412790697674,0.16299418604651164,0.46584302325581395,0.19186046511627908,0.7005813953488372,-0.031075459239415192,99.9,Braxton Ashcraft
677955,CH,120,-0.683148644829046,84.64166666666667,-1.1172499999999999,0.13958333333333334,0.15,0.6583333333333333,-0.5692905373575383,72.2,Jaden Hill
677955,FF,111,-0.8242370273811748,96.66576576576577,-0.8887387387387388,1.0914414414414415,0.09009009009009009,0.5945945945945946,-0.7425558805235809,63.3,Jaden Hill
677955,SI,138,0.4535307321804647,96.95,-1.2821739130434782,0.6333333333333334,0.09420289855072464,0.7318840579710145,0.328645458101786,118.5,Jaden Hill
677955,SL,119,-0.48175691015206656,88.54117647058823,0.37848739495798317,0.1357983193277311,0.19327731092436976,0.5798319327731093,-0.4048377396235854,80.7,Jaden Hill
677958,CH,69,-0.33200896594730606,89.4536231884058,-1.3107246376811594,0.4789855072463768,0.10144927536231885,0.5652173913043478,-0.4811724144163856,76.7,Kumar Rocker
677958,CU,71,-0.6924107954108242,77.5169014084507,0.691830985915493,-0.9576056338028168,0.056338028169014086,0.4788732394366197,-0.9752264724096115,51.3,Kumar Rocker
677958,FC,286,-0.7070005073992591,90.05,0.10835664335664337,0.4404195804195804,0.20279720279720279,0.6748251748251748,-0.24720297461512555,88.8,Kumar Rocker
677958,FF,228,0.19223331965131238,95.82105263157895,-0.9258333333333334,0.9669736842105263,0.09210526315789473,0.7105263157894737,0.08431285949618965,105.9,Kumar Rocker
677958,SI,293,0.3945059262069439,95.57747440273037,-1.3926621160409556,0.5159726962457338,0.051194539249146756,0.6416382252559727,0.13464366082148257,108.5,Kumar Rocker
677958,SL,180,-0.5953274560772965,84.2088888888889,0.14672222222222223,-0.15827777777777777,0.19444444444444445,0.6333333333333333,-0.3307374755984981,84.5,Kumar Rocker
677960,CH,188,-0.36420213418383796,87.2686170212766,1.042127659574468,0.22579787234042556,0.2074468085106383,0.6170212765957447,-0.19372453945948828,91.6,Ryan Weathers
677960,FF,291,1.2253017597854496,96.88281786941582,0.781340206185567,1.32659793814433,0.09278350515463918,0.6838487972508591,0.42106589683348783,123.2,Ryan Weathers
677960,SI,20,0.183287295565304,94.995,1.3775,0.8240000000000001,0.05,0.6,0.91643647782652,148.8,Ryan Weathers
677960,SL,23,0.14515767419935605,89.84347826086957,-0.0882608695652174,0.5039130434782608,0.21739130434782608,0.6521739130434783,0.6311203226058959,134.1,Ryan Weathers
677960,ST,120,-0.03107064758864384,83.76833333333335,-0.8146666666666668,0.10283333333333333,0.15,0.5833333333333334,-0.025892206323869866,100.2,Ryan Weathers
678020,FF,346,-2.233759162839608,100.03034682080924,-0.8685838150289017,1.0719942196531793,0.11560693641618497,0.6098265895953757,-0.6455951337686728,68.3,Seth Halvorsen
678020,FS,164,-0.405520563830856,90.78353658536585,-1.0260975609756098,0.2523170731707317,0.17073170731707318,0.6829268292682927,-0.24726863648222927,88.8,Seth Halvorsen
678020,SL,126,0.0821143657209124,89.4484126984127,0.28904761904761905,0.07253968253968254,0.1746031746031746,0.5952380952380952,0.06517013152453364,104.9,Seth Halvorsen
678022,CH,66,-0.005749479468787559,89.31212121212121,-1.1253030303030302,0.009696969696969697,0.25757575757575757,0.5151515151515151,-0.008711332528465999,101.1,Jack Perkins
678022,CU,5,-0.10689479873118074,84.2,0.58,-0.776,0.2,0.4,-2.137895974623615,-8.7,Jack Perkins
678022,FC,90,-0.05681617499422805,93.37444444444445,-0.09044444444444445,0.6921111111111111,0.1111111111111111,0.6888888888888889,-0.06312908332692005,98.3,Jack Perkins
678022,FF,267,-2.6138420069556143,95.974531835206,-0.962247191011236,1.1811985018726592,0.11235955056179775,0.5805243445692884,-0.9789670438036009,51.1,Jack Perkins
678022,ST,209,0.7450708355839765,86.2842105263158,1.0298564593301436,0.23301435406698565,0.19617224880382775,0.6555023923444976,0.3564932227674528,119.9,Jack Perkins
678024,CH,200,0.3369862645486985,86.5745,-1.04365,0.03695,0.105,0.615,0.16849313227434926,110.2,Mike Vasil
678024,CU,203,-2.0057879238030614,81.70443349753694,0.8438916256157636,-1.1604433497536946,0.10344827586206896,0.5517241379310345,-0.9880728688685031,50.6,Mike Vasil
678024,FC,90,-0.2683850594811162,86.11111111111111,0.13944444444444445,0.19455555555555556,0.17777777777777778,0.6222222222222222,-0.29820562164568465,86.2,Mike Vasil
678024,FF,231,-2.113876775622033,94.6103896103896,-0.5284415584415584,1.0723809523809524,0.16883116883116883,0.5670995670995671,-0.9150981712649494,54.4,Mike Vasil
678024,SI,657,-0.9757812353138315,94.37168949771689,-1.2130289193302892,0.38074581430745813,0.0639269406392694,0.6484018264840182,-0.14852073596861973,93.9,Mike Vasil
678024,ST,265,-1.320139822484396,81.67358490566038,1.3764905660377358,-0.2890566037735849,0.10943396226415095,0.5169811320754717,-0.4981659707488287,75.9,Mike Vasil
678226,FF,315,-2.276501341988567,97.66063492063492,-0.7346666666666666,1.3441904761904762,0.09523809523809523,0.5619047619047619,-0.7226988387265292,64.3,Daysbel Hernández
678226,SL,402,-0.5022352521207352,88.32014925373133,0.2292039800995025,0.07442786069651741,0.14925373134328357,0.5895522388059702,-0.12493414231859083,95.1,Daysbel Hernández
678368,CH,191,-1.2179586993966238,81.51832460732984,-1.330890052356021,0.3943979057591623,0.1256544502617801,0.5445026178010471,-0.6376747117259811,68.7,Valente Bellozo
678368,CU,59,-0.4028502548831586,76.41694915254237,1.087457627118644,-0.6535593220338983,0.03389830508474576,0.4745762711864407,-0.6827970421748452,66.3,Valente Bellozo
678368,FC,463,1.3997936069348906,84.56803455723542,0.42559395248380133,0.7542980561555076,0.08855291576673865,0.7062634989200864,0.3023312325993284,117.1,Valente Bellozo
678368,FF,380,-2.1209584173149523,90.82578947368422,-0.28068421052631576,1.4550526315789472,0.07894736842105263,0.6473684210526316,-0.5581469519249874,72.8,Valente Bellozo
678368,FS,24,-0.4651988271117745,80.37083333333334,-0.5708333333333334,0.32,0.125,0.2916666666666667,-1.9383284462990604,1.6,Valente Bellozo
678368,ST,205,-0.17092655280862984,78.72439024390243,1.2357560975609756,0.2898048780487805,0.16097560975609757,0.6634146341463415,-0.08337880624811211,97.2,Valente Bellozo
678394,CH,396,-2.7362797413862388,88.73080808080809,-1.3368686868686868,0.38507575757575757,0.1691919191919192,0.5176767676767676,-0.6909797326732926,65.9,Brayan Bello
678394,FC,423,-0.17483865864633677,88.24137115839243,0.0724113475177305,0.2157210401891253,0.11347517730496454,0.6855791962174941,-0.041333016228448406,99.4,Brayan Bello
678394,FF,392,-1.8972200603939158,95.05076530612246,-0.6383928571428571,1.1361989795918368,0.0663265306122449,0.6377551020408163,-0.4839847092841622,76.6,Brayan Bello
678394,SI,934,1.5452697878253194,95.29089935760172,-1.4085653104925053,0.47336188436830834,0.044967880085653104,0.6531049250535332,0.1654464440926466,110.1,Brayan Bello
678394,ST,496,-0.15883907300764974,85.67641129032258,0.8258870967741935,-0.2635483870967742,0.11693548387096774,0.5725806451612904,-0.032024006654768095,99.9,Brayan Bello
678495,FF,448,2.017117965686302,97.37656249999999,-0.4529910714285714,1.5199330357142855,0.12723214285714285,0.6183035714285714,0.45024954591212096,124.8,Randy Rodríguez
678495,SL,360,2.764384460206284,86.27833333333334,0.9014722222222221,0.19302777777777777,0.18888888888888888,0.7194444444444444,0.7678845722795233,141.1,Randy Rodríguez
678606,CH,265,-1.4467693017901095,87.8011320754717,1.5041132075471697,0.048301886792452835,0.23773584905660378,0.569811320754717,-0.545950679920796,73.4,José Ferrer
678606,FF,106,-0.006955199865654415,97.85754716981131,1.3779245283018868,0.6781132075471697,0.03773584905660377,0.5566037735849056,-0.006561509307221146,101.2,José Ferrer
678606,SI,747,8.85954531764626,97.72275769745649,1.5245649263721552,0.5455153949129853,0.08165997322623829,0.7336010709504686,1.1860167761239973,162.7,José Ferrer
678606,SL,90,-0.9027838818759972,89.74777777777778,-0.024,0.28344444444444444,0.23333333333333334,0.5333333333333333,-1.0030932020844414,49.8,José Ferrer
678692,CH,192,-1.759081728457942,91.70156250000001,-1.3990104166666668,0.28880208333333335,0.13541666666666666,0.53125,-0.9161884002385114,54.3,Ronny Henriquez
678692,FF,343,1.9680651376330462,96.66209912536442,-0.5263848396501458,1.5365014577259475,0.09329446064139942,0.6618075801749271,0.5737799235081767,131.1,Ronny Henriquez
678692,SI,25,-0.05836171809560168,95.036,-1.4436000000000002,0.8351999999999999,0.0,0.48,-0.23344687238240672,89.5,Ronny Henriquez
678692,SL,270,-0.3631360417456031,87.66851851851852,0.32311111111111107,0.39355555555555555,0.21851851851851853,0.6962962962962963,-0.1344948302761493,94.6,Ronny Henriquez
678692,ST,328,0.8752192738516096,85.35853658536585,1.089420731707317,0.10198170731707318,0.27134146341463417,0.6829268292682927,0.26683514446695417,115.3,Ronny Henriquez
678821,CH,10,-0.14400374545888994,86.72999999999999,1.0379999999999998,0.8960000000000001,0.0,0.4,-1.4400374545888994,27.3,Luis Peralta
678821,CU,118,-0.5008967285102387,81.58305084745763,-0.8666101694915255,-0.1655084745762712,0.1271186440677966,0.4152542372881356,-0.42448875297477856,79.7,Luis Peralta
678821,FF,308,-2.0337275418809786,94.58733766233766,1.0190584415584416,1.1103896103896105,0.07467532467532467,0.6396103896103896,-0.6603011499613567,67.5,Luis Peralta
678906,CH,59,-0.4046035840119791,87.6864406779661,-1.3311864406779659,0.21406779661016948,0.13559322033898305,0.4915254237288136,-0.6857687864609816,66.2,Kai-wei Teng
678906,CU,79,-0.9011257118542768,82.97215189873418,1.2829113924050632,-0.6678481012658227,0.08860759493670886,0.6329113924050633,-1.1406654580433884,42.7,Kai-wei Teng
678906,FF,143,-0.7133998903440183,93.16643356643357,-0.7233566433566433,1.0804895104895105,0.11888111888111888,0.6153846153846154,-0.4988810421986142,75.8,Kai-wei Teng
678906,SI,71,-0.7790043438950492,92.8887323943662,-1.2550704225352112,0.2735211267605634,0.014084507042253521,0.5774647887323944,-1.0971892167535904,45.0,Kai-wei Teng
678906,ST,221,-0.5639917947747188,84.43800904977375,1.1573755656108597,0.10683257918552036,0.16289592760180996,0.669683257918552,-0.2551999071378818,88.4,Kai-wei Teng
679358,FF,174,-1.3995888674993582,93.92068965517242,-0.8531609195402298,1.403448275862069,0.11494252873563218,0.6149425287356322,-0.8043614181030794,60.1,Eric Orze
679358,FS,330,-0.7285924251967807,84.1148484848485,-1.1743636363636365,-0.008484848484848484,0.17272727272727273,0.6666666666666666,-0.22078558339296384,90.2,Eric Orze
679358,SL,177,0.6310248593708556,88.91694915254237,0.33949152542372885,0.5312994350282486,0.0903954802259887,0.615819209039548,0.35651121998353424,119.9,Eric Orze
679775,CH,41,-0.5198424613073985,78.27317073170731,1.0446341463414635,0.5551219512195121,0.17073170731707318,0.43902439024390244,-1.2679084422131672,36.2,Kyle Backhus
679775,SI,273,2.229329980237592,90.97216117216118,1.528021978021978,0.17798534798534799,0.05860805860805861,0.7032967032967034,0.8166043883654183,143.6,Kyle Backhus
679775,ST,116,-0.265077700802472,78.39137931034483,-1.0886206896551724,0.1835344827586207,0.1724137931034483,0.6293103448275862,-0.22851525931247588,89.8,Kyle Backhus
680573,CH,80,-0.8911788430953502,83.1975,-1.310875,0.921875,0.1,0.45,-1.1139735538691877,44.1,Simeon Woods richardson
680573,CU,245,-0.9025129812508215,77.91551020408163,0.48681632653061224,-1.1420816326530612,0.04897959183673469,0.5918367346938775,-0.36837264540849857,82.6,Simeon Woods richardson
680573,FF,856,-0.1995253801797852,93.20070093457944,-0.4478855140186916,1.5304906542056074,0.11098130841121495,0.6612149532710281,-0.02330903974062911,100.3,Simeon Woods richardson
680573,FS,187,-0.9893371792863935,86.10320855614972,-0.7867914438502673,0.6483422459893048,0.17647058823529413,0.5989304812834224,-0.5290573151264136,74.3,Simeon Woods richardson
680573,SL,510,-0.1530839111407449,85.45843137254903,0.4056666666666667,0.4815098039215686,0.13529411764705881,0.6392156862745098,-0.030016453164851943,100.0,Simeon Woods richardson
680684,CH,126,-0.6529836987312406,85.95714285714286,-1.287063492063492,0.2976984126984127,0.14285714285714285,0.5952380952380952,-0.5182410307390799,74.8,Gunnar Hoglund
680684,FF,196,1.347605168839173,93.62346938775511,-0.5957142857142858,1.5528061224489798,0.08163265306122448,0.6938775510204082,0.6875536575710066,137.0,Gunnar Hoglund
680684,SI,91,0.8731263258435964,93.24945054945056,-1.195054945054945,1.08,0.054945054945054944,0.6703296703296703,0.9594794789490071,151.0,Gunnar Hoglund
680684,SL,39,0.03157044870295407,90.69487179487179,0.12051282051282051,1.2071794871794872,0.07692307692307693,0.6923076923076923,0.080949868469113,105.7,Gunnar Hoglund
680684,ST,95,-0.588815210646576,81.2421052631579,0.8866315789473684,0.27957894736842104,0.1368421052631579,0.49473684210526314,-0.6198054848911327,69.6,Gunnar Hoglund
680689,CH,273,-1.2216351268704682,86.56666666666666,-1.3064835164835165,0.1935164835164835,0.13186813186813187,0.6373626373626373,-0.4474853944580469,78.5,Lyon Richardson
680689,CU,65,-0.6843421946518796,79.20615384615384,0.658,-0.6824615384615385,0.06153846153846154,0.4153846153846154,-1.0528341456182764,47.3,Lyon Richardson
680689,FF,138,-1.6849738989362752,95.6659420289855,-0.8256521739130435,1.2205072463768116,0.06521739130434782,0.5217391304347826,-1.2209955789393299,38.6,Lyon Richardson
680689,SI,196,0.008867320206599617,95.05357142857143,-1.3998469387755101,0.6678061224489795,0.05612244897959184,0.6632653061224489,0.004524142962550826,101.8,Lyon Richardson
680689,SL,2,-0.06079838028097519,83.1,0.31999999999999995,-0.24,0.5,0.5,-3.0399190140487593,-55.2,Lyon Richardson
680694,CU,63,0.15325274205591405,83.9888888888889,0.4303174603174603,-1.0184126984126984,0.23809523809523808,0.6031746031746031,0.24325832072367312,114.1,Kyle Bradish
680694,FF,112,-0.5784573527916995,94.41607142857143,0.12660714285714286,1.3375000000000001,0.08928571428571429,0.5535714285714286,-0.5164797792783031,74.9,Kyle Bradish
680694,SI,161,0.27311840316503894,94.82919254658385,-0.960807453416149,1.170807453416149,0.10559006211180125,0.7080745341614907,0.16963875972983786,110.3,Kyle Bradish
680694,SL,158,0.8388729423742141,86.93481012658228,1.0138607594936708,0.007151898734177214,0.22784810126582278,0.6455696202531646,0.5309322420089962,128.9,Kyle Bradish
680730,CU,594,-1.7301276193097301,81.13821548821548,-0.05856902356902357,-0.5817676767676767,0.13468013468013468,0.6868686868686869,-0.29126727597806906,86.5,Mitchell Parker
680730,FF,1501,2.585394193449109,92.9501665556296,0.483344437041972,1.4984343770819455,0.05463024650233178,0.654230512991339,0.17224478304124644,110.4,Mitchell Parker
680730,FS,284,-1.9611910935973316,85.4200704225352,0.5714436619718309,0.7534507042253521,0.15845070422535212,0.5985915492957746,-0.6905602442244125,65.9,Mitchell Parker
680730,SL,326,-0.37425608837167695,84.99294478527608,-0.38414110429447856,0.21558282208588958,0.19938650306748465,0.6840490797546013,-0.11480248109560644,95.6,Mitchell Parker
680732,CH,155,-2.466312265181645,85.66967741935484,-1.2317419354838708,0.7415483870967742,0.11612903225806452,0.4129032258064516,-1.591169203342997,19.5,Sean Burke
680732,FF,1023,3.311432262769947,94.44291300097753,-0.4165395894428153,1.5325904203323557,0.12512218963831867,0.6373411534701857,0.32369816840370935,118.2,Sean Burke
680732,KC,563,-0.23262162277754064,79.7285968028419,0.49165186500888103,-1.2407104795737123,0.0994671403197158,0.6252220248667851,-0.041318227846810066,99.4,Sean Burke
680732,SI,115,-0.9567818340650552,94.00173913043479,-1.0816521739130436,1.2542608695652175,0.043478260869565216,0.6,-0.8319842035348307,58.7,Sean Burke
680732,SL,520,2.0090137532737025,86.61884615384616,0.44790384615384615,0.40796153846153843,0.14038461538461539,0.6596153846153846,0.38634879870648126,121.5,Sean Burke
680735,CU,75,-0.20688038207450735,80.35066666666667,-0.2006666666666667,-0.7012,0.10666666666666667,0.52,-0.27584050943267646,87.3,Austin Cox
680735,FC,15,-0.11961134256793292,91.14666666666668,0.028000000000000004,1.0073333333333332,0.0,0.4666666666666667,-0.7974089504528862,60.4,Austin Cox
680735,FF,152,1.7361317971544126,92.7453947368421,0.3225,1.511578947368421,0.05921052631578947,0.743421052631579,1.1421919718121134,160.4,Austin Cox
680735,FS,44,-0.2796232273799927,82.17954545454546,0.5320454545454546,0.48613636363636364,0.1590909090909091,0.6136363636363636,-0.6355073349545288,68.8,Austin Cox
680735,SI,2,-0.03736864489414986,92.6,1.095,1.395,0.0,0.5,-1.8684322447074928,5.2,Austin Cox
680735,SL,139,0.11918156047029145,86.56330935251798,-0.38395683453237406,0.3607913669064748,0.09352517985611511,0.5539568345323741,0.08574212983474205,106.0,Austin Cox
680736,CH,36,-0.4840581643506907,88.0611111111111,0.9258333333333333,0.08444444444444445,0.05555555555555555,0.2777777777777778,-1.344606012085252,32.2,Justin Wrobleski
680736,CU,94,-0.20877157654787398,81.39042553191489,-0.656595744680851,-0.741276595744681,0.0425531914893617,0.648936170212766,-0.2220974218594404,90.1,Justin Wrobleski
680736,FC,154,-0.022915960795925158,92.0961038961039,-0.05636363636363636,0.7148051948051948,0.14285714285714285,0.7662337662337663,-0.014880494023328025,100.8,Justin Wrobleski
680736,FF,312,0.6043373172615641,96.04423076923077,0.601025641025641,1.3524038461538461,0.1858974358974359,0.6538461538461539,0.19369785809665518,111.5,Justin Wrobleski
680736,SI,225,1.406180843115915,95.04044444444443,1.2082222222222223,0.8833777777777777,0.044444444444444446,0.6888888888888889,0.6249692636070734,133.8,Justin Wrobleski
680736,SL,271,0.7484860814381107,87.76937269372694,-0.2788929889298893,0.005461254612546125,0.14760147601476015,0.6789667896678967,0.2761941259919228,115.8,Justin Wrobleski
680742,CH,61,-0.2694042548081284,88.35245901639344,-1.0359016393442622,0.38672131147540983,0.06557377049180328,0.5409836065573771,-0.4416463193575876,78.8,Jonathan Bowlan
680742,CU,70,-0.6694610855948653,80.99714285714286,1.0197142857142856,-0.597,0.04285714285714286,0.42857142857142855,-0.9563729794212361,52.2,Jonathan Bowlan
680742,FF,244,-0.15384211594219185,95.54754098360655,-0.6655327868852459,1.473155737704918,0.22131147540983606,0.6680327868852459,-0.06305004751729174,98.3,Jonathan Bowlan
680742,SI,125,0.5409979542656178,96.1016,-1.1676,1.0379200000000002,0.096,0.696,0.4327983634124942,123.9,Jonathan Bowlan
680742,SL,227,1.6317288461118264,85.82995594713657,0.28325991189427313,-0.08590308370044053,0.19823788546255505,0.6387665198237885,0.7188232802254741,138.6,Jonathan Bowlan
680755,CU,305,-0.6009502280047789,82.86590163934426,0.41904918032786886,-1.2322950819672132,0.09508196721311475,0.6327868852459017,-0.1970328616409111,91.4,Braydon Fisher
680755,FC,25,-0.1482806232320249,92.796,0.1632,0.9408,0.28,0.76,-0.5931224929280996,71.0,Braydon Fisher
680755,FF,184,-1.4073214153440052,95.53586956521738,-0.41005434782608696,1.4779891304347825,0.11956521739130435,0.5706521739130435,-0.7648485952956551,62.1,Braydon Fisher
680755,SL,319,-0.37971915422018865,87.79529780564263,0.18636363636363637,0.2012539184952978,0.15987460815047022,0.7210031347962382,-0.11903421762388358,95.4,Braydon Fisher
680767,CH,240,-1.8432454555529743,92.04291666666667,-1.191875,0.13712500000000002,0.20833333333333334,0.5291666666666667,-0.7680189398137393,61.9,Victor Vodnik
680767,FC,46,0.07149709290236125,92.28478260869566,0.26760869565217393,0.22108695652173913,0.10869565217391304,0.4782608695652174,0.1554284628312201,109.6,Victor Vodnik
680767,FF,511,0.1638226963160213,98.65596868884539,-0.4818786692759296,1.113757338551859,0.07827788649706457,0.6125244618395304,0.03205923606967149,103.2,Victor Vodnik
680767,SI,4,-0.10181186912249987,99.35,-0.56,1.2225,0.0,0.5,-2.545296728062497,-29.7,Victor Vodnik
680767,SL,118,0.18175956737084858,87.285593220339,0.3038135593220339,-0.241864406779661,0.1016949152542373,0.5847457627118644,0.15403353167021067,109.5,Victor Vodnik
680885,CU,180,-0.29027673243452856,81.04055555555556,0.6771111111111111,-0.6010000000000001,0.12777777777777777,0.6222222222222222,-0.16126485135251586,93.2,Spencer Schwellenbach
680885,FC,177,0.17319813768820755,94.09774011299434,0.0468361581920904,0.9157627118644068,0.096045197740113,0.6892655367231638,0.09785205519107772,106.6,Spencer Schwellenbach
680885,FF,555,3.512237706824252,97.08936936936936,-0.4533873873873874,1.2356036036036036,0.14054054054054055,0.7513513513513513,0.6328356228512165,134.2,Spencer Schwellenbach
680885,FS,218,-0.6010668877504597,84.65045871559633,-0.7861926605504588,0.017110091743119265,0.22935779816513763,0.5871559633027523,-0.2757187558488347,87.3,Spencer Schwellenbach
680885,SI,158,1.0098857456099863,95.5506329113924,-1.265632911392405,0.6184177215189873,0.056962025316455694,0.7341772151898734,0.639168193424042,134.5,Spencer Schwellenbach
680885,SL,285,0.7509509818158647,86.99438596491228,0.20957894736842106,-0.18533333333333332,0.18947368421052632,0.6526315789473685,0.2634915725669701,115.1,Spencer Schwellenbach
681006,CH,67,0.05451981975007038,89.1955223880597,1.0585074626865671,-0.0744776119402985,0.1044776119402985,0.6119402985074627,0.0813728652986125,105.7,Josh Simpson
681006,CU,145,-0.34913829433132343,80.55793103448275,-0.9055172413793104,-0.8441379310344828,0.11724137931034483,0.6413793103448275,-0.2407850305733265,89.1,Josh Simpson
681006,FF,72,-0.8375365060888798,94.34444444444445,0.7340277777777778,1.129861111111111,0.1388888888888889,0.625,-1.1632451473456662,41.6,Josh Simpson
681006,SI,136,0.037475286291524905,93.98088235294118,1.2603676470588234,0.4577941176470588,0.03676470588235294,0.625,0.027555357567297722,103.0,Josh Simpson
681006,SL,35,-0.16483028332076252,88.04857142857142,-0.15,0.23971428571428574,0.14285714285714285,0.6571428571428571,-0.47094366663075005,77.3,Josh Simpson
681006,ST,158,0.2827729249259895,82.35189873417721,-1.1226582278481012,0.08367088607594937,0.17721518987341772,0.6139240506329114,0.17897020564936042,110.8,Josh Simpson
681190,CH,149,-0.5973980176435806,86.9275167785235,-1.537986577181208,0.4131543624161074,0.06040268456375839,0.47651006711409394,-0.4009382668748863,80.9,Randy Vásquez
681190,CU,276,-0.07422329048427004,81.23152173913044,1.0286594202898551,-0.5422826086956521,0.07608695652173914,0.6086956521739131,-0.02689249655227175,100.2,Randy Vásquez
681190,FC,535,-2.0000912266464286,90.20822429906542,0.11805607476635514,0.9111214953271027,0.08785046728971962,0.6429906542056075,-0.37384882741054737,82.3,Randy Vásquez
681190,FF,452,0.1436009291650091,93.48318584070796,-0.7574336283185841,1.2986504424778762,0.06637168141592921,0.6747787610619469,0.03177011707190467,103.2,Randy Vásquez
681190,SI,409,1.491982734179415,93.14278728606358,-1.2849633251833739,0.942518337408313,0.03178484107579462,0.6943765281173594,0.3647879545670941,120.3,Randy Vásquez
681190,SL,46,0.008960829981479046,85.81521739130434,0.3780434782608696,0.4739130434782609,0.10869565217391304,0.6956521739130435,0.019480065177128362,102.5,Randy Vásquez
681190,ST,281,-0.40490083109335645,82.1274021352313,1.0565124555160141,0.3834519572953737,0.11387900355871886,0.5622775800711743,-0.14409282245315178,94.1,Randy Vásquez
681293,CH,58,-0.10011577603592431,84.9603448275862,-1.2620689655172415,0.34206896551724136,0.1206896551724138,0.603448275862069,-0.1726134069584902,92.6,Spencer Arrighetti
681293,CU,139,-0.8456884346782585,77.53812949640287,1.3595683453237408,-0.6164748201438849,0.14388489208633093,0.6402877697841727,-0.6084089458116968,70.2,Spencer Arrighetti
681293,FC,86,-0.3854247831145662,87.08720930232558,0.3147674418604651,0.6969767441860465,0.13953488372093023,0.6744186046511628,-0.44816835245879794,78.4,Spencer Arrighetti
681293,FF,196,-0.3711120174518739,93.13520408163265,-1.079591836734694,1.250765306122449,0.10204081632653061,0.5816326530612245,-0.18934286604687442,91.8,Spencer Arrighetti
681293,SI,55,0.2753209819377098,92.47454545454546,-1.4032727272727274,0.8079999999999999,0.01818181818181818,0.7454545454545455,0.5005836035231087,127.3,Spencer Arrighetti
681293,ST,84,-1.1646820830993285,79.9452380952381,1.2872619047619047,0.14095238095238094,0.16666666666666666,0.5119047619047619,-1.3865262894039625,30.1,Spencer Arrighetti
681343,CH,406,-2.7830782887325203,90.01083743842365,-1.2180788177339903,0.11588669950738917,0.15763546798029557,0.5517241379310345,-0.685487263234611,66.2,Shane Smith
681343,CU,353,-4.388874931605885,82.10934844192634,0.48869688385269117,-0.9635694050991501,0.1813031161473088,0.49008498583569404,-1.2433073460639903,37.4,Shane Smith
681343,FF,1089,1.9159554009180497,95.65417814508723,-0.6054086317722681,1.1883654729109276,0.1285583103764922,0.696969696969697,0.17593713507052797,110.6,Shane Smith
681343,SI,300,0.7312478642124166,95.65633333333334,-1.2749000000000001,0.7967,0.08,0.7,0.24374928807080554,114.1,Shane Smith
681343,SL,268,-1.073536369362244,89.47873134328358,0.2063805970149254,0.3073507462686567,0.10820895522388059,0.6044776119402985,-0.400573272150091,80.9,Shane Smith
681343,ST,3,0.060116730470502686,88.06666666666666,1.05,0.7333333333333334,0.3333333333333333,1.0,2.003891015683423,204.8,Shane Smith
681347,CH,365,-0.4348525504529823,87.30767123287671,-1.156109589041096,0.6622191780821918,0.25753424657534246,0.6986301369863014,-0.1191376850556116,95.4,Mike Burrows
681347,CU,183,-0.40731351732928145,78.46994535519126,0.7353551912568306,-1.3521311475409836,0.08743169398907104,0.5737704918032787,-0.222575692529662,90.1,Mike Burrows
681347,FF,602,-0.03347639843302074,95.5094684385382,-0.4723255813953488,1.411046511627907,0.08305647840531562,0.6611295681063123,-0.005560863527079857,101.3,Mike Burrows
681347,SI,87,0.28201791633362117,95.71264367816092,-1.1832183908045977,0.9893103448275862,0.05747126436781609,0.735632183908046,0.32415852452140365,118.3,Mike Burrows
681347,SL,300,0.4016475235836418,87.277,0.30406666666666665,0.24736666666666665,0.12333333333333334,0.6166666666666667,0.13388250786121395,108.4,Mike Burrows
681517,CH,129,-0.6412178489528831,90.28372093023256,-0.9710077519379845,0.4444961240310078,0.08527131782945736,0.6511627906976745,-0.49706809996347534,75.9,Kyle Leahy
681517,CU,243,-1.0080404016902365,83.57777777777778,0.7246502057613169,-1.0749382716049383,0.1646090534979424,0.5555555555555556,-0.4148314410247887,80.2,Kyle Leahy
681517,FF,408,-0.0024573563899658347,95.42573529411764,-0.26330882352941176,1.380955882352941,0.08823529411764706,0.625,-0.0006022932328347635,101.5,Kyle Leahy
681517,SI,101,-0.13032311596435164,95.2990099009901,-1.0865346534653464,1.0204950495049505,0.0594059405940594,0.7722772277227723,-0.12903278808351648,94.9,Kyle Leahy
681517,SL,283,1.0371170129583986,91.08869257950529,0.38657243816254416,0.41742049469964665,0.09540636042402827,0.7243816254416962,0.3664724427414836,120.4,Kyle Leahy
681517,ST,186,1.1893847143694984,86.7494623655914,1.2584408602150536,0.2743548387096774,0.1881720430107527,0.7043010752688172,0.639454147510483,134.5,Kyle Leahy
681676,CH,42,-0.06572559088058785,87.15,-1.1911904761904761,0.44452380952380954,0.30952380952380953,0.6904761904761905,-0.15648950209663776,93.5,Ryan Fernandez
681676,FC,37,-0.7990866974064467,91.31891891891892,0.1437837837837838,0.832972972972973,0.10810810810810811,0.4864864864864865,-2.15969377677418,-9.8,Ryan Fernandez
681676,FF,198,-0.5290850362977725,95.22020202020201,-0.6820707070707072,1.4532828282828283,0.08080808080808081,0.6111111111111112,-0.2672146647968548,87.8,Ryan Fernandez
681676,SL,247,0.6106469463087646,86.67854251012145,0.23238866396761132,0.03275303643724696,0.20647773279352227,0.6518218623481782,0.24722548433553224,114.3,Ryan Fernandez
681857,CH,300,-1.4559613021099285,87.74566666666666,-1.2353333333333334,0.0263,0.24,0.5933333333333334,-0.4853204340366428,76.5,Reese Olson
681857,CU,64,-1.524177494840479,79.6796875,0.6575,-1.058125,0.109375,0.375,-2.3815273356882485,-21.2,Reese Olson
681857,FF,225,0.9575663257213054,94.25866666666667,-0.8188444444444445,1.2674222222222222,0.06666666666666667,0.6577777777777778,0.42558503365391354,123.5,Reese Olson
681857,SI,315,0.3170031834282692,94.41714285714286,-1.3057142857142858,0.8803174603174604,0.009523809523809525,0.6126984126984127,0.10063593124706958,106.7,Reese Olson
681857,SL,250,-0.1288828931598713,84.3336,0.4182,-0.301,0.224,0.648,-0.051553157263948525,98.9,Reese Olson
681857,ST,5,-0.2758032566681906,82.46000000000001,0.976,-0.21800000000000003,0.0,0.8,-5.516065133363812,-182.8,Reese Olson
681869,CH,80,-0.1438799445687614,87.7175,-1.185875,-0.20775000000000002,0.1,0.5875,-0.17984993071095176,92.3,Shawn Dubin
681869,CU,80,0.06249129657207861,81.72375,0.8871249999999999,-1.234,0.125,0.625,0.07811412071509827,105.6,Shawn Dubin
681869,FC,20,-0.06792665379827416,88.97999999999999,0.2545,0.7350000000000001,0.05,0.6,-0.3396332689913708,84.0,Shawn Dubin
681869,FF,193,-0.9816441358295876,94.27253886010362,-0.9407772020725388,1.155077720207254,0.07253886010362694,0.6321243523316062,-0.5086239045749159,75.3,Shawn Dubin
681869,SI,82,-0.28080659098503924,93.87926829268294,-1.3671951219512195,0.6884146341463415,0.04878048780487805,0.6585365853658537,-0.34244706217687715,83.9,Shawn Dubin
681869,ST,96,-0.330563884329473,83.27916666666667,1.3656249999999999,0.020104166666666666,0.14583333333333334,0.625,-0.3443373795098677,83.8,Shawn Dubin
681870,CU,76,-0.9074963248931893,80.33947368421053,-0.5722368421052632,-1.1638157894736842,0.13157894736842105,0.5394736842105263,-1.1940741117015647,40.0,Erik Sabrowski
681870,FF,342,1.6161993020181138,93.92748538011696,0.8028362573099415,1.6531871345029239,0.16666666666666666,0.6228070175438597,0.47257289532693386,125.9,Erik Sabrowski
681870,SL,85,-0.5491804929504538,87.07529411764706,-0.04,0.49576470588235294,0.2823529411764706,0.6823529411764706,-0.6460946975887691,68.2,Erik Sabrowski
681892,CH,87,0.2723677622485811,89.03563218390805,1.384942528735632,-0.030804597701149426,0.09195402298850575,0.6666666666666666,0.3130663933891737,117.7,Kody Funderburk
681892,FC,179,-0.26231507487432704,92.03240223463686,0.05407821229050279,1.0359776536312848,0.1005586592178771,0.6927374301675978,-0.14654473456666314,94.0,Kody Funderburk
681892,SI,237,1.1404000018151956,93.30590717299577,1.3642616033755273,0.6175105485232067,0.06329113924050633,0.6540084388185654,0.4811814353650614,126.3,Kody Funderburk
681892,SL,78,0.22201430716195686,86.31153846153846,-0.34205128205128205,0.18461538461538463,0.0641025641025641,0.5512820512820513,0.2846337271307139,116.2,Kody Funderburk
681892,ST,144,-0.7410733909489047,82.11111111111111,-1.2006944444444445,-0.2320138888888889,0.13194444444444445,0.5,-0.5146342992700728,75.0,Kody Funderburk
681911,CH,63,-0.18364401113604975,83.76190476190476,1.0019047619047619,0.8801587301587303,0.09523809523809523,0.6190476190476191,-0.29149843037468215,86.5,Alex Vesia
681911,FF,571,5.744735433869088,92.67373029772328,0.46507880910683014,1.7335726795096322,0.1436077057793345,0.6654991243432574,1.0060832633746215,153.4,Alex Vesia
681911,SL,366,1.3715306783868724,84.83934426229509,-0.5398087431693989,0.34885245901639345,0.1830601092896175,0.6502732240437158,0.3747351580292001,120.9,Alex Vesia
681982,CH,48,0.060345200869306996,86.81875000000001,-1.2416666666666667,-0.30041666666666667,0.125,0.625,0.1257191684777229,108.0,Grant Anderson
681982,FF,382,-1.2497004028459535,93.4565445026178,-1.079476439790576,1.013612565445026,0.20157068062827224,0.6335078534031413,-0.32714670231569465,84.7,Grant Anderson
681982,SI,290,1.1017122151564205,93.17275862068965,-1.4794137931034481,0.035517241379310345,0.04482758620689655,0.6862068965517242,0.3799007638470415,121.1,Grant Anderson
681982,ST,438,-1.5411300019793128,80.21324200913243,1.1628995433789955,0.20353881278538813,0.1735159817351598,0.6164383561643836,-0.35185616483545956,83.4,Grant Anderson
682052,CH,224,-0.7376440737343475,82.79732142857142,1.530044642857143,0.4077232142857143,0.14285714285714285,0.5580357142857143,-0.32930539005997655,84.6,Jacob Lopez
682052,FC,243,-1.1539569033612,87.6037037037037,0.08181069958847736,0.8251851851851852,0.102880658436214,0.6790123456790124,-0.4748793840992593,77.1,Jacob Lopez
682052,FF,587,-6.413209568941836,90.7701873935264,1.1342419080068142,0.9895229982964225,0.11243611584327087,0.5809199318568995,-1.0925399606374508,45.2,Jacob Lopez
682052,SI,103,0.5988441557229642,90.19514563106796,1.4597087378640776,0.5833009708737864,0.07766990291262135,0.6407766990291263,0.5814020929349167,131.5,Jacob Lopez
682052,SL,509,3.9304616976500917,78.11434184675835,-0.7686836935166994,0.14055009823182713,0.1650294695481336,0.6699410609037328,0.7721928679076802,141.3,Jacob Lopez
682120,CU,295,-1.2849295435296049,81.31016949152543,-0.9056949152542373,-0.2486779661016949,0.19322033898305085,0.5830508474576271,-0.43556933678969656,79.1,Tim Herrin
682120,FF,195,-0.702998821134045,94.66410256410256,0.674974358974359,1.0502564102564103,0.05128205128205128,0.6307692307692307,-0.36051221596617694,83.0,Tim Herrin
682120,SI,126,-0.4948300002142859,93.48809523809524,1.3292857142857144,0.2891269841269841,0.05555555555555555,0.5634920634920635,-0.3927222223922904,81.3,Tim Herrin
682120,SL,134,-0.06122971243257925,87.3641791044776,-0.04888059701492537,0.18626865671641793,0.13432835820895522,0.6268656716417911,-0.045693815248193465,99.2,Tim Herrin
682243,FC,11,-0.3975640204784935,89.82727272727273,0.15363636363636363,0.9927272727272727,0.18181818181818182,0.45454545454545453,-3.6142183679863042,-84.8,Bryce Miller
682243,FF,638,3.6883937688078845,94.81833855799373,-0.5429937304075235,1.5760031347962382,0.12852664576802508,0.6786833855799373,0.5781181455811731,131.3,Bryce Miller
682243,FS,289,0.1891923765338121,83.85536332179932,-0.8765743944636679,0.13757785467128028,0.15570934256055363,0.6539792387543253,0.065464490150108,104.9,Bryce Miller
682243,KC,166,-0.4055927339597888,83.41566265060241,0.2653012048192771,-0.918012048192771,0.13855421686746988,0.5602409638554217,-0.24433297226493297,88.9,Bryce Miller
682243,SI,254,0.33113994984341416,94.48976377952756,-1.238543307086614,1.1138976377952756,0.051181102362204724,0.6850393700787402,0.13037005899347015,108.3,Bryce Miller
682243,SL,118,-0.8016106216140612,85.68305084745764,0.3302542372881356,0.10949152542372881,0.1694915254237288,0.652542372881356,-0.6793310352661535,66.5,Bryce Miller
682243,ST,66,-0.31842656850328244,82.86363636363636,1.3372727272727274,-0.5983333333333334,0.06060606060606061,0.3939393939393939,-0.4824644977322461,76.7,Bryce Miller
682254,FF,569,0.9603752129683357,98.70755711775044,0.5090333919156415,1.5403690685413005,0.1546572934973638,0.6608084358523726,0.16878298997686042,110.2,Mason Montgomery
682254,SL,290,-0.45391387477353873,89.74620689655173,-0.07048275862068966,0.14679310344827587,0.23793103448275862,0.6310344827586207,-0.1565220257839789,93.5,Mason Montgomery
682825,FF,8,0.0016316305796667055,98.66250000000001,-1.21875,0.4325,0.0,0.5,0.02039538224583382,102.6,Luis Mey
682825,SI,302,-1.388624849711313,98.90894039735099,-1.2065562913907284,0.6044370860927152,0.07947019867549669,0.5894039735099338,-0.45980955288454073,77.8,Luis Mey
682825,SL,104,-0.8999564716625696,86.55000000000001,0.5741346153846154,0.5648076923076923,0.17307692307692307,0.5288461538461539,-0.8653427612140092,56.9,Luis Mey
682842,FF,25,-0.05242656942920858,99.772,-0.5524,1.1556,0.12,0.68,-0.20970627771683428,90.7,Abner Uribe
682842,SI,603,0.08191027070929853,98.72752902155887,-1.1597678275290215,0.5165008291873964,0.0912106135986733,0.6583747927031509,0.013583792820779192,102.2,Abner Uribe
682842,SL,536,1.0161217555838997,87.27649253731343,0.8790485074626866,0.32179104477611936,0.20708955223880596,0.6305970149253731,0.1895749543999813,111.3,Abner Uribe
682847,CH,194,-0.6023179426833553,89.38608247422681,-1.2178350515463916,0.22030927835051548,0.14948453608247422,0.6134020618556701,-0.3104731663316264,85.5,Luis Ortiz
682847,FC,184,-1.3330432417083347,91.1483695652174,0.033423913043478255,0.762663043478261,0.08152173913043478,0.6304347826086957,-0.7244800226675732,64.2,Luis Ortiz
682847,FF,441,-1.4274983043891551,96.40861678004535,-1.0421768707482995,0.9936281179138322,0.14058956916099774,0.6145124716553289,-0.3236957606324615,84.9,Luis Ortiz
682847,SI,293,1.2344786566902968,95.5122866894198,-1.3802389078498294,0.2538566552901024,0.06143344709897611,0.7508532423208191,0.42132377361443574,123.3,Luis Ortiz
682847,SL,389,-1.0433165667161448,85.4763496143959,0.5288946015424165,0.07393316195372751,0.19794344473007713,0.6195372750642674,-0.2682047729347416,87.7,Luis Ortiz
682990,CH,37,-0.4050079394468114,88.41621621621621,-1.0854054054054054,0.3724324324324324,0.10810810810810811,0.4864864864864865,-1.0946160525589497,45.1,Quinn Priester
682990,CU,230,-0.5097065951034792,80.96,0.3855217391304348,-0.7259565217391304,0.1826086956521739,0.5869565217391305,-0.2216115630884692,90.1,Quinn Priester
682990,FC,508,-2.5049117744490674,92.26909448818897,0.05354330708661417,0.9302165354330709,0.10433070866141732,0.6082677165354331,-0.4930928689860369,76.1,Quinn Priester
682990,SI,1029,-1.6020747600193974,93.87628765792032,-1.2198542274052477,0.5960738581146745,0.05830903790087463,0.6472303206997084,-0.1556923965033428,93.5,Quinn Priester
682990,SL,664,1.2870579369239248,86.10030120481927,0.34293674698795185,-0.04102409638554217,0.18072289156626506,0.6340361445783133,0.1938340266451694,111.5,Quinn Priester
683004,CH,426,-5.459764939833,90.70258215962443,-1.2054460093896713,0.24779342723004696,0.13849765258215962,0.5352112676056338,-1.2816349624021126,35.5,Jack Leiter
683004,CU,244,-2.2675549927537646,81.93114754098362,0.5231557377049181,-0.8082786885245902,0.11885245901639344,0.5245901639344263,-0.9293258167023626,53.6,Jack Leiter
683004,FF,1001,2.737849054283638,97.29910089910089,-0.7384515484515485,1.4536963036963038,0.1088911088911089,0.6543456543456544,0.27351139403432945,115.6,Jack Leiter
683004,SI,310,-0.6730063051964544,96.0941935483871,-1.1348064516129033,1.2241612903225807,0.06451612903225806,0.6709677419354839,-0.2170988081278885,90.3,Jack Leiter
683004,SL,602,0.8122202030357738,87.58421926910299,0.3512458471760797,0.11244186046511627,0.1378737541528239,0.6694352159468439,0.13492029950760362,108.5,Jack Leiter
683232,CU,35,-0.09630439148588836,82.67714285714285,0.42628571428571427,-1.0962857142857143,0.05714285714285714,0.6,-0.2751554042453953,87.4,Nick Mears
683232,FF,452,2.6001404917254094,95.40597345132744,-0.41876106194690266,1.5332743362831858,0.07964601769911504,0.6792035398230089,0.5752523211781879,131.2,Nick Mears
683232,SL,358,1.0162548657252177,86.63938547486033,0.16519553072625698,-0.019217877094972066,0.21787709497206703,0.7346368715083799,0.28387007422492117,116.2,Nick Mears
683409,CH,374,-1.3670515376655916,88.66336898395721,-0.9754812834224599,0.586524064171123,0.22192513368983957,0.606951871657754,-0.3655218015148641,82.7,Angel Chivilli
683409,FF,469,0.2302485910160486,97.05181236673775,-1.188358208955224,0.7931130063965885,0.0511727078891258,0.6353944562899787,0.04909351620811271,104.1,Angel Chivilli
683409,SL,179,-0.9238513992996108,90.22234636871508,0.07905027932960894,0.3375418994413408,0.25139664804469275,0.6480446927374302,-0.5161181001673804,74.9,Angel Chivilli
683627,CH,110,-1.192520748015851,87.02090909090909,-1.1361818181818182,0.5131818181818182,0.10909090909090909,0.5363636363636364,-1.084109770923501,45.7,Anthony Molina
683627,CU,91,-0.42586901188936177,83.43736263736264,0.22076923076923077,-0.20494505494505494,0.21978021978021978,0.5604395604395604,-0.4679879251531448,77.4,Anthony Molina
683627,FC,21,-0.2518508238875337,90.98095238095237,-0.023333333333333334,0.7509523809523809,0.047619047619047616,0.6190476190476191,-1.1992896375596842,39.7,Anthony Molina
683627,FF,270,-0.2103759871425716,95.62703703703703,-0.5880740740740741,1.2608148148148148,0.06666666666666667,0.6851851851851852,-0.07791703227502653,97.5,Anthony Molina
683627,SI,29,-0.5925076035025068,94.91034482758621,-0.7920689655172414,1.1148275862068966,0.034482758620689655,0.3448275862068966,-2.043129667250023,-3.8,Anthony Molina
683627,SL,87,-0.15809131144394833,86.88505747126437,0.30057471264367813,0.41977011494252875,0.1839080459770115,0.5862068965517241,-0.18171415108499808,92.2,Anthony Molina
683769,CH,139,-2.0708335825411877,78.75611510791367,-1.4383453237410073,0.6366906474820144,0.17266187050359713,0.4748201438848921,-1.4898083327634444,24.7,Hunter Gaddis
683769,FF,347,1.095414670845348,94.68097982708935,-0.6203458213256484,1.413314121037464,0.138328530259366,0.7435158501440923,0.315681461338717,117.8,Hunter Gaddis
683769,SL,563,1.3202715781930034,88.80817051509769,0.4496802841918295,0.418348134991119,0.17761989342806395,0.650088809946714,0.23450649701474308,113.6,Hunter Gaddis
684007,CU,34,0.060225330043750774,71.64117647058823,-0.8826470588235295,-1.0514705882352942,0.058823529411764705,0.5,0.1771333236580905,110.7,Shota Imanaga
684007,FF,1028,8.03834844473079,90.78891050583658,0.9911089494163424,1.4984630350194552,0.08171206225680934,0.6799610894941635,0.78194051018782,141.9,Shota Imanaga
684007,FS,657,3.747628617842117,82.96712328767123,1.079254185692542,0.5528158295281583,0.1963470319634703,0.6894977168949772,0.5704153147400483,130.9,Shota Imanaga
684007,SI,27,0.25478784743451693,88.24444444444444,1.2274074074074075,0.7825925925925925,0.07407407407407407,0.7777777777777778,0.9436586942019145,150.2,Shota Imanaga
684007,SL,12,-0.1222508217379876,81.53333333333333,-0.10166666666666667,0.5458333333333333,0.3333333333333333,0.5833333333333334,-1.0187568478165634,49.0,Shota Imanaga
684007,ST,349,0.285362512235817,80.32893982808022,-0.9982234957020057,0.15169054441260743,0.15759312320916904,0.664756446991404,0.08176576281828567,105.8,Shota Imanaga
684320,FF,473,-3.262964704040055,95.7169133192389,-0.34082452431289645,1.1235940803382665,0.07822410147991543,0.5708245243128964,-0.6898445463086796,66.0,Yariel Rodríguez
684320,FS,138,-1.3481585145294481,89.32898550724637,-1.2818115942028987,0.40608695652173915,0.08695652173913043,0.427536231884058,-0.9769264598039479,51.2,Yariel Rodríguez
684320,SI,69,-0.6076020922989293,95.51884057971014,-1.3582608695652174,0.887536231884058,0.08695652173913043,0.6376811594202898,-0.8805827424622162,56.1,Yariel Rodríguez
684320,SL,478,1.6266666868787585,85.57594142259414,0.5839539748953975,0.03690376569037657,0.18828451882845187,0.6527196652719666,0.3403068382591545,119.1,Yariel Rodríguez
685107,CH,34,-0.33674965553668845,87.03235294117647,1.3682352941176472,0.5020588235294118,0.058823529411764705,0.29411764705882354,-0.9904401633432014,50.5,Anthony Veneziano
685107,FF,146,0.6567161336010713,93.96712328767124,0.699041095890411,1.2166438356164384,0.08904109589041095,0.7397260273972602,0.4498055709596379,124.7,Anthony Veneziano
685107,SI,56,0.24265772478967582,92.68571428571428,1.3928571428571428,0.8271428571428572,0.10714285714285714,0.7321428571428571,0.4333173656958496,123.9,Anthony Veneziano
685107,SL,115,-0.04940002154538035,87.0713043478261,-0.19895652173913042,0.24182608695652175,0.13043478260869565,0.5391304347826087,-0.04295654047424378,99.3,Anthony Veneziano
685107,ST,130,0.47430402405077016,82.69615384615385,-0.9301538461538462,0.04038461538461539,0.16153846153846155,0.6923076923076923,0.3648492492698232,120.3,Anthony Veneziano
685126,CH,356,-0.8927683576278369,83.60337078651685,1.063932584269663,0.1555056179775281,0.2050561797752809,0.5786516853932584,-0.2507776285471452,88.6,Brandon Eisert
685126,FF,385,-2.4462322152646427,89.68727272727273,0.8376883116883117,1.264025974025974,0.11168831168831168,0.5714285714285714,-0.6353849909778293,68.8,Brandon Eisert
685126,SI,41,-0.7676924582356023,87.99756097560976,1.384390243902439,0.7465853658536585,0.024390243902439025,0.5365853658536586,-1.8724206298429322,5.0,Brandon Eisert
685126,SL,434,1.538287218931993,85.10483870967742,-0.20382488479262673,0.4235253456221198,0.1497695852534562,0.6774193548387096,0.3544440596617495,119.8,Brandon Eisert
685299,CH,263,0.2820276028921256,83.20684410646389,-1.0278326996197718,0.6149429657794676,0.1520912547528517,0.6768060836501901,0.10723482999700593,107.1,Tanner Gordon
685299,CU,5,-0.018116374072385658,79.67999999999999,0.21200000000000002,-0.144,0.0,0.6,-0.36232748144771315,82.9,Tanner Gordon
685299,FF,657,-1.4427538313776465,92.26499238964992,-0.9272907153729072,1.1970167427701675,0.0745814307458143,0.7077625570776256,-0.21959723460846978,90.2,Tanner Gordon
685299,SL,319,-0.42850979219674656,84.18401253918495,0.12467084639498434,0.16802507836990596,0.09404388714733543,0.6112852664576802,-0.13432908846292996,94.6,Tanner Gordon
685314,CU,191,-0.3940146894953949,79.6565445026178,-0.6776439790575917,-0.7787434554973822,0.15706806282722513,0.6020942408376964,-0.2062904133483743,90.9,Andrew Saalfrank
685314,FF,41,-0.06796108416928966,89.17560975609756,-0.18,0.7585365853658537,0.0975609756097561,0.7560975609756098,-0.16575874187631626,93.0,Andrew Saalfrank
685314,SI,195,0.6364944869054032,89.30153846153846,0.6558461538461539,0.4148205128205128,0.11282051282051282,0.6410256410256411,0.32640742918225807,118.4,Andrew Saalfrank
685326,CH,28,-0.4284613664542508,87.57857142857142,-1.3935714285714287,0.5203571428571429,0.07142857142857142,0.42857142857142855,-1.5302191659080386,22.7,Mccade Brown
685326,FF,286,-1.8174440064664013,94.33986013986014,-0.9425174825174826,1.0752447552447553,0.08391608391608392,0.6433566433566433,-0.6354699323309095,68.8,Mccade Brown
685326,KC,90,-1.7210618765425352,78.71111111111111,0.9286666666666666,-0.9975555555555555,0.07777777777777778,0.4888888888888889,-1.9122909739361502,3.0,Mccade Brown
685326,SL,97,0.009282623810332504,85.30824742268041,0.2823711340206186,0.2183505154639175,0.1958762886597938,0.6391752577319587,0.009569715268384025,102.0,Mccade Brown
686218,CH,191,-0.1254406287370912,86.21204188481676,-1.0676439790575916,0.060000000000000005,0.1518324607329843,0.581151832460733,-0.0656757218518802,98.2,Emmet Sheehan
686218,CU,70,-0.9292715037404188,77.91285714285713,0.9572857142857144,-1.1502857142857141,0.04285714285714286,0.5,-1.3275307196291697,33.1,Emmet Sheehan
686218,FA,1,-0.04262312698770768,72.8,-0.56,-0.3,0.0,0.0,-4.262312698770768,-118.2,Emmet Sheehan
686218,FF,536,3.352139432675397,95.62126865671642,-0.7747947761194031,1.4897201492537313,0.13619402985074627,0.6529850746268657,0.625399147887201,133.8,Emmet Sheehan
686218,SL,348,-0.7555953903091766,87.82155172413793,0.2903448275862069,0.3242241379310345,0.2442528735632184,0.6982758620689655,-0.21712511215780933,90.3,Emmet Sheehan
686563,CH,383,0.41087854079560937,85.5869451697128,-1.2885639686684072,0.10360313315926893,0.1279373368146214,0.6109660574412533,0.10727899237483274,107.1,Jonathan Cannon
686563,FC,418,-1.8544777752019248,89.30837320574163,0.03320574162679426,0.7956698564593301,0.12440191387559808,0.65311004784689,-0.4436549701440012,78.7,Jonathan Cannon
686563,FF,325,-1.7664385694830054,93.76276923076924,-0.7364615384615384,1.2475692307692308,0.14153846153846153,0.6461538461538462,-0.5435195598409247,73.5,Jonathan Cannon
686563,SI,393,-2.033673971272462,93.01806615776081,-1.2553180661577608,0.42521628498727737,0.04834605597964377,0.6539440203562341,-0.5174742929446469,74.9,Jonathan Cannon
686563,SL,5,0.12864825458883597,87.0,0.53,0.1,0.2,1.0,2.5729650917767195,234.2,Jonathan Cannon
686563,ST,269,0.0710413138868714,81.5903345724907,1.2582527881040892,0.218364312267658,0.07063197026022305,0.5353159851301115,0.026409410366866694,102.9,Jonathan Cannon
686580,CU,90,0.11924572192191348,84.85777777777777,0.4467777777777778,-1.3195555555555556,0.16666666666666666,0.5666666666666667,0.13249524657990386,108.4,Justin Slaten
686580,FC,171,1.581515257509331,92.67953216374269,0.3895906432748538,0.6466666666666666,0.1111111111111111,0.7076023391812866,0.9248627236896673,149.2,Justin Slaten
686580,FF,181,1.3060932400380243,96.73812154696132,-0.17276243093922652,1.5297237569060773,0.15469613259668508,0.6906077348066298,0.7215984751591294,138.7,Justin Slaten
686580,ST,57,0.190081024619073,85.14035087719299,1.2249122807017545,-0.020526315789473684,0.22807017543859648,0.631578947368421,0.33347548178784736,118.7,Justin Slaten
686613,CH,356,-2.784842068037262,88.20056179775281,-1.1967977528089888,0.6586797752808989,0.12078651685393259,0.5421348314606742,-0.7822590078756353,61.2,Hunter Brown
686613,FC,42,-0.0331010495823699,93.35952380952381,0.2538095238095238,0.8795238095238095,0.09523809523809523,0.6190476190476191,-0.07881202281516643,97.5,Hunter Brown
686613,FF,1110,0.8140996128990629,96.57765765765765,-0.5625855855855856,1.4445225225225227,0.12522522522522522,0.6144144144144145,0.07334230746838404,105.3,Hunter Brown
686613,KC,530,0.21555375875940114,83.51283018867925,0.4229056603773585,-1.329056603773585,0.17169811320754716,0.5867924528301887,0.040670520520641726,103.6,Hunter Brown
686613,SI,672,-0.7197556053243,95.70491071428572,-1.1604910714285714,1.096235119047619,0.08779761904761904,0.6949404761904762,-0.10710648888754466,96.0,Hunter Brown
686613,SL,252,0.20265372874777862,91.42817460317461,0.30714285714285716,0.4743650793650794,0.13095238095238096,0.5992063492063492,0.08041814632848358,105.7,Hunter Brown
686701,CH,99,-1.1630465389572486,87.55151515151516,-1.2058585858585857,0.6215151515151516,0.15151515151515152,0.45454545454545453,-1.1747944837952007,41.0,Ryan Bergert
686701,CU,10,-0.08187512202952824,82.45,0.549,-0.923,0.0,0.6,-0.8187512202952824,59.3,Ryan Bergert
686701,FF,558,2.6578129538577624,93.4247311827957,-0.6472222222222221,1.5551612903225807,0.08243727598566308,0.6612903225806451,0.4763105652074843,126.1,Ryan Bergert
686701,SI,86,-0.3524905166168872,92.46395348837208,-1.2455813953488373,1.1653488372093024,0.06976744186046512,0.6976744186046512,-0.4098726937405665,80.4,Ryan Bergert
686701,SL,325,1.5601675540678965,87.42492307692308,0.3191076923076923,0.3011384615384616,0.15692307692307692,0.6,0.48005155509781433,126.3,Ryan Bergert
686701,ST,234,0.9646242630995002,82.6448717948718,1.249871794871795,-0.04952991452991453,0.12393162393162394,0.6324786324786325,0.4122325910681625,122.8,Ryan Bergert
686752,CH,676,1.4986553927183268,86.76952662721894,-1.1986686390532544,0.17890532544378698,0.16272189349112426,0.6375739644970414,0.221694584721646,113.0,Ryan Pepiot
686752,CU,89,-1.441343265516135,80.76629213483146,1.3529213483146068,-0.9214606741573035,0.0898876404494382,0.43820224719101125,-1.6194868151866684,18.1,Ryan Pepiot
686752,FC,171,-0.23206429351069027,91.56081871345029,0.2052046783625731,1.1607017543859648,0.12280701754385964,0.6608187134502924,-0.13571011316414636,94.5,Ryan Pepiot
686752,FF,1213,5.097646690225429,95.18499587798846,-0.6541384995877989,1.5914014839241548,0.1261335531739489,0.6611706512778236,0.42025116984545996,123.2,Ryan Pepiot
686752,SI,70,-0.29689093250246423,94.65571428571428,-1.0401428571428573,1.305,0.014285714285714285,0.5571428571428572,-0.4241299035749489,79.7,Ryan Pepiot
686752,SL,479,1.4291596333488004,89.04780793319416,0.5643841336116909,0.7307306889352818,0.12108559498956159,0.6534446764091858,0.29836318023983305,116.9,Ryan Pepiot
686799,CH,261,-2.0906344334792966,89.85785440613027,-0.7628352490421456,0.2075095785440613,0.1724137931034483,0.6590038314176245,-0.8010093614863205,60.2,Jack Kochanowicz
686799,FF,347,-3.1161394070554636,95.49971181556197,-0.5941210374639769,1.1810374639769452,0.11815561959654179,0.6195965417867435,-0.8980228838776552,55.2,Jack Kochanowicz
686799,SI,874,-3.9505755235226436,95.52048054919908,-1.1844851258581235,0.2541533180778032,0.07093821510297482,0.6247139588100686,-0.4520109294648334,78.2,Jack Kochanowicz
686799,SL,273,-0.7395441584226752,87.28717948717949,0.27282051282051284,-0.056300366300366306,0.0989010989010989,0.5714285714285714,-0.27089529612552204,87.6,Jack Kochanowicz
686799,ST,103,-2.007253183867658,82.35145631067962,1.0997087378640775,-0.26398058252427187,0.08737864077669903,0.5436893203883495,-1.948789498900639,1.1,Jack Kochanowicz
686826,CH,87,-0.901483815092595,82.5896551724138,-1.4495402298850575,0.44425287356321835,0.09195402298850575,0.5632183908045977,-1.0361882932098794,48.1,Bryce Jarvis
686826,CU,19,-0.4244952248436627,82.7,0.8431578947368421,-0.7705263157894737,0.15789473684210525,0.3684210526315789,-2.2341853939140144,-13.6,Bryce Jarvis
686826,FC,16,-0.15171322377439847,88.16875,-0.064375,0.520625,0.0,0.5625,-0.9482076485899904,52.7,Bryce Jarvis
686826,FF,158,0.22609685434848956,94.01898734177215,-0.8963291139240507,1.2343037974683544,0.06329113924050633,0.6962025316455697,0.14309927490410732,108.9,Bryce Jarvis
686826,SI,43,-0.05642961782417541,93.00232558139534,-1.283953488372093,0.8890697674418604,0.0,0.6744186046511628,-0.13123166935854746,94.8,Bryce Jarvis
686826,SL,86,-0.1490611390196197,85.12674418604651,0.4875581395348837,-0.17162790697674418,0.1511627906976744,0.4418604651162791,-0.17332690583676708,92.6,Bryce Jarvis
686930,CH,44,-0.018543685236517678,85.38409090909092,-0.7138636363636364,0.08977272727272728,0.06818181818181818,0.6363636363636364,-0.04214473917390381,99.4,Mason Barnett
686930,CU,65,-0.283428928985121,78.46615384615384,0.738,-1.3275384615384616,0.1076923076923077,0.5538461538461539,-0.4360445061309554,79.1,Mason Barnett
686930,FF,230,0.2497923142468242,94.33260869565217,-0.05260869565217391,1.2786086956521738,0.0782608695652174,0.6304347826086957,0.10860535402035836,107.1,Mason Barnett
686930,ST,92,-0.15998982039812487,84.81195652173913,1.1730434782608696,0.1383695652173913,0.15217391304347827,0.5978260869565217,-0.17390197869361398,92.6,Mason Barnett
686973,CH,50,-0.37251182454952314,91.916,-1.1796,0.3906,0.14,0.54,-0.7450236490990463,63.1,Louis Varland
686973,FF,483,1.3558671701828557,98.12132505175983,-0.6239130434782609,1.309896480331263,0.08902691511387163,0.7060041407867494,0.2807178406175685,116.0,Louis Varland
686973,KC,400,1.291047121321188,87.993,0.283625,-0.506675,0.2125,0.6525,0.322761780330297,118.2,Louis Varland
686973,SI,58,0.23780936334808744,96.94827586206897,-1.2436206896551723,1.0141379310344827,0.06896551724137931,0.7068965517241379,0.41001614370359907,122.7,Louis Varland
686973,SL,75,0.2096654823346235,91.59466666666667,0.30573333333333336,0.45053333333333334,0.17333333333333334,0.6266666666666667,0.2795539764461647,116.0,Louis Varland
686993,FC,351,0.2900379895960253,87.38404558404558,0.4146723646723647,0.3937891737891738,0.1623931623931624,0.6381766381766382,0.08263190586781347,105.8,Justin Sterner
686993,FF,570,-0.4422015770405435,93.51140350877193,-0.8141754385964912,1.436561403508772,0.12456140350877193,0.6526315789473685,-0.07757922404220062,97.5,Justin Sterner
686993,ST,171,-0.9431260585532747,81.54912280701754,1.3017543859649123,0.23461988304093565,0.23391812865497075,0.5672514619883041,-0.551535706756301,73.1,Justin Sterner
687064,CH,43,-0.38852267482058456,87.12558139534885,-1.2123255813953489,0.8576744186046512,0.09302325581395349,0.5581395348837209,-0.9035411042339175,55.0,Brandon Young
687064,CU,148,-0.0189529718267899,76.11621621621622,0.9594594594594594,-1.261756756756757,0.08108108108108109,0.5878378378378378,-0.01280606204512831,100.9,Brandon Young
687064,FC,86,-0.5137936973686117,86.78837209302326,0.3496511627906977,0.4572093023255814,0.06976744186046512,0.5581395348837209,-0.5974345318239671,70.7,Brandon Young
687064,FF,411,1.4576714080965063,93.75352798053527,-0.22357664233576643,1.495669099756691,0.0948905109489051,0.7031630170316302,0.3546645761791986,119.8,Brandon Young
687064,FS,167,-0.28404233300646003,87.26646706586827,-0.860059880239521,0.40652694610778445,0.17964071856287425,0.6586826347305389,-0.17008522934518563,92.8,Brandon Young
687064,SL,84,0.11368099778066229,83.30238095238094,0.3419047619047619,0.13892857142857143,0.08333333333333333,0.6309523809523809,0.13533452116745512,108.5,Brandon Young
687134,CU,135,-1.5327015815119942,80.98962962962963,0.09244444444444445,-0.8075555555555555,0.06666666666666667,0.4222222222222222,-1.1353345048236994,43.0,Bradley Blalock
687134,FC,102,-0.13931110238591074,89.78333333333333,0.37833333333333335,0.39323529411764707,0.10784313725490197,0.6078431372549019,-0.13657951214304975,94.5,Bradley Blalock
687134,FF,479,-1.318704289058731,94.59665970772443,-0.24022964509394573,1.404446764091858,0.04384133611691023,0.6805845511482255,-0.2753036094068332,87.3,Bradley Blalock
687134,FS,157,-0.5163312923772592,86.84904458598726,-0.7104458598726116,0.6343949044585987,0.1337579617834395,0.6178343949044586,-0.3288734346351969,84.6,Bradley Blalock
687134,SL,160,0.5541540667111463,85.281875,0.335,-0.1854375,0.1,0.59375,0.34634629169446646,119.4,Bradley Blalock
687223,CH,25,-0.27838741579459986,81.308,0.9520000000000001,0.43920000000000003,0.04,0.28,-1.1135496631783994,44.1,Carson Palmquist
687223,FC,88,-0.5228004421307535,81.92840909090908,-0.17363636363636362,0.49079545454545453,0.07954545454545454,0.5909090909090909,-0.5940914115122199,70.9,Carson Palmquist
687223,FF,370,-2.0100832208514494,90.36675675675674,0.906054054054054,1.0725135135135135,0.06756756756756757,0.654054054054054,-0.5432657353652566,73.5,Carson Palmquist
687223,ST,222,-0.8982504707805559,73.84774774774775,-0.7357657657657658,0.11495495495495495,0.13963963963963963,0.5225225225225225,-0.4046173291804306,80.7,Carson Palmquist
687330,FC,75,-0.9454393364481811,89.41333333333333,-0.1392,0.6621333333333332,0.13333333333333333,0.52,-1.2605857819309083,36.6,Kevin Kelly
687330,FF,50,-0.6730441499878498,92.14200000000001,-0.8317999999999999,0.8606,0.22,0.48,-1.3460882999756996,32.1,Kevin Kelly
687330,SI,347,1.700177693161932,90.9971181556196,-1.395878962536023,-0.11377521613832853,0.06340057636887608,0.7204610951008645,0.48996475307260284,126.8,Kevin Kelly
687330,ST,116,-0.7092064753972949,78.67672413793103,1.4780172413793102,0.428448275862069,0.12931034482758622,0.5862068965517241,-0.611384892583875,70.0,Kevin Kelly
687362,CH,73,-0.2084234533551785,87.1027397260274,-1.4473972602739726,0.5275342465753424,0.1232876712328767,0.6301369863013698,-0.2855115799386007,86.8,Connor Gillispie
687362,CU,5,-0.19881222111105568,78.28,0.8699999999999999,-0.9460000000000001,0.0,0.2,-3.976244422221113,-103.4,Connor Gillispie
687362,FC,117,-0.5780201119394369,86.74786324786325,0.1412820512820513,0.6715384615384615,0.1452991452991453,0.7350427350427351,-0.4940342837089205,76.1,Connor Gillispie
687362,FF,137,-1.2391442816563583,91.26423357664234,-0.6292700729927007,1.6466423357664235,0.058394160583941604,0.5766423357664233,-0.9044848771214293,54.9,Connor Gillispie
687362,ST,139,-0.4424257573027321,81.11726618705035,1.230935251798561,-0.19798561151079136,0.08633093525179857,0.6258992805755396,-0.31829191172858423,85.1,Connor Gillispie
687377,CH,105,-1.9109924697288936,85.45142857142856,-0.6688571428571429,1.1024761904761906,0.21904761904761905,0.5904761904761905,-1.819992828313232,7.7,Orlando Ribalta
687377,FF,184,0.9711742562912257,96.42663043478261,-0.6267391304347826,1.5215760869565218,0.11413043478260869,0.6413043478260869,0.5278120958104487,128.8,Orlando Ribalta
687377,SI,95,-1.0115588526738994,95.63894736842106,-1.256315789473684,0.9623157894736842,0.06315789473684211,0.6421052631578947,-1.064798792288315,46.6,Orlando Ribalta
687377,SL,117,-0.10288097959803547,87.35213675213676,0.2705982905982906,0.27102564102564103,0.1111111111111111,0.6324786324786325,-0.08793246119490211,97.0,Orlando Ribalta
687473,CH,168,-0.9926807312657023,87.32797619047619,-1.3167261904761904,0.70375,0.09523809523809523,0.5238095238095238,-0.5908813876581561,71.1,Ryan Gusto
687473,CU,263,-0.992707707580149,80.32053231939163,0.6984790874524714,-1.1010646387832699,0.07604562737642585,0.6121673003802282,-0.3774554021217297,82.1,Ryan Gusto
687473,FC,194,1.2876794649477894,89.1082474226804,0.3402577319587629,0.5872680412371134,0.12886597938144329,0.7422680412371134,0.6637523015194791,135.8,Ryan Gusto
687473,FF,769,2.266667016650659,94.10507152145644,-0.480221066319896,1.5174642392717816,0.14044213263979194,0.6644993498049415,0.2947551387061975,116.7,Ryan Gusto
687473,SI,186,0.7044398945231072,93.46397849462365,-1.334516129032258,0.6604838709677419,0.06989247311827956,0.7043010752688172,0.378731126087692,121.1,Ryan Gusto
687473,ST,180,0.6001679726797099,82.415,1.0623888888888888,0.27205555555555555,0.1111111111111111,0.6,0.3334266514887277,118.7,Ryan Gusto
687606,CH,87,-0.6611656071661443,86.33218390804598,-0.39620689655172414,0.31091954022988505,0.12643678160919541,0.5057471264367817,-0.7599604680070623,62.4,Paxton Schultz
687606,FC,129,-1.487285454284129,88.86899224806201,0.1807751937984496,0.9189922480620155,0.13178294573643412,0.6124031007751938,-1.1529344606853713,42.1,Paxton Schultz
687606,FF,166,-0.31169672804067433,93.78132530120483,-0.6369879518072289,1.4112048192771083,0.12650602409638553,0.6927710843373494,-0.18776911327751464,91.9,Paxton Schultz
687606,SL,66,-0.1352562587616418,85.39545454545456,0.46136363636363636,0.3721212121212121,0.09090909090909091,0.6363636363636364,-0.20493372539642699,91.0,Paxton Schultz
687765,CH,17,-0.3632824475358163,87.89411764705882,-0.6423529411764706,0.3058823529411765,0.11764705882352941,0.35294117647058826,-2.136955573740096,-8.6,Mitch Spence
687765,CU,238,-0.1642826515130172,81.77731092436974,0.859201680672269,-0.8558403361344538,0.18487394957983194,0.6050420168067226,-0.06902632416513328,98.0,Mitch Spence
687765,FC,610,1.8419498441546571,91.0755737704918,0.3255081967213115,0.36250819672131146,0.09672131147540984,0.6967213114754098,0.30195899084502575,117.1,Mitch Spence
687765,SI,126,-1.1877525781065517,92.7031746031746,-0.6173809523809525,0.39269841269841266,0.05555555555555555,0.5396825396825397,-0.942660776275041,52.9,Mitch Spence
687765,SL,362,1.5498682951450211,84.54502762430938,1.141353591160221,0.1880110497237569,0.17955801104972377,0.6767955801104972,0.42814041302348654,123.6,Mitch Spence
687830,CH,98,-1.160803132328914,84.18877551020408,-1.1348979591836734,0.14714285714285713,0.1836734693877551,0.5,-1.1844929921723613,40.5,Sawyer Gipson-long
687830,FC,50,0.34231878090717227,87.654,0.16219999999999998,0.6468,0.1,0.8,0.6846375618143445,136.8,Sawyer Gipson-long
687830,FF,131,-0.02670081201521672,92.7854961832061,-0.8993893129770992,1.1984732824427482,0.06870229007633588,0.7175572519083969,-0.02038229924825704,100.5,Sawyer Gipson-long
687830,SI,85,0.016026351392621714,91.0729411764706,-1.2734117647058822,0.41564705882352937,0.058823529411764705,0.7764705882352941,0.018854531050143196,102.5,Sawyer Gipson-long
687830,SL,99,0.5977093762648809,82.33333333333333,0.5887878787878787,-0.11747474747474748,0.21212121212121213,0.6565656565656566,0.6037468447120008,132.7,Sawyer Gipson-long
687863,FF,307,-2.252642292964232,96.04657980456025,-0.028957654723127037,1.2512377850162866,0.08143322475570032,0.5537459283387622,-0.7337597045486097,63.7,Porter Hodge
687863,FS,3,-0.09164543182824257,90.83333333333333,-0.2833333333333334,0.20000000000000004,0.0,0.3333333333333333,-3.054847727608086,-55.9,Porter Hodge
687863,SL,105,0.19413512888476936,86.25999999999999,0.9348571428571428,0.37028571428571433,0.2,0.6952380952380952,0.1848905989378756,111.1,Porter Hodge
687863,ST,194,0.4271552833140798,83.97268041237113,1.3262886597938144,0.06613402061855671,0.13917525773195877,0.7268041237113402,0.22018313572890713,112.9,Porter Hodge
687888,CH,149,0.16445843711108657,80.88120805369127,1.4681208053691275,0.005637583892617447,0.19463087248322147,0.5704697986577181,0.11037479000744065,107.2,Brandon Walter
687888,FC,223,1.8773107442722787,88.22914798206277,-0.157847533632287,0.5647533632286995,0.09417040358744394,0.7847533632286996,0.8418433830817393,144.9,Brandon Walter
687888,FF,157,-0.5276632812987816,91.78025477707007,0.8330573248407643,1.00484076433121,0.15286624203821655,0.5732484076433121,-0.3360912619737462,84.2,Brandon Walter
687888,SI,102,1.3547641836489601,91.50882352941176,1.4601960784313726,0.4316666666666667,0.06862745098039216,0.7941176470588235,1.3282001800480001,170.0,Brandon Walter
687888,ST,183,0.5209212164268162,79.52950819672131,-1.3901092896174865,-0.19633879781420766,0.1092896174863388,0.6338797814207651,0.28465640241902523,116.2,Brandon Walter
687911,CH,16,0.0904391865027419,87.20625,0.9974999999999999,0.424375,0.0,0.4375,0.5652449156421369,130.7,Bryan King
687911,CU,2,0.020823566841983117,75.65,-1.0750000000000002,-0.715,0.0,0.5,1.0411783420991558,155.2,Bryan King
687911,FF,656,0.18999548962499035,92.00274390243902,0.3228658536585366,1.1909146341463415,0.125,0.7240853658536586,0.02896272707698024,103.0,Bryan King
687911,SI,55,0.1293943777150319,91.04727272727273,0.9894545454545455,0.5394545454545455,0.12727272727272726,0.7272727272727273,0.23526250493642165,113.7,Bryan King
687911,ST,317,1.1296909569037303,80.05552050473186,-1.4102208201892745,0.23936908517350156,0.11987381703470032,0.6277602523659306,0.35636938703587706,119.9,Bryan King
687922,CH,92,-0.5387451568062466,87.35978260869565,1.1315217391304346,0.616195652173913,0.10869565217391304,0.5543478260869565,-0.5855925617459201,71.4,Easton Lucas
687922,FC,32,-0.5893920862970576,91.48125,-0.121875,0.7828125,0.0625,0.5625,-1.841850269678305,6.6,Easton Lucas
687922,FF,218,0.593525443730875,93.81330275229358,0.42435779816513763,1.4490366972477065,0.16055045871559634,0.7385321100917431,0.27225937785819954,115.6,Easton Lucas
687922,SL,53,-0.5269599722570651,86.4245283018868,-0.280188679245283,0.15056603773584903,0.09433962264150944,0.5471698113207547,-0.9942640985982361,50.3,Easton Lucas
687922,ST,43,-0.06756654088704249,81.13720930232559,-0.9595348837209302,0.12186046511627907,0.046511627906976744,0.5348837209302325,-0.15713149043498253,93.4,Easton Lucas
687931,CH,152,0.022152146714307378,81.14868421052631,1.3159868421052632,0.5643421052631579,0.20394736842105263,0.6052631578947368,0.01457378073309696,102.3,Carson Whisenhunt
687931,CU,4,-0.04762937506891414,78.275,-0.22749999999999998,-0.745,0.0,0.5,-1.1907343767228535,40.2,Carson Whisenhunt
687931,FF,195,-1.8650873511383854,92.58205128205128,0.8810256410256411,1.3672307692307692,0.046153846153846156,0.6410256410256411,-0.9564550518658387,52.2,Carson Whisenhunt
687931,SL,57,-0.33210140331494564,83.32105263157895,-0.11263157894736842,-0.133859649122807,0.07017543859649122,0.5087719298245614,-0.5826340409034134,71.5,Carson Whisenhunt
688138,CH,163,-0.7831326027995147,87.32208588957056,-1.4922699386503069,0.16539877300613498,0.08588957055214724,0.5337423312883436,-0.4804494495702544,76.8,Logan Evans
688138,CU,131,-0.7660649161575487,81.60687022900764,0.9538167938931298,-0.8493893129770992,0.0916030534351145,0.6183206106870229,-0.5847823787462203,71.4,Logan Evans
688138,FC,356,-0.2592092371020022,87.80842696629213,0.12162921348314606,0.21904494382022474,0.1151685393258427,0.6853932584269663,-0.0728115834556186,97.8,Logan Evans
688138,FF,147,-1.1243807399253896,92.81224489795918,-1.111156462585034,0.9458503401360544,0.06802721088435375,0.5918367346938775,-0.7648848570921017,62.1,Logan Evans
688138,SI,226,0.16216168010462337,92.9008849557522,-1.4750884955752213,0.44123893805309733,0.035398230088495575,0.6592920353982301,0.07175295579850592,105.2,Logan Evans
688138,ST,315,-0.09126930888421932,84.1215873015873,1.1935873015873018,-0.02365079365079365,0.10158730158730159,0.6063492063492063,-0.028974383772768036,100.0,Logan Evans
688158,CH,1,0.005340023396758576,91.9,-1.42,-0.29,0.0,0.0,0.5340023396758575,129.1,David Morgan
688158,CU,179,-0.6822062907789426,83.14860335195532,0.7924581005586592,-0.8255307262569833,0.2122905027932961,0.6145251396648045,-0.38112083283739806,81.9,David Morgan
688158,FF,281,-2.5831319052983677,97.85658362989324,-0.6452313167259787,1.288185053380783,0.1103202846975089,0.6120996441281139,-0.9192640232378533,54.2,David Morgan
688158,SI,165,0.350724225271766,96.87575757575758,-1.442060606060606,0.45036363636363635,0.05454545454545454,0.696969696969697,0.21256013652834302,112.5,David Morgan
688158,SL,140,-1.0626866352404403,87.97214285714286,0.3257857142857143,0.04292857142857143,0.1357142857142857,0.6357142857142857,-0.7590618823146003,62.4,David Morgan
688642,CU,2,0.0072532056096785286,82.19999999999999,1.3399999999999999,-0.6599999999999999,0.0,0.5,0.3626602804839264,120.2,Zach Agnos
688642,FC,176,-0.8798496571779536,92.66875,0.08164772727272727,0.6076136363636363,0.11363636363636363,0.6363636363636364,-0.49991457794201904,75.8,Zach Agnos
688642,FF,155,-0.921153221511151,95.82451612903225,-0.6795483870967742,1.2249032258064516,0.10967741935483871,0.5612903225806452,-0.5942924009749362,70.9,Zach Agnos
688642,FS,108,-0.354787859740975,86.7462962962963,-0.9041666666666667,0.16407407407407407,0.19444444444444445,0.5833333333333334,-0.3285072775379398,84.6,Zach Agnos
688642,ST,86,-0.6721449563540675,84.9906976744186,0.8265116279069767,-0.3824418604651163,0.19767441860465115,0.5348837209302325,-0.7815639027372877,61.3,Zach Agnos
689017,CH,194,-1.5499553149892606,84.54278350515463,-1.1122164948453608,0.6775257731958763,0.15463917525773196,0.5979381443298969,-0.7989460386542582,60.4,Landon Knack
689017,FF,361,0.8456899319945563,93.04432132963989,-0.5550415512465374,1.5827977839335179,0.07202216066481995,0.667590027700831,0.2342631390566638,113.6,Landon Knack
689017,KC,97,-0.377550571115481,80.1360824742268,0.6562886597938143,-1.2488659793814434,0.041237113402061855,0.5154639175257731,-0.38922739290255776,81.5,Landon Knack
689017,SL,91,-0.01880672576462027,85.28241758241758,0.3752747252747253,0.08175824175824176,0.0989010989010989,0.5164835164835165,-0.020666731609472824,100.5,Landon Knack
689147,FF,356,1.0362009234557326,97.5384831460674,-0.9499157303370787,1.3266573033707865,0.12359550561797752,0.6601123595505618,0.29106767512801474,116.5,Orion Kerkering
689147,SI,202,0.6020995532523111,96.3920792079208,-1.4053960396039604,0.877871287128713,0.06435643564356436,0.6485148514851485,0.29806908576847085,116.9,Orion Kerkering
689147,ST,515,3.3933504069445726,86.77961165048544,1.1447766990291262,0.1513980582524272,0.10097087378640776,0.625242718446602,0.6589029916397229,135.5,Orion Kerkering
689225,CH,100,-0.41258415732779263,89.834,-1.1684999999999999,0.5184,0.12,0.54,-0.4125841573277927,80.3,Beau Brieske
689225,FF,197,-0.09920937158165222,95.69746192893402,-0.3770558375634518,1.5234517766497462,0.09644670050761421,0.6294416243654822,-0.05036008709728539,98.9,Beau Brieske
689225,SI,67,-0.10055693481695357,95.70149253731343,-1.0686567164179104,1.3119402985074629,0.04477611940298507,0.6268656716417911,-0.15008497733873669,93.8,Beau Brieske
689225,SL,41,-0.39038205269462073,87.97073170731707,0.2858536585365854,0.19170731707317074,0.0975609756097561,0.2926829268292683,-0.9521513480356604,52.5,Beau Brieske
689254,FC,500,0.15679346420464887,90.1876,-0.29242,0.853,0.128,0.618,0.03135869284092978,103.2,Mason Fluharty
689254,SI,1,-0.007515280253101244,91.6,1.01,0.98,0.0,0.0,-0.7515280253101244,62.8,Mason Fluharty
689254,ST,358,1.8830180899434321,81.65642458100558,-1.3730726256983241,0.17089385474860336,0.17597765363128492,0.6480446927374302,0.5259827066881095,128.7,Mason Fluharty
689266,CH,13,-0.13516753612264934,87.54615384615384,0.6184615384615384,0.5015384615384615,0.15384615384615385,0.46153846153846156,-1.0397502778665333,47.9,Dylan Dodd
689266,FC,289,-0.11916442589970955,86.89653979238754,0.1210726643598616,0.4484083044982699,0.18339100346020762,0.7058823529411765,-0.041233365363221294,99.4,Dylan Dodd
689266,SI,189,1.0056042779123446,93.78571428571429,0.9523809523809523,1.3277777777777777,0.1693121693121693,0.7248677248677249,0.532065755509177,129.0,Dylan Dodd
689266,SL,45,-0.7639848034580534,82.66444444444444,-0.028444444444444446,-0.024444444444444442,0.06666666666666667,0.3111111111111111,-1.6977440076845631,14.0,Dylan Dodd
689690,CH,189,-0.0015214605373587847,74.13121693121693,-1.7184656084656085,0.18253968253968253,0.1111111111111111,0.6825396825396826,-0.0008050055753221083,101.5,Alek Jacob
689690,FF,247,-1.9680085922211852,85.28663967611335,-1.1159109311740891,1.1087044534412955,0.10931174089068826,0.6356275303643725,-0.7967646122352977,60.5,Alek Jacob
689690,SI,86,-0.357207915928103,84.21511627906976,-1.5662790697674418,0.4102325581395349,0.046511627906976744,0.6976744186046512,-0.415358041776864,80.1,Alek Jacob
689690,ST,64,-0.15188885434929034,71.859375,1.18671875,0.5759375,0.078125,0.46875,-0.23732633492076616,89.3,Alek Jacob
690916,CH,19,-0.5051912930074004,89.2578947368421,-0.83,0.5268421052631579,0.15789473684210525,0.5263157894736842,-2.6589015421442124,-35.5,Richard Fitts
690916,CU,81,0.0201815851099141,82.95185185185186,0.49123456790123454,-0.7751851851851852,0.08641975308641975,0.5925925925925926,0.024915537172733454,102.8,Richard Fitts
690916,FF,285,1.7455136124714816,95.86666666666666,-0.20031578947368422,1.4189473684210525,0.11929824561403508,0.6631578947368421,0.6124609166566602,133.1,Richard Fitts
690916,SI,66,-0.7643842998772795,94.8409090909091,-1.0266666666666668,1.187121212121212,0.10606060606060606,0.696969696969697,-1.1581580301170902,41.8,Richard Fitts
690916,SL,206,1.1912600720626223,87.81601941747572,0.3562621359223301,0.03606796116504855,0.1407766990291262,0.6941747572815534,0.5782815883799137,131.4,Richard Fitts
690916,ST,78,0.23662008486958375,85.02820512820513,1.0574358974358975,0.10679487179487179,0.24358974358974358,0.6410256410256411,0.303359083166133,117.2,Richard Fitts
690925,FF,251,-1.100318018232171,96.47290836653387,-0.31119521912350595,1.4998804780876496,0.06374501992031872,0.5537848605577689,-0.438373712443096,78.9,Clayton Beeter
690925,SL,214,-0.6087062092497322,87.43177570093458,0.35257009345794393,-0.44018691588785047,0.24766355140186916,0.6355140186915887,-0.28444215385501503,86.9,Clayton Beeter
690928,CU,112,-0.0074893431197463264,78.65803571428572,0.5875892857142857,-0.9599107142857143,0.1875,0.6517857142857143,-0.0066869134997735065,101.2,Hunter Dobbins
690928,FF,377,1.1748427083114878,95.53527851458887,-0.17092838196286472,1.3127851458885942,0.05570291777188329,0.6843501326259946,0.31162936559986415,117.6,Hunter Dobbins
690928,FS,81,-0.39247288634937577,90.54567901234567,-1.0498765432098764,0.42185185185185187,0.08641975308641975,0.5061728395061729,-0.4845344275918219,76.6,Hunter Dobbins
690928,SI,13,-0.12114340537153243,94.97692307692309,-1.1923076923076923,0.8323076923076923,0.15384615384615385,0.6923076923076923,-0.931872349011788,53.5,Hunter Dobbins
690928,SL,252,1.5068813011759064,87.66507936507936,0.5298412698412699,0.0844047619047619,0.1388888888888889,0.6547619047619048,0.5979687703078993,132.4,Hunter Dobbins
690928,ST,96,0.03338633208584581,81.30416666666666,1.2283333333333333,0.0915625,0.09375,0.5833333333333334,0.034777429256089384,103.3,Hunter Dobbins
690953,CH,63,-0.6659707954195786,89.12857142857143,-0.8441269841269842,0.25873015873015875,0.1111111111111111,0.5079365079365079,-1.0570965006659978,47.0,Mick Abel
690953,CU,154,-0.5033756041647968,82.66168831168831,0.8176623376623376,-0.7981818181818182,0.15584415584415584,0.6103896103896104,-0.3268672754316862,84.7,Mick Abel
690953,FF,303,0.540218263962554,96.44158415841584,-0.6955445544554455,1.3493729372937293,0.13861386138613863,0.6633663366336634,0.17828985609325215,110.7,Mick Abel
690953,SI,95,0.47735953268552755,95.40842105263157,-1.2465263157894737,0.8275789473684211,0.06315789473684211,0.6736842105263158,0.5024837186163448,127.4,Mick Abel
690953,SL,83,0.03585025744320249,87.33734939759036,0.10433734939759036,0.09289156626506025,0.08433734939759036,0.7228915662650602,0.04319308125687047,103.8,Mick Abel
690953,ST,22,-0.08168938638731976,84.54545454545455,1.1795454545454545,-0.24863636363636363,0.22727272727272727,0.5909090909090909,-0.37131539266963526,82.4,Mick Abel
690986,CH,47,0.06660170826296413,86.30212765957447,1.1436170212765957,0.08042553191489363,0.14893617021276595,0.6382978723404256,0.1417057622616258,108.8,Kyle Harrison
690986,FC,22,-0.5451227708516906,86.80909090909091,-0.02681818181818182,0.4218181818181818,0.0,0.45454545454545453,-2.477830776598594,-26.2,Kyle Harrison
690986,FF,345,1.7050373692832803,94.64405797101449,1.1933913043478261,1.0362028985507246,0.14202898550724638,0.6985507246376812,0.4942137302270378,127.0,Kyle Harrison
690986,SI,12,0.09608992344610237,93.02499999999999,1.4033333333333333,0.6358333333333334,0.0,0.6666666666666666,0.8007493620508531,142.8,Kyle Harrison
690986,SV,161,-0.006534551328438342,82.22049689440993,-0.8596894409937887,-0.2375776397515528,0.13043478260869565,0.6211180124223602,-0.004058727533191517,101.3,Kyle Harrison
690990,CH,228,-3.085058946159475,87.9732456140351,-1.086798245614035,0.7098684210526316,0.2324561403508772,0.5263157894736842,-1.3530960290173135,31.8,Cade Horton
690990,CU,174,-0.26458772190522284,83.90057471264369,0.2575862068965517,-0.5560919540229885,0.11494252873563218,0.6264367816091954,-0.15206190914093268,93.7,Cade Horton
690990,FF,899,2.640127809337298,95.73804226918799,-0.010878754171301448,1.2048720800889878,0.06896551724137931,0.7074527252502781,0.29367383863596197,116.7,Cade Horton
690990,SI,98,-0.9129920899727784,95.08979591836734,-0.8763265306122449,0.9489795918367347,0.09183673469387756,0.5510204081632653,-0.9316245816048759,53.5,Cade Horton
690990,SL,2,-0.10250366818406462,83.15,0.49,0.27,0.0,0.0,-5.125183409203231,-162.7,Cade Horton
690990,ST,387,-0.36047848737125104,83.36072351421188,1.0563307493540053,-0.09449612403100775,0.2041343669250646,0.6666666666666666,-0.09314689596156357,96.7,Cade Horton
690997,CH,64,-0.4929781711997741,86.75625,-1.118125,-0.17875,0.15625,0.640625,-0.770278392499647,61.8,Nolan Mclean
690997,CU,117,0.09812452009324386,79.97094017094017,1.56,-1.1349572649572648,0.21367521367521367,0.48717948717948717,0.08386711119080673,105.9,Nolan Mclean
690997,FC,63,-0.07046330634962562,90.87142857142857,0.13841269841269843,0.4419047619047619,0.14285714285714285,0.6984126984126984,-0.11184651801527878,95.8,Nolan Mclean
690997,FF,98,-0.9389516683949563,95.79591836734694,-0.8191836734693878,1.1405102040816326,0.1326530612244898,0.5816326530612245,-0.958113947341792,52.1,Nolan Mclean
690997,SI,206,1.0715945787862733,94.75,-1.3416990291262134,0.19048543689320388,0.0825242718446602,0.7087378640776699,0.5201915431001326,128.4,Nolan Mclean
690997,ST,190,0.8602532040531404,85.33,1.3975263157894735,0.012736842105263158,0.07894736842105263,0.6578947368421053,0.45276484423849495,124.9,Nolan Mclean
691587,CH,131,-1.8138426104739398,89.68091603053436,-1.2509160305343512,0.6906106870229007,0.16793893129770993,0.2748091603053435,-1.3846126797510991,30.2,Eury Pérez
691587,CU,154,-0.541451638756667,79.87012987012987,0.8762987012987012,-0.617987012987013,0.09090909090909091,0.6428571428571429,-0.35159197321861496,83.4,Eury Pérez
691587,FC,16,-0.11044935735200875,84.0,0.138125,0.9450000000000001,0.125,0.6875,-0.6903084834500547,66.0,Eury Pérez
691587,FF,859,7.148768243218736,97.89348079161816,-0.8538649592549477,1.4724214202561117,0.12339930151338765,0.7229336437718277,0.8322198187681882,144.4,Eury Pérez
691587,SI,17,-0.2531848181777945,96.53529411764706,-1.3235294117647058,1.09,0.0,0.6470588235294118,-1.4893224598693793,24.8,Eury Pérez
691587,SL,366,-2.59110924593121,86.0844262295082,0.12672131147540985,0.31743169398907106,0.19398907103825136,0.587431693989071,-0.7079533458828442,65.0,Eury Pérez
691587,ST,130,-0.32970715252145033,82.77538461538461,0.8130769230769231,0.7296153846153846,0.18461538461538463,0.6307692307692307,-0.2536208865549618,88.5,Eury Pérez
691799,CU,132,1.431528022346568,85.23560606060606,0.24772727272727274,-1.1587121212121212,0.15151515151515152,0.6666666666666666,1.0844909260201274,157.4,Grant Taylor
691799,FC,102,0.9201885685855783,95.2607843137255,0.25450980392156863,0.5329411764705883,0.09803921568627451,0.6764705882352942,0.9021456554760572,148.0,Grant Taylor
691799,FF,338,1.4422987587693328,98.66775147928993,-0.04636094674556213,1.4031360946745561,0.15680473372781065,0.6627218934911243,0.42671560910335293,123.5,Grant Taylor
691799,SL,38,0.10497539443902058,89.97368421052632,0.42736842105263156,-0.16526315789473686,0.15789473684210525,0.5526315789473685,0.27625103799742257,115.8,Grant Taylor
693312,CH,1,-0.0708985905660965,92.6,-1.08,0.93,0.0,0.0,-7.08985905660965,-264.0,Kyle Nicolas
693312,CU,145,-0.631903848390611,83.79241379310345,0.6689655172413793,-1.019655172413793,0.1724137931034483,0.4896551724137931,-0.4357957575107662,79.1,Kyle Nicolas
693312,FF,330,0.0941161725082118,97.61,-0.5751515151515152,1.436,0.07575757575757576,0.6848484848484848,0.028520052275215698,103.0,Kyle Nicolas
693312,SI,2,0.04650981429248338,96.65,-0.94,1.165,0.0,1.0,2.325490714624169,221.4,Kyle Nicolas
693312,SL,174,-0.6047685187632406,90.40229885057471,0.3733333333333333,0.06718390804597701,0.23563218390804597,0.5862068965517241,-0.34756811423174744,83.6,Kyle Nicolas
693313,CU,29,-0.4474305587977519,85.09310344827585,0.8010344827586207,-0.7093103448275863,0.0,0.3103448275862069,-1.5428639958543169,22.0,Carson Seymour
693313,FC,62,-0.5217570066268251,93.49516129032257,-0.0632258064516129,0.6017741935483871,0.04838709677419355,0.5,-0.8415435590755244,58.2,Carson Seymour
693313,FF,136,-0.4680419837303337,96.81544117647059,-0.6714705882352942,1.2050735294117647,0.11764705882352941,0.6544117647058824,-0.3441485174487748,83.8,Carson Seymour
693313,SI,263,1.2366995567369985,96.06501901140683,-1.2633460076045626,0.5040304182509506,0.057034220532319393,0.6844106463878327,0.47022796834106406,125.8,Carson Seymour
693313,SL,131,-1.451371447108889,86.94732824427481,0.08473282442748091,-0.47900763358778625,0.19083969465648856,0.5725190839694656,-1.1079171351976251,44.4,Carson Seymour
693433,CH,193,-0.511187135887212,89.60725388601037,-1.351917098445596,0.3858031088082901,0.10362694300518134,0.5077720207253886,-0.2648638009778301,87.9,Bryan Woo
693433,FF,1284,3.026587546404067,95.71985981308411,-0.8119859813084112,1.2409267912772586,0.16510903426791276,0.706386292834891,0.2357155409972015,113.7,Bryan Woo
693433,SI,693,4.892443546052883,95.4125541125541,-1.382034632034632,0.5028715728715729,0.05483405483405483,0.7229437229437229,0.7059803096757407,137.9,Bryan Woo
693433,SL,299,0.21960918151161596,88.3705685618729,0.2546822742474917,0.41491638795986624,0.18729096989966554,0.6254180602006689,0.07344788679318259,105.3,Bryan Woo
693433,ST,245,-1.118211085140282,84.9,0.9334285714285714,0.32718367346938776,0.2163265306122449,0.5877551020408164,-0.45641268781236,78.0,Bryan Woo
693645,CU,186,0.48668119446868047,83.26397849462366,0.5849462365591398,-1.0561290322580645,0.10215053763440861,0.6075268817204301,0.26165655616595723,115.0,Cam Schlittler
693645,FC,247,0.4471233326200001,92.01578947368422,0.6115789473684211,0.4066396761133603,0.12955465587044535,0.6234817813765182,0.1810215921538462,110.9,Cam Schlittler
693645,FF,700,0.9110952797245968,97.994,-0.4952714285714286,1.3564285714285715,0.1457142857142857,0.6842857142857143,0.13015646853208526,108.3,Cam Schlittler
693645,SI,76,-0.15824702243289074,97.55526315789473,-1.0423684210526316,1.0019736842105265,0.10526315789473684,0.6578947368421053,-0.20821976635906678,90.8,Cam Schlittler
693645,SL,15,0.11610541668393065,90.03999999999999,0.7046666666666667,0.19133333333333333,0.06666666666666667,0.4666666666666667,0.7740361112262044,141.4,Cam Schlittler
693645,ST,29,0.2897025819631953,87.88620689655171,0.8668965517241379,0.67,0.06896551724137931,0.7241379310344828,0.9989744205627424,153.0,Cam Schlittler
693821,CH,263,-1.2100218352974632,86.60342205323194,-0.9865399239543725,0.39057034220532316,0.08745247148288973,0.5665399239543726,-0.4600843480218491,77.8,Bryce Elder
693821,FF,309,-1.7131570940119556,92.79029126213592,-0.2968932038834951,1.272588996763754,0.08414239482200647,0.6019417475728155,-0.5544197715249047,73.0,Bryce Elder
693821,SI,1059,-3.8622341160797404,91.46874409820585,-1.2017091595845135,0.6846364494806421,0.06043437204910293,0.6109537299339,-0.36470577111234564,82.7,Bryce Elder
693821,SL,883,1.734859898442105,84.2682899207248,0.15493771234428086,-0.012412231030577576,0.16874292185730463,0.6749716874292185,0.1964733746820051,111.7,Bryce Elder
693855,CH,314,0.5009947751359435,83.55668789808917,1.2538216560509554,0.7404777070063694,0.1942675159235669,0.6496815286624203,0.1595524761579438,109.8,Ian Seymour
693855,CU,16,0.04326396426570848,74.41875,-0.60375,-1.01,0.0,0.5625,0.270399776660678,115.5,Ian Seymour
693855,FC,214,-0.5418131839557877,88.25420560747665,-0.035560747663551405,0.8207476635514018,0.08411214953271028,0.6588785046728972,-0.25318373082046153,88.5,Ian Seymour
693855,FF,317,-0.06100034832163473,91.59684542586751,0.5158359621451104,1.4438801261829652,0.12302839116719243,0.6813880126182965,-0.019243012088843763,100.5,Ian Seymour
693855,SI,54,-0.38367620484914294,90.67407407407407,1.103888888888889,0.9783333333333333,0.037037037037037035,0.5555555555555556,-0.7105114904613758,64.9,Ian Seymour
693855,SL,26,0.05468094690655883,82.71923076923076,-0.3646153846153846,-0.022692307692307696,0.19230769230769232,0.5769230769230769,0.2103113342559955,112.4,Ian Seymour
693855,ST,54,0.20025379605709626,81.00555555555556,-0.9512962962962962,-0.2887037037037037,0.14814814814814814,0.6296296296296297,0.3708403630686968,120.7,Ian Seymour
694037,CU,3,0.03741532611519028,82.16666666666667,0.17333333333333334,0.14333333333333334,0.0,0.6666666666666666,1.2471775371730094,165.8,Daniel Palencia
694037,FF,602,1.8799629826717743,99.6016611295681,-0.9913621262458471,1.2830398671096346,0.11794019933554817,0.6445182724252492,0.3122862097461419,117.6,Daniel Palencia
694037,FS,39,-0.307524562568739,88.26410256410257,-0.8671794871794872,0.32769230769230767,0.15384615384615385,0.5384615384615384,-0.7885245194070232,60.9,Daniel Palencia
694037,SI,3,0.0057895858701629554,97.93333333333334,-1.2433333333333334,0.8366666666666666,0.0,1.0,0.19298619567209851,111.5,Daniel Palencia
694037,SL,194,-0.3134433624645617,88.52010309278351,0.1960824742268041,0.09010309278350516,0.211340206185567,0.7216494845360825,-0.16156874353843387,93.2,Daniel Palencia
694297,CH,457,-0.03004481643226009,87.30568927789933,-1.3398687089715537,0.3493654266958424,0.14660831509846828,0.6280087527352297,-0.00657435808145735,101.2,Brandon Pfaadt
694297,CU,285,-0.7440557855370618,82.03684210526316,0.8840350877192982,-0.6918596491228071,0.14385964912280702,0.5824561403508772,-0.2610722054516006,88.1,Brandon Pfaadt
694297,FC,267,1.2870019699388995,89.75955056179775,0.18801498127340824,0.5610861423220974,0.0599250936329588,0.7228464419475655,0.4820232097149436,126.4,Brandon Pfaadt
694297,FF,682,0.21802633986292058,93.61363636363636,-0.5014369501466276,1.2940029325513196,0.09824046920821114,0.6392961876832844,0.03196867153415258,103.2,Brandon Pfaadt
694297,SI,685,4.180868759764143,93.13591240875913,-1.2653284671532847,0.5745693430656934,0.051094890510948905,0.7094890510948905,0.6103458043451304,133.0,Brandon Pfaadt
694297,ST,542,0.8013600051631551,84.74778597785978,0.8719557195571956,0.4321033210332103,0.16974169741697417,0.6162361623616236,0.1478523994765969,109.2,Brandon Pfaadt
694335,FC,158,-1.8162898644766585,92.2006329113924,0.14924050632911393,0.5437341772151899,0.10759493670886076,0.5632911392405063,-1.1495505471371257,42.3,Matt Svanson
694335,FF,13,0.060198522070534055,96.5,-0.7523076923076922,1.0092307692307692,0.07692307692307693,0.6153846153846154,0.4630655543887235,125.4,Matt Svanson
694335,SI,457,1.159674734639161,96.84595185995623,-1.2814442013129104,0.8059080962800875,0.087527352297593,0.6958424507658644,0.2537581476234488,114.6,Matt Svanson
694335,ST,336,0.9048095591415294,87.15238095238095,0.8335416666666666,0.23190476190476192,0.11904761904761904,0.5952380952380952,0.2692885592683123,115.4,Matt Svanson
694350,CH,102,-0.7069256054953001,88.28235294117647,-1.3736274509803923,0.777843137254902,0.2549019607843137,0.5980392156862745,-0.6930643191130393,65.8,Zach Brzykcy
694350,CU,112,-0.1792056101481329,83.12321428571428,0.42750000000000005,-0.9059821428571428,0.11607142857142858,0.5625,-0.16000500906083295,93.3,Zach Brzykcy
694350,FF,245,-0.6924581069014135,94.69714285714285,-0.5778775510204082,1.5868979591836736,0.09795918367346938,0.6448979591836734,-0.28263596200057695,87.0,Zach Brzykcy
694462,CU,113,-0.5949706559642717,82.66017699115045,0.5908849557522123,-1.0830973451327435,0.10619469026548672,0.504424778761062,-0.5265227043931607,74.4,Hurston Waldrep
694462,FC,185,-0.554766272909927,93.06594594594596,0.1051891891891892,0.7600540540540541,0.04864864864864865,0.654054054054054,-0.29987366103239294,86.1,Hurston Waldrep
694462,FF,23,-0.1510779019025004,95.22608695652173,-0.34347826086956523,1.1395652173913045,0.13043478260869565,0.6086956521739131,-0.6568604430543495,67.7,Hurston Waldrep
694462,FS,279,-1.9999650473010164,86.7573476702509,-0.5232974910394266,0.1653763440860215,0.22939068100358423,0.5734767025089605,-0.7168333502871027,64.6,Hurston Waldrep
694462,SI,162,-0.36660858155900117,95.92037037037038,-1.055246913580247,0.9071604938271606,0.07407407407407407,0.6481481481481481,-0.22630159355493898,89.9,Hurston Waldrep
694462,SL,100,-0.01612476748724774,87.179,0.1592,-0.1066,0.12,0.67,-0.01612476748724774,100.7,Hurston Waldrep
694477,CH,134,-1.3951525848500297,88.69850746268656,-1.0377611940298508,0.32365671641791044,0.06716417910447761,0.44029850746268656,-1.0411586454104698,47.9,Chad Patrick
694477,FC,829,-1.6232985510721367,87.93449939686369,0.31447527141133896,1.0269601930036187,0.15319662243667068,0.6875753920386007,-0.19581405923668718,91.4,Chad Patrick
694477,FF,447,-2.303531077077709,94.2241610738255,-0.5940939597315437,1.3803131991051454,0.1319910514541387,0.6510067114093959,-0.5153313371538499,75.0,Chad Patrick
694477,SI,462,0.018260984755524068,94.10800865800866,-1.2805411255411256,0.9194588744588745,0.05194805194805195,0.6623376623376623,0.003952594102927288,101.7,Chad Patrick
694477,SL,106,-0.06393143790484362,84.18962264150943,0.7037735849056603,0.47632075471698115,0.12264150943396226,0.5188679245283019,-0.0603126772687204,98.4,Chad Patrick
694477,SV,32,-0.6474864466231272,85.81875,0.4390625,-0.305625,0.15625,0.5,-2.0233951456972723,-2.8,Chad Patrick
694738,CH,315,-0.1328814633831857,86.63047619047619,-1.3311746031746032,-0.19498412698412698,0.14285714285714285,0.5587301587301587,-0.042184591550217684,99.4,Landen Roupp
694738,CU,660,1.4250573941399307,76.71848484848485,1.5493333333333332,-0.5479848484848485,0.16818181818181818,0.656060606060606,0.21591778699089859,112.7,Landen Roupp
694738,FC,124,-0.9382835954669673,90.32499999999999,-0.22379032258064516,0.6862903225806452,0.13709677419354838,0.5806451612903226,-0.7566803189249736,62.5,Landen Roupp
694738,FF,13,0.05563422203798653,93.0923076923077,-1.0938461538461537,0.7961538461538461,0.15384615384615385,0.5384615384615384,0.42795555413835795,123.6,Landen Roupp
694738,SI,739,1.3589503904877578,92.75602165087956,-1.4953044654939107,0.253978349120433,0.03924221921515562,0.645466847090663,0.18389044526221351,111.0,Landen Roupp
694819,CH,69,-0.43611130613948096,92.26376811594203,-1.387391304347826,0.4549275362318841,0.2028985507246377,0.5652173913043478,-0.6320453712166391,69.0,Jacob Misiorowski
694819,CU,170,0.47374998194699725,87.1029411764706,0.5318823529411765,-0.7551176470588236,0.1588235294117647,0.6647058823529411,0.2786764599688219,115.9,Jacob Misiorowski
694819,FF,642,2.7848719180447175,99.27289719626168,-0.7810747663551402,1.3261214953271028,0.16199376947040497,0.6666666666666666,0.4337806725926351,123.9,Jacob Misiorowski
694819,SL,283,1.1430060793388588,94.11554770318021,0.21830388692579505,0.5360777385159011,0.09540636042402827,0.6431095406360424,0.40388907397132817,122.4,Jacob Misiorowski
694973,CH,326,-0.7294639424402463,88.74601226993865,-1.3801840490797546,0.4498466257668712,0.2331288343558282,0.549079754601227,-0.22376194553381787,90.0,Paul Skenes
694973,CU,144,-0.4137456286218855,83.89236111111111,0.5125694444444444,-0.2127777777777778,0.1388888888888889,0.5347222222222222,-0.2873233532096427,86.7,Paul Skenes
694973,FF,1167,9.328084307514816,98.18766066838046,-1.1664610111396743,0.9665467009425879,0.155955441302485,0.6966580976863753,0.799321705871021,142.7,Paul Skenes
694973,FS,405,1.3085242112584436,93.67037037037036,-1.1175061728395062,-0.0019506172839506176,0.12098765432098765,0.6419753086419753,0.323092397841591,118.2,Paul Skenes
694973,SI,312,2.5255120799055084,97.59519230769232,-1.4592628205128206,0.5357051282051282,0.07692307692307693,0.6698717948717948,0.8094589999697142,143.3,Paul Skenes
694973,SL,168,-0.5707739695602322,85.25178571428572,0.27244047619047623,0.6321428571428571,0.1488095238095238,0.6428571428571429,-0.3397464104525192,84.0,Paul Skenes
694973,ST,475,0.9031036496406792,84.4522105263158,0.9527368421052632,0.47722105263157893,0.15157894736842106,0.6442105263157895,0.19012708413487983,111.3,Paul Skenes
695243,CH,22,-0.400592314109425,92.85454545454546,-1.2036363636363636,0.4622727272727273,0.22727272727272727,0.45454545454545453,-1.820874155042841,7.7,Mason Miller
695243,FF,507,0.4121113112024422,101.19388560157792,-0.7128994082840237,1.4047731755424064,0.20118343195266272,0.6351084812623274,0.08128428228845014,105.7,Mason Miller
695243,SL,443,-1.0259761794791071,87.80067720090292,0.7152595936794582,-0.13,0.2528216704288939,0.6704288939051919,-0.2315973317108594,89.6,Mason Miller
695418,CH,278,-0.5945767764136378,85.88920863309353,-1.4832374100719423,0.46672661870503596,0.09352517985611511,0.5935251798561151,-0.213876538278287,90.5,Brad Lord
695418,FF,1032,1.6211881477465062,94.75436046511628,-1.2990116279069768,0.8747480620155039,0.12887596899224807,0.685077519379845,0.15709187478163822,109.6,Brad Lord
695418,SI,384,2.3564551388339936,94.34713541666667,-1.51953125,0.40153645833333335,0.049479166666666664,0.6744791666666666,0.6136601924046858,133.2,Brad Lord
695418,SL,430,-1.6234786559528185,85.52744186046512,0.06530232558139536,0.046604651162790695,0.11162790697674418,0.5697674418604651,-0.37755317580298103,82.1,Brad Lord
695418,ST,3,-0.3820891878119167,82.3,0.6,-0.3133333333333333,0.0,0.0,-12.736306260397223,-555.0,Brad Lord
695445,CH,36,0.057611223367408496,85.83055555555556,-1.0658333333333332,-0.4036111111111111,0.05555555555555555,0.5277777777777778,0.16003117602057917,109.8,Chase Lee
695445,FF,126,-1.677542861514673,89.45793650793651,-0.3658730158730159,0.5102380952380953,0.14285714285714285,0.6031746031746031,-1.3313832234243437,32.9,Chase Lee
695445,SI,229,0.4303006413549392,88.90873362445414,-0.7671179039301309,-0.08480349344978166,0.06550218340611354,0.7379912663755459,0.1879042101986634,111.2,Chase Lee
695445,ST,209,-0.043307307398418045,79.86507177033492,1.5860765550239235,0.42311004784689,0.10047846889952153,0.5741626794258373,-0.020721199712161742,100.5,Chase Lee
695505,CH,43,-0.11631141352888529,91.16511627906976,-1.166046511627907,0.5472093023255814,0.16279069767441862,0.6046511627906976,-0.27049165936950065,87.6,Chase Burns
695505,CU,13,-0.14706638067872735,84.98461538461538,0.2976923076923077,-0.3584615384615385,0.07692307692307693,0.46153846153846156,-1.131279851374826,43.2,Chase Burns
695505,FF,442,4.554691213307637,98.68144796380089,-0.29228506787330316,1.5095701357466065,0.1334841628959276,0.6764705882352942,1.0304731251827233,154.7,Chase Burns
695505,SI,8,-0.05921882353757324,100.125,-1.0125,1.23625,0.0,0.5,-0.7402352942196655,63.4,Chase Burns
695505,SL,258,0.37756456848975023,90.85116279069767,0.4208527131782946,0.11050387596899225,0.2364341085271318,0.6356589147286822,0.14634285600377916,109.1,Chase Burns
695549,CH,148,-0.9007565079993204,85.28175675675676,-1.3525675675675677,0.5742567567567567,0.17567567567567569,0.527027027027027,-0.6086192621617029,70.2,Jackson Jobe
695549,CU,69,-0.4627363538500839,81.57246376811594,0.8702898550724637,-0.8810144927536232,0.08695652173913043,0.5797101449275363,-0.6706323968841795,67.0,Jackson Jobe
695549,FF,272,0.25733423337686473,96.47536764705882,-0.6208088235294118,1.481470588235294,0.0625,0.6029411764705882,0.09460817403561203,106.4,Jackson Jobe
695549,SI,116,-0.5633720901876283,95.23965517241379,-1.349655172413793,0.8238793103448276,0.1206896551724138,0.6120689655172413,-0.48566559498933476,76.5,Jackson Jobe
695549,SL,268,1.5002051396841547,88.8660447761194,0.49809701492537317,0.1303731343283582,0.11940298507462686,0.667910447761194,0.5597780371955802,130.4,Jackson Jobe
695549,ST,4,-0.05703749515393212,81.7,1.33,-0.375,0.0,0.25,-1.425937378848303,28.0,Jackson Jobe
696149,CH,104,-0.37365375022695585,91.73461538461538,-1.3933653846153846,0.5654807692307693,0.18269230769230768,0.5576923076923077,-0.3592824521413037,83.0,Bubba Chandler
696149,CU,28,-0.1363558059183751,85.35714285714286,0.15142857142857144,-0.23500000000000001,0.03571428571428571,0.6071428571428571,-0.48698502113705394,76.4,Bubba Chandler
696149,FF,249,1.5762606759000921,98.88273092369478,-0.7401204819277108,1.442570281124498,0.1646586345381526,0.6907630522088354,0.6330364160241334,134.2,Bubba Chandler
696149,SL,80,0.47623128190336483,89.03875000000001,0.1655,0.087,0.1125,0.6875,0.5952891023792061,132.2,Bubba Chandler
700241,CH,147,-0.4415194835730169,88.02789115646259,-1.2319727891156462,0.2214965986394558,0.1564625850340136,0.564625850340136,-0.30035339018572577,86.1,Michael Mcgreevy
700241,CU,177,-0.5816053712824744,79.58926553672316,0.9358757062146893,-1.0058757062146892,0.062146892655367235,0.4519774011299435,-0.3285906052443358,84.6,Michael Mcgreevy
700241,FC,144,0.6170713768319358,88.62291666666667,0.07583333333333334,0.5438194444444444,0.08333333333333333,0.7222222222222222,0.42852178946662206,123.6,Michael Mcgreevy
700241,FF,373,-1.0458205686004953,92.98230563002681,-0.7969973190348526,1.107372654155496,0.10455764075067024,0.613941018766756,-0.2803808494907494,87.1,Michael Mcgreevy
700241,SI,325,2.915829715066152,91.744,-1.1416307692307692,0.3585846153846154,0.036923076923076927,0.7784615384615384,0.8971783738665082,147.8,Michael Mcgreevy
700241,SL,3,-0.01595979954130254,83.96666666666667,0.4633333333333334,-0.17666666666666667,0.0,0.0,-0.531993318043418,74.1,Michael Mcgreevy
700241,ST,296,1.0590968441497426,83.70945945945945,1.0642905405405405,0.010304054054054055,0.10810810810810811,0.543918918918919,0.35780298788842657,120.0,Michael Mcgreevy
700249,CH,296,-2.87904271047602,83.63310810810812,0.9096621621621621,0.31043918918918917,0.15202702702702703,0.4966216216216216,-0.9726495643500067,51.4,Cade Povich
700249,CU,430,1.3187239477408839,78.86999999999999,-0.8153488372093024,-1.205813953488372,0.13953488372093023,0.6651162790697674,0.3066799878467172,117.4,Cade Povich
700249,FC,33,-0.25817528334351497,91.4969696969697,0.10212121212121213,1.248181818181818,0.06060606060606061,0.6060606060606061,-0.7823493434651968,61.2,Cade Povich
700249,FF,733,1.1814612987511481,92.22755798090041,0.8738608458390177,1.4470395634379265,0.08321964529331514,0.6616643929058663,0.16118162329483604,109.9,Cade Povich
700249,SI,242,0.4150616478515081,91.88801652892563,1.311694214876033,1.0153305785123967,0.08677685950413223,0.6735537190082644,0.17151307762459014,110.4,Cade Povich
700249,SL,34,-0.18293941391118132,83.91764705882352,-0.19470588235294117,0.5614705882352942,0.20588235294117646,0.7058823529411765,-0.5380570997387686,73.8,Cade Povich
700249,ST,203,-0.05038000187609462,82.68669950738916,-0.8627093596059113,-0.024285714285714285,0.08866995073891626,0.5369458128078818,-0.02481773491433233,100.3,Cade Povich
700363,CU,108,-0.6700129007415138,77.30555555555556,0.7294444444444445,-0.9174074074074073,0.10185185185185185,0.5555555555555556,-0.6203823155014017,69.6,Aj Smith-shawver
700363,FF,332,-0.6114104575164423,95.5972891566265,-0.7694578313253012,1.3408734939759037,0.0783132530120482,0.677710843373494,-0.18415977636037417,92.0,Aj Smith-shawver
700363,FS,241,-1.7224644436893037,83.1883817427386,-0.8493360995850622,0.6106224066390041,0.2157676348547718,0.6016597510373444,-0.714715536800541,64.7,Aj Smith-shawver
700363,SL,30,-0.4872647653756348,86.93333333333334,0.121,0.7033333333333334,0.0,0.6666666666666666,-1.6242158845854493,17.8,Aj Smith-shawver
700669,CH,20,0.13398452110869696,86.185,-1.274,0.937,0.0,0.7,0.6699226055434848,136.1,Gordon Graceffo
700669,CU,195,-0.08297163810134042,83.37641025641025,0.1358974358974359,-1.3154871794871794,0.1282051282051282,0.517948717948718,-0.042549558000687396,99.3,Gordon Graceffo
700669,FC,171,0.24648529494410684,89.39239766081872,0.17678362573099415,0.2543859649122807,0.14035087719298245,0.6549707602339181,0.144143447335735,109.0,Gordon Graceffo
700669,FF,329,0.3492997319228373,95.73617021276596,-0.4469604863221885,1.3396352583586626,0.0911854103343465,0.7142857142857143,0.10617013128353717,107.0,Gordon Graceffo
700669,SI,11,-0.10710536571857632,95.25454545454545,-1.1072727272727272,1.02,0.0,0.36363636363636365,-0.9736851428961484,51.3,Gordon Graceffo
700669,SL,30,-0.06012082006002801,88.24333333333334,0.04466666666666666,0.062000000000000006,0.16666666666666666,0.6,-0.20040273353342672,91.2,Gordon Graceffo
701487,CH,205,1.1569046762394268,81.07951219512195,-1.1082439024390245,0.41624390243902437,0.2,0.7073170731707317,0.5643437445070375,130.6,Pierson Ohl
701487,CU,32,-0.17522627994819692,77.925,0.1453125,-0.8884375,0.0625,0.59375,-0.5475821248381154,73.3,Pierson Ohl
701487,FC,64,-0.4102887978625657,85.2875,0.1240625,0.6946875,0.109375,0.546875,-0.641076246660259,68.5,Pierson Ohl
701487,FF,238,1.8584292138732814,91.88319327731092,-0.7792857142857142,1.5301680672268907,0.037815126050420166,0.6596638655462185,0.7808526108711267,141.8,Pierson Ohl
701519,CH,111,-1.099917597978771,87.38108108108108,-1.2745045045045045,0.4040540540540541,0.13513513513513514,0.5225225225225225,-0.9909167549358296,50.5,Travis Adams
701519,CU,27,-0.14968420708173588,79.07777777777777,0.6851851851851852,-0.754074074074074,0.07407407407407407,0.5555555555555556,-0.5543859521545773,73.0,Travis Adams
701519,FC,123,0.1471632547661642,90.8349593495935,0.4060162601626016,0.6729268292682926,0.10569105691056911,0.6910569105691057,0.11964492257411725,107.7,Travis Adams
701519,FF,195,-0.7838241537239816,94.7651282051282,-0.44,1.274051282051282,0.13333333333333333,0.676923076923077,-0.40196110447383676,80.8,Travis Adams
701519,SI,74,0.25942079846975763,94.09054054054054,-1.1452702702702702,0.5774324324324325,0.0945945945945946,0.7027027027027027,0.35056864658075354,119.6,Travis Adams
701519,SL,133,-0.8218679255774105,85.62330827067669,0.43105263157894735,-0.008796992481203006,0.12030075187969924,0.49624060150375937,-0.6179458087048199,69.7,Travis Adams
701542,CH,275,-1.4204656363002928,87.01163636363637,-1.2143272727272727,0.04585454545454546,0.13818181818181818,0.4727272727272727,-0.516532958654652,74.9,Will Warren
701542,CU,196,-1.3507248512220116,80.15612244897959,1.0534183673469388,-0.9283673469387755,0.12755102040816327,0.45408163265306123,-0.6891453322561284,66.0,Will Warren
701542,FF,1165,-1.6722549937084212,93.27819742489271,-0.6596223175965665,1.28668669527897,0.1072961373390558,0.6575107296137339,-0.14354120117668853,94.1,Will Warren
701542,SI,588,1.9202874773496386,93.19676870748299,-1.3460884353741496,0.3506802721088435,0.05612244897959184,0.6700680272108843,0.3265795029506188,118.4,Will Warren
701542,ST,578,0.11971770037851964,82.71384083044983,1.626522491349481,0.016730103806228372,0.12802768166089964,0.6124567474048442,0.020712404909778485,102.6,Will Warren
701581,CH,256,-0.8317252313354774,87.76171875,-1.0616796875,0.6108203125,0.23046875,0.5703125,-0.32489266849042087,84.8,David Festa
701581,FF,278,0.8604439850950623,94.11402877697842,-0.24618705035971222,1.527158273381295,0.07553956834532374,0.6870503597122302,0.30951222485433894,117.5,David Festa
701581,SI,112,-0.2316292310955384,93.9375,-1.0219642857142857,1.2190178571428572,0.0625,0.7053571428571429,-0.2068118134781593,90.9,David Festa
701581,SL,236,0.8978449825461867,87.55550847457627,0.135,0.24042372881355933,0.15677966101694915,0.6398305084745762,0.3804427892144859,121.2,David Festa
701656,CH,164,0.2874329672983523,81.85,-1.564390243902439,0.4405487804878049,0.14634146341463414,0.6219512195121951,0.17526400445021484,110.6,Logan Henderson
701656,FC,32,0.014902314266475421,87.61875,0.06125,0.970625,0.15625,0.71875,0.04656973208273569,103.9,Logan Henderson
701656,FF,200,0.6608546636823187,92.9375,-0.91565,1.42655,0.16,0.715,0.33042733184115936,118.6,Logan Henderson
701656,SL,14,0.0007808328544590751,83.29285714285713,-0.03928571428571429,-0.14857142857142858,0.07142857142857142,0.6428571428571429,0.005577377531850536,101.8,Logan Henderson
702070,CH,402,-1.3548853984685034,81.28308457711442,0.9038805970149254,0.9339303482587065,0.2064676616915423,0.5845771144278606,-0.33703616877325954,84.2,Noah Cameron
702070,CU,417,-0.4590977434829894,80.91247002398082,-0.2862110311750599,-0.8914868105515588,0.12949640287769784,0.6163069544364509,-0.11009538213021329,95.9,Noah Cameron
702070,FC,468,0.6385801096253438,88.1542735042735,-0.3145299145299145,0.5362393162393163,0.11752136752136752,0.6623931623931624,0.13644874137293672,108.6,Noah Cameron
702070,FF,571,-0.36052375414618504,92.33555166374781,0.37287215411558666,1.400647985989492,0.05253940455341506,0.5936952714535902,-0.06313901123400789,98.3,Noah Cameron
702070,SL,306,1.4346957943926044,84.1421568627451,-0.24647058823529414,-0.09637254901960784,0.16339869281045752,0.6993464052287581,0.46885483476882495,125.7,Noah Cameron
702352,CH,198,-1.0149348754375085,88.47929292929294,-0.9515656565656565,0.19550505050505051,0.12121212121212122,0.5959595959595959,-0.512593371433085,75.1,Spencer Bivens
702352,FC,352,-2.411860617793254,90.99772727272727,0.12215909090909091,0.8535795454545454,0.08522727272727272,0.6420454545454546,-0.6851876755094471,66.2,Spencer Bivens
702352,FF,81,-0.8401813318019865,95.20987654320987,-0.6253086419753087,1.1474074074074074,0.12345679012345678,0.5802469135802469,-1.0372609034592426,48.1,Spencer Bivens
702352,SI,486,2.574323398166041,94.79567901234567,-1.3309053497942387,0.545761316872428,0.03292181069958848,0.7283950617283951,0.5296961724621484,128.8,Spencer Bivens
702352,ST,108,0.06142034179381457,83.13981481481481,1.0518518518518518,0.3080555555555556,0.1388888888888889,0.6296296296296297,0.056870686846124605,104.5,Spencer Bivens
702352,SV,69,-0.0055500908681818985,79.86376811594204,0.45855072463768115,-0.40855072463768116,0.18840579710144928,0.7681159420289855,-0.008043609953886808,101.1,Spencer Bivens
702674,CH,109,-0.9984719929655413,87.04495412844037,-1.1378899082568807,0.5014678899082569,0.23853211009174313,0.5137614678899083,-0.9160293513445333,54.3,Caden Dana
702674,CU,45,-0.5325155343128685,78.96222222222222,0.8344444444444444,-1.2224444444444444,0.17777777777777778,0.5111111111111111,-1.1833678540285966,40.5,Caden Dana
702674,FF,253,-1.8776789423378828,94.89169960474308,-0.8918181818181818,1.3253754940711462,0.05928853754940711,0.6007905138339921,-0.7421655898568706,63.3,Caden Dana
702674,SL,155,-0.142088246491238,85.55354838709677,0.43432258064516127,-0.03993548387096774,0.11612903225806452,0.6580645161290323,-0.09166983644596,96.8,Caden Dana
800048,CH,146,-0.08109772963630806,84.58150684931506,1.2127397260273973,0.22767123287671234,0.1643835616438356,0.5958904109589042,-0.055546390161854836,98.7,Parker Messick
800048,CU,79,0.20981624076625607,77.13417721518988,-1.2077215189873418,-0.4920253164556962,0.08860759493670886,0.6075949367088608,0.2655901781851343,115.2,Parker Messick
800048,FF,225,1.2631167315045668,92.82311111111112,0.3481777777777778,1.3892444444444443,0.1288888888888889,0.6933333333333334,0.5613852140020298,130.5,Parker Messick
800048,SI,84,0.8701916992469914,91.43095238095238,1.0339285714285713,0.8746428571428572,0.07142857142857142,0.7619047619047619,1.0359424991035613,154.9,Parker Messick
800048,SL,91,0.8127145411639884,86.34945054945055,-0.5803296703296703,0.42604395604395606,0.0989010989010989,0.6373626373626373,0.8930929023780093,147.6,Parker Messick
800049,CH,41,-0.5236322561313139,89.26829268292683,-0.9158536585365853,0.7202439024390244,0.04878048780487805,0.5365853658536586,-1.277151844222717,35.7,Adam Mazur
800049,CU,53,-0.11419680440797736,82.4377358490566,0.32,-0.8022641509433963,0.05660377358490566,0.5660377358490566,-0.2154656686942969,90.4,Adam Mazur
800049,FF,117,-0.20084986139057937,94.80085470085471,-0.32564102564102565,1.55,0.06837606837606838,0.6752136752136753,-0.17166654819707639,92.7,Adam Mazur
800049,SI,78,0.09266955621633294,94.34487179487179,-1.1325641025641027,1.0928205128205128,0.0641025641025641,0.7564102564102564,0.118807123354273,107.7,Adam Mazur
800049,SL,140,0.11087537288006727,87.02714285714285,0.18828571428571428,0.15492857142857144,0.21428571428571427,0.7142857142857143,0.07919669491433377,105.6,Adam Mazur
800049,ST,60,-0.032799687143723236,83.51833333333335,1.2318333333333333,-0.38683333333333336,0.06666666666666667,0.55,-0.05466614523953873,98.7,Adam Mazur
801403,CH,138,-1.1925381190904216,89.28985507246377,-1.30768115942029,0.3827536231884058,0.09420289855072464,0.4855072463768116,-0.8641580573118998,57.0,Chase Dollander
801403,CU,379,-3.827850780478545,79.20290237467019,1.1662532981530342,-0.6146965699208443,0.16094986807387862,0.5408970976253298,-1.0099870133188773,49.5,Chase Dollander
801403,FF,867,-1.3622356545923617,97.9515570934256,-0.9557093425605536,1.0328373702422147,0.09688581314878893,0.6620530565167243,-0.15712060606601636,93.4,Chase Dollander
801403,SI,175,0.6079765121543009,97.18171428571428,-1.2944,0.40697142857142854,0.08,0.68,0.3474151498024577,119.5,Chase Dollander
801403,SL,219,-0.3626579023198437,89.64246575342466,0.3547945205479452,0.30611872146118724,0.0867579908675799,0.5570776255707762,-0.1655972156711615,93.0,Chase Dollander
805123,CH,98,0.34750380282523313,86.39489795918368,-1.4474489795918366,0.596734693877551,0.16326530612244897,0.5816326530612245,0.3545957171686052,119.8,Aj Blubaugh
805123,CU,17,-0.13679191420891734,78.25294117647059,0.8323529411764706,-1.0947058823529412,0.058823529411764705,0.47058823529411764,-0.8046583188759844,60.1,Aj Blubaugh
805123,FC,6,-0.08839723149452,86.35000000000001,0.255,0.84,0.0,0.5,-1.4732871915753334,25.6,Aj Blubaugh
805123,FF,278,1.0418578678949142,94.61762589928058,-0.9778776978417267,1.4847841726618705,0.13309352517985612,0.6474820143884892,0.3747690172283864,120.9,Aj Blubaugh
805123,ST,108,0.09028817812640144,81.78518518518518,1.2767592592592591,0.10268518518518518,0.17592592592592593,0.6296296296296297,0.08360016493185318,105.9,Aj Blubaugh
805673,CH,143,-0.631477011981446,87.49160839160838,-1.0855944055944056,0.566013986013986,0.1048951048951049,0.5594405594405595,-0.44159231607094124,78.8,Zebby Matthews
805673,CU,78,-0.3257852384978042,82.83846153846153,0.23961538461538462,-0.6306410256410256,0.11538461538461539,0.48717948717948717,-0.4176733826894926,80.0,Zebby Matthews
805673,FC,175,-0.646586492475288,91.70971428571428,0.1550857142857143,0.8894857142857142,0.13142857142857142,0.7028571428571428,-0.36947799570016454,82.5,Zebby Matthews
805673,FF,557,4.8437424788639225,96.24649910233394,-0.7533931777378815,1.3867684021543984,0.11669658886894076,0.7001795332136446,0.869612653296934,146.4,Zebby Matthews
805673,SI,58,0.3694368364988112,95.80172413793103,-1.2798275862068966,1.0829310344827587,0.034482758620689655,0.7068965517241379,0.6369600629289848,134.4,Zebby Matthews
805673,SL,342,0.8703238443421208,88.25994152046783,0.1926900584795322,0.11956140350877194,0.2222222222222222,0.652046783625731,0.2544806562403862,114.7,Zebby Matthews
806185,CH,201,-1.6999833618279814,88.72089552238806,-0.9907462686567163,-0.0021393034825870653,0.17412935323383086,0.527363184079602,-0.8457628665810852,57.9,Hayden Birdsong
806185,CU,155,-2.117934500945672,80.30903225806452,0.32051612903225807,-1.0530967741935484,0.11612903225806452,0.5483870967741935,-1.3664093554488208,31.1,Hayden Birdsong
806185,FF,527,-2.010271770610681,95.51081593927893,-0.5011954459203036,1.5047438330170777,0.09108159392789374,0.5863377609108159,-0.3814557439488958,81.9,Hayden Birdsong
806185,SL,291,-2.223240949955286,88.92439862542955,0.16274914089347078,0.5919931271477663,0.15463917525773196,0.6597938144329897,-0.7640003264451155,62.2,Hayden Birdsong
806185,SV,20,-0.23461546647182926,84.655,0.191,-0.27999999999999997,0.1,0.55,-1.1730773323591464,41.1,Hayden Birdsong
806188,CH,132,-0.06315776980538185,84.85909090909091,1.2733333333333332,0.17674242424242426,0.07575757575757576,0.6742424242424242,-0.04784679530710746,99.1,Cade Gibson
806188,CU,259,-0.5591499290481059,78.81891891891891,-1.0647490347490347,-1.3508108108108108,0.15444015444015444,0.6177606177606177,-0.21588800349347717,90.4,Cade Gibson
806188,FF,86,-0.8330644602255296,91.93488372093023,0.7206976744186047,1.041860465116279,0.05813953488372093,0.46511627906976744,-0.9686796049134065,51.6,Cade Gibson
806188,SI,215,0.5859602847797359,91.62093023255814,1.3734418604651164,0.6714883720930233,0.03255813953488372,0.6604651162790698,0.27253966733941204,115.6,Cade Gibson
806188,SL,87,0.9143871163797822,85.40689655172413,-0.25275862068965516,0.3844827586206897,0.06896551724137931,0.6896551724137931,1.0510196739997497,155.7,Cade Gibson
806188,ST,129,-0.7245063720907778,79.64031007751939,-1.328139534883721,-0.08155038759689923,0.13953488372093023,0.5658914728682171,-0.5616328465819984,72.6,Cade Gibson
806960,CH,107,-0.8431656022487807,89.7766355140187,-1.246448598130841,0.8801869158878506,0.11214953271028037,0.5887850467289719,-0.788005235746524,60.9,Luis Morales
806960,FF,423,0.33611617737841243,97.23427895981087,-0.6418203309692672,1.3389598108747045,0.07328605200945626,0.6312056737588653,0.07946008921475471,105.6,Luis Morales
806960,SI,7,0.1736457193960636,98.47142857142856,-1.1600000000000001,1.0157142857142858,0.0,0.8571428571428571,2.48065313422948,229.4,Luis Morales
806960,SL,64,0.4702501238791895,85.9046875,0.77125,0.1903125,0.1875,0.625,0.7347658185612336,139.4,Luis Morales
806960,ST,220,-0.45647920580204093,82.2990909090909,1.6218636363636363,-0.23336363636363636,0.13636363636363635,0.55,-0.20749054809183679,90.8,Luis Morales
808963,FF,273,-1.061553987040611,95.87435897435898,-0.8746886446886447,1.196043956043956,0.054945054945054944,0.7142857142857143,-0.3888476143005901,81.5,Roki Sasaki
808963,FO,193,-1.4459681937823166,84.92953367875648,-0.07243523316062177,-0.3137823834196891,0.16062176165803108,0.5284974093264249,-0.7492063180219256,62.9,Roki Sasaki
808963,SI,2,0.006484192943797706,98.69999999999999,-1.245,0.77,0.5,1.0,0.3242096471898853,118.3,Roki Sasaki
808963,ST,97,-1.0156425969855962,81.9278350515464,0.9743298969072165,-0.1948453608247423,0.07216494845360824,0.4536082474226804,-1.0470542236964908,47.6,Roki Sasaki
808967,CU,482,1.3445165520256497,76.78589211618258,0.9984647302904565,-1.340850622406639,0.15767634854771784,0.6493775933609959,0.2789453427439107,115.9,Yoshinobu Yamamoto
808967,FC,310,1.9280330929898193,91.12838709677419,0.28896774193548386,0.6510645161290323,0.12258064516129032,0.7161290322580646,0.621946159028974,133.6,Yoshinobu Yamamoto
808967,FF,954,3.3066008806597615,95.33731656184487,-0.5739832285115305,1.3302620545073374,0.07756813417190776,0.6635220125786163,0.3466038658972496,119.4,Yoshinobu Yamamoto
808967,FS,681,-0.06426220570119233,90.8769456681351,-0.9341850220264316,0.16447870778267254,0.2173274596182085,0.5756240822320118,-0.009436447239528977,101.1,Yoshinobu Yamamoto
808967,SI,213,-1.348777172613362,94.76103286384976,-1.127887323943662,0.9966197183098592,0.07981220657276995,0.5868544600938967,-0.6332287195367896,68.9,Yoshinobu Yamamoto
808967,SL,76,0.7702414379621169,86.32894736842105,0.48973684210526314,0.060789473684210525,0.17105263157894737,0.6973684210526315,1.0134755762659433,153.8,Yoshinobu Yamamoto
808967,ST,1,0.02186334657355904,84.2,1.24,-0.73,0.0,1.0,2.186334657355904,214.3,Yoshinobu Yamamoto
815083,CH,108,-1.028218114156769,77.62407407407407,1.1235185185185186,-0.09379629629629631,0.2037037037037037,0.5648148148148148,-0.9520538094044159,52.5,Mitch Farris
815083,FF,202,-1.3469982322273621,90.29752475247524,0.8093564356435644,1.3119801980198018,0.1188118811881188,0.6386138613861386,-0.6668308080333476,67.2,Mitch Farris
815083,SL,95,0.4117429181247464,81.54736842105264,-0.1896842105263158,0.0708421052631579,0.11578947368421053,0.6842105263157895,0.43341359802604884,123.9,Mitch Farris
820862,CH,2,-0.048159488198951675,93.1,-1.225,0.49,0.0,0.5,-2.4079744099475837,-22.6,José Fermin
820862,FF,304,0.9801911259888025,96.82269736842105,-0.725625,1.4459210526315789,0.11842105263157894,0.6546052631578947,0.32243129144368504,118.2,José Fermin
820862,SI,22,0.11702626093194107,96.59545454545454,-1.2781818181818183,1.1618181818181819,0.0,0.7272727272727273,0.5319375496906412,129.0,José Fermin
820862,SL,317,-1.9884261698547037,89.61482649842272,-0.019558359621451103,0.1417981072555205,0.19242902208201892,0.5899053627760252,-0.6272637759794017,69.2,José Fermin
829272,CH,150,0.8166197291306116,80.65333333333334,1.2298,0.6624666666666666,0.14666666666666667,0.7,0.5444131527537411,129.6,Shinnosuke Ogasawara
829272,FF,261,0.03505571515281388,91.08927203065134,0.5828735632183908,1.3605747126436782,0.05747126436781609,0.6704980842911877,0.013431308487668154,102.2,Shinnosuke Ogasawara
829272,KC,129,-0.3622106820437844,72.33410852713179,-0.594108527131783,-1.6549612403100775,0.09302325581395349,0.5193798449612403,-0.2807834744525461,87.1,Shinnosuke Ogasawara
829272,SI,6,-0.08974019793192975,90.36666666666667,1.2733333333333334,1.0616666666666668,0.0,0.5,-1.4956699655321626,24.4,Shinnosuke Ogasawara
829272,SL,125,-0.47310103909117396,81.62480000000001,-0.21,0.25624,0.184,0.568,-0.3784808312729392,82.0,Shinnosuke Ogasawara
829272,ST,3,-0.05304450200372193,76.53333333333335,-1.0533333333333335,-0.8866666666666667,0.0,0.3333333333333333,-1.7681500667907313,10.4,Shinnosuke Ogasawara
